dataset,dataset_label,player,player_key,signal,target,horizon,n,pearson_r,spearman_r,slope_pp_per_unit,hac_t,hac_p,bucket_n,bucket_top_n,bucket_bottom_n,bucket_top_avg,bucket_bottom_avg,bucket_top_minus_bottom,bucket_top_hit,bucket_bottom_hit,bucket_top_avg_drawdown,bucket_bottom_avg_drawdown,abs_spearman,top_minus_bottom_abs,evidence
tff,TFF Detailed,Dealer / Intermediary,dealer,net_z,S&P 500,1w,487,0.016467912222420257,0.054965741540735094,0.018059296887595607,0.35219673694514697,0.7246907239176961,487,146,146,0.24842727865846323,0.22904940467735443,0.019377873981108795,62.328767123287676,61.64383561643836,-1.5055119976950107,-1.0484773946197274,0.054965741540735094,0.019377873981108795,none
tff,TFF Detailed,Dealer / Intermediary,dealer,net_z,S&P 500,4w,484,0.051478696570383585,0.08209733300805383,0.10970412551255113,0.6770369121846019,0.4983825347647239,484,145,145,1.344485605901575,0.42608968213882736,0.9183959237627477,69.6551724137931,64.82758620689654,-3.0902987585773363,-2.9528141840520017,0.08209733300805383,0.9183959237627477,none
tff,TFF Detailed,Dealer / Intermediary,dealer,net_z,S&P 500,13w,475,0.07054212695029187,0.08329763351043283,0.24655238617432687,0.5544773003407755,0.57925223653822,475,143,143,4.25205464991623,2.132549234372491,2.119505415543739,74.82517482517483,70.62937062937063,-5.055768143495475,-6.624150612581789,0.08329763351043283,2.119505415543739,weak/mixed
tff,TFF Detailed,Dealer / Intermediary,dealer,net_z,S&P 500,26w,462,-0.044272083689632064,-0.04691425570536153,-0.20097762979612624,-0.2679922582635222,0.7887052778586356,462,139,139,7.316123417650618,8.407718749270646,-1.0915953316200282,74.82014388489209,83.45323741007195,-6.67428356828904,-8.443638473374572,0.04691425570536153,1.0915953316200282,none
tff,TFF Detailed,Dealer / Intermediary,dealer,net_z,NASDAQ-100,1w,487,0.022069905477068472,0.05253874570029012,0.03173890099757374,0.49135709300040453,0.6231739057679258,487,146,146,0.41898481568907286,0.4134906816024826,0.005494134086590274,61.64383561643836,58.21917808219178,-1.8545734292661482,-1.38434874664465,0.05253874570029012,0.005494134086590274,none
tff,TFF Detailed,Dealer / Intermediary,dealer,net_z,NASDAQ-100,4w,484,0.06047090066070411,0.09414713887229269,0.1628274302893095,0.7789560104848658,0.4360056280568188,484,145,145,2.0619678280264844,0.9500668268566611,1.1119010011698234,68.96551724137932,62.06896551724138,-3.7107233065578007,-3.5839224118236324,0.09414713887229269,1.1119010011698234,none
tff,TFF Detailed,Dealer / Intermediary,dealer,net_z,NASDAQ-100,13w,475,0.08904747789196678,0.11579630386465047,0.41692772749866486,0.6575425259460272,0.5108321363079343,475,143,143,6.585545707280405,3.6003732827637878,2.985172424516617,74.82517482517483,67.13286713286713,-5.9801798589769595,-7.296966358928111,0.11579630386465047,2.985172424516617,weak/mixed
tff,TFF Detailed,Dealer / Intermediary,dealer,net_z,NASDAQ-100,26w,462,0.019769510998214244,0.020630891997017845,0.12426826687626405,0.12810400196379976,0.8980666690362811,462,139,139,11.56851177379946,11.973698715096656,-0.4051869412971971,71.22302158273382,92.80575539568345,-7.634086072067946,-9.254087008852268,0.020630891997017845,0.4051869412971971,none
tff,TFF Detailed,Dealer / Intermediary,dealer,flow1_z,S&P 500,1w,486,-0.011008170393820866,0.03346361384282028,-0.013366932773851037,-0.25067323160974464,0.802066758087036,486,146,146,0.26877791203942925,0.10508204398374543,0.1636958680556838,60.273972602739725,56.16438356164384,-1.2613686914389377,-1.1906665090313615,0.03346361384282028,0.1636958680556838,none
tff,TFF Detailed,Dealer / Intermediary,dealer,flow1_z,S&P 500,4w,483,-0.03615500330112903,-0.0011955472733194018,-0.08576706513625962,-0.8231752756639976,0.4104083266903258,483,145,145,0.8525070902185502,0.8933495046580349,-0.040842414439484664,68.96551724137932,67.58620689655173,-2.996595120541161,-2.7646733486320043,0.0011955472733194018,0.040842414439484664,none
tff,TFF Detailed,Dealer / Intermediary,dealer,flow1_z,S&P 500,13w,474,0.007687049951398126,0.014002842361610937,0.030328841495773407,0.14906766036575317,0.8815002440211266,474,142,142,3.4512168878548,3.2973648519450482,0.15385203590975172,73.94366197183099,77.46478873239437,-5.267742290108751,-4.847483405155991,0.014002842361610937,0.15385203590975172,none
tff,TFF Detailed,Dealer / Intermediary,dealer,flow1_z,S&P 500,26w,461,0.00449796705232954,0.03890628846773334,0.023878536140646122,0.09078458547733928,0.9276637584747054,461,139,139,7.435234497875797,6.114060995324383,1.3211735025514137,78.41726618705036,75.53956834532374,-6.970418191958953,-7.394891368432634,0.03890628846773334,1.3211735025514137,none
tff,TFF Detailed,Dealer / Intermediary,dealer,flow1_z,NASDAQ-100,1w,486,-0.029770040835840648,-0.007319281855152638,-0.04740409826786681,-0.7067493693085165,0.4797222435315085,486,146,146,0.2570688553352086,0.2818408116054986,-0.024771956270289996,56.16438356164384,59.589041095890416,-1.6690521719060305,-1.4992187681614102,0.007319281855152638,0.024771956270289996,none
tff,TFF Detailed,Dealer / Intermediary,dealer,flow1_z,NASDAQ-100,4w,483,-0.0310722483735045,-0.0222280630494102,-0.09309465116069005,-0.7716340771913139,0.44033118522891035,483,145,145,1.1719030791961746,1.4003300045474987,-0.22842692535132403,60.689655172413794,65.51724137931035,-3.7180994930608353,-3.5148459810480137,0.0222280630494102,0.22842692535132403,none
tff,TFF Detailed,Dealer / Intermediary,dealer,flow1_z,NASDAQ-100,13w,474,0.0022190315249846744,0.00844296895797446,0.01172741223684982,0.03998536816182019,0.9681047914796522,474,142,142,4.743801947551399,4.931737047338298,-0.18793509978689915,69.71830985915493,78.16901408450704,-6.527691990809173,-5.845868882409623,0.00844296895797446,0.18793509978689915,none
tff,TFF Detailed,Dealer / Intermediary,dealer,flow1_z,NASDAQ-100,26w,461,-0.00026200004715627706,0.02498288281557168,-0.0019260220794659283,-0.004858159303374979,0.9961237649455528,461,139,139,10.485826947602263,9.367093945180596,1.118733002421667,79.13669064748201,81.29496402877699,-8.394655824609892,-8.15695365745579,0.02498288281557168,1.118733002421667,none
tff,TFF Detailed,Dealer / Intermediary,dealer,flow4_z,S&P 500,1w,483,-0.04042478363482271,-0.03438077019826318,-0.05171745701812797,-0.813446318027121,0.4159622124851373,483,145,145,0.3021198596245394,0.5229073981297312,-0.22078753850519178,62.06896551724138,68.27586206896552,-1.3774366293700624,-0.8238227803035444,0.03438077019826318,0.22078753850519178,none
tff,TFF Detailed,Dealer / Intermediary,dealer,flow4_z,S&P 500,4w,480,0.017046126841732307,0.007683410084245156,0.04247957943107569,0.27268742465498064,0.7850935021654027,480,144,144,1.7184809861498838,1.3081508700502542,0.41033011609962955,73.61111111111111,70.13888888888889,-2.5159702863359903,-2.2642621736413227,0.007683410084245156,0.41033011609962955,none
tff,TFF Detailed,Dealer / Intermediary,dealer,flow4_z,S&P 500,13w,471,0.06690418676440975,0.01925574408364553,0.27533904111130497,0.6370050566391531,0.5241215498550065,471,142,142,4.100429694755582,3.0997800894942475,1.0006496052613345,76.05633802816901,78.16901408450704,-5.068430524532729,-4.798068295684746,0.01925574408364553,1.0006496052613345,none
tff,TFF Detailed,Dealer / Intermediary,dealer,flow4_z,S&P 500,26w,458,0.01954849881323955,-0.026002583452104305,0.10631115216496016,0.18655805457151373,0.852007156864246,458,138,138,7.871958746450877,7.309828831022577,0.5621299154282999,82.6086956521739,78.98550724637681,-6.317996729351434,-7.11090508657707,0.026002583452104305,0.5621299154282999,none
tff,TFF Detailed,Dealer / Intermediary,dealer,flow4_z,NASDAQ-100,1w,483,-0.03108526445224935,-0.026221846970375003,-0.052117949862988844,-0.7231141730475056,0.46960974245701675,483,145,145,0.43842682794403554,0.656799250482107,-0.21837242253807143,59.310344827586206,64.82758620689654,-1.71830658618794,-1.2058540845685877,0.026221846970375003,0.21837242253807143,none
tff,TFF Detailed,Dealer / Intermediary,dealer,flow4_z,NASDAQ-100,4w,480,0.02731393447806731,0.008379810676261614,0.08586104136747663,0.42717623052060016,0.6692509727489986,480,144,144,2.3432093733271726,1.713560493271683,0.6296488800554896,69.44444444444444,68.75,-3.1692041724289215,-3.1132977977337757,0.008379810676261614,0.6296488800554896,none
tff,TFF Detailed,Dealer / Intermediary,dealer,flow4_z,NASDAQ-100,13w,471,0.05770625702994047,0.038421333100576306,0.3181030478747674,0.5390859765487759,0.589827531408786,471,142,142,5.905290312682703,4.702623846140914,1.202666466541789,72.53521126760563,74.64788732394366,-6.446121798233911,-5.603770272569081,0.038421333100576306,1.202666466541789,none
tff,TFF Detailed,Dealer / Intermediary,dealer,flow4_z,NASDAQ-100,26w,458,0.005456606094835919,-0.05413289570906254,0.041096011781862,0.052004583333771996,0.9585250413855053,458,138,138,11.207824125288148,11.444030700154,-0.23620657486585195,77.53623188405797,86.95652173913044,-7.748841566317713,-7.686824389841627,0.05413289570906254,0.23620657486585195,none
tff,TFF Detailed,Dealer / Intermediary,dealer,trend13_z,S&P 500,1w,474,0.03252481687321034,0.031071097069888583,0.04017462625643045,0.7100280991119224,0.47768671151649816,474,142,142,0.23395555637687018,0.28161997214347445,-0.04766441576660427,63.38028169014085,61.97183098591549,-1.4412324514474097,-1.035520679736858,0.031071097069888583,0.04766441576660427,none
tff,TFF Detailed,Dealer / Intermediary,dealer,trend13_z,S&P 500,4w,471,0.10818854343498388,0.09534811340473767,0.2597049566921739,1.3618333741375979,0.17325047643591154,471,142,142,1.3753131327690427,0.7018691494413509,0.6734439833276917,70.4225352112676,71.12676056338029,-3.0232468481847596,-2.743760487525516,0.09534811340473767,0.6734439833276917,weak/mixed
tff,TFF Detailed,Dealer / Intermediary,dealer,trend13_z,S&P 500,13w,462,0.22343398947887355,0.1913269098091275,0.8808338412525333,1.7023588804744625,0.08868811331691986,462,139,139,4.609146377622183,1.5128224870089326,3.0963238906132506,73.38129496402878,68.34532374100719,-5.434459799864962,-6.151188257069126,0.1913269098091275,3.0963238906132506,tentative
tff,TFF Detailed,Dealer / Intermediary,dealer,trend13_z,S&P 500,26w,449,-0.0260927965979443,-0.08259558277654046,-0.13324832407059525,-0.1557795234732921,0.8762068114640862,449,135,135,6.038763171255019,7.884808125508833,-1.8460449542538138,70.37037037037037,81.48148148148148,-7.717200998346955,-8.04980552263033,0.08259558277654046,1.8460449542538138,weak/mixed
tff,TFF Detailed,Dealer / Intermediary,dealer,trend13_z,NASDAQ-100,1w,474,0.02502319725986629,0.023369846458949853,0.04045827631868341,0.5807280475119405,0.5614237554470614,474,142,142,0.41470645104470943,0.47408701662589026,-0.05938056558118082,63.38028169014085,62.676056338028175,-1.7225719762137566,-1.3902944549151408,0.023369846458949853,0.05938056558118082,none
tff,TFF Detailed,Dealer / Intermediary,dealer,trend13_z,NASDAQ-100,4w,471,0.10227280378450437,0.09751769221404766,0.30953203846103694,1.3064603546368017,0.1913960526970696,471,142,142,2.152108195700675,1.3377081456255975,0.8144000500750774,71.12676056338029,69.01408450704226,-3.5750640355239978,-3.255485572016153,0.09751769221404766,0.8144000500750774,weak/mixed
tff,TFF Detailed,Dealer / Intermediary,dealer,trend13_z,NASDAQ-100,13w,462,0.19924469818648144,0.18937584297422755,1.0520140450382516,1.5374813133985676,0.12417548762604422,462,139,139,6.895271940587724,3.463435701441542,3.4318362391461825,71.22302158273382,71.94244604316546,-6.523091952862941,-6.354329117900944,0.18937584297422755,3.4318362391461825,weak/mixed
tff,TFF Detailed,Dealer / Intermediary,dealer,trend13_z,NASDAQ-100,26w,449,-0.04930129579998644,-0.10913564534945379,-0.3491720390991141,-0.3073627753422291,0.7585672586714763,449,135,135,9.461980272157463,13.0909568074256,-3.628976535268137,69.62962962962963,94.07407407407408,-8.593261725708395,-8.139485925362449,0.10913564534945379,3.628976535268137,weak/mixed
tff,TFF Detailed,Dealer / Intermediary,dealer,trend26_z,S&P 500,1w,461,0.04667564101090459,0.06663220774321409,0.055045826791629664,1.0138743196049136,0.3106427266154306,461,139,139,0.39936843864228516,0.2978357156065654,0.10153272303571975,65.46762589928058,61.87050359712231,-1.216552669895415,-1.0389346480314934,0.06663220774321409,0.10153272303571975,none
tff,TFF Detailed,Dealer / Intermediary,dealer,trend26_z,S&P 500,4w,458,0.09400356642131867,0.0718187319200977,0.21537336346630495,1.1550226698661534,0.2480811431434251,458,138,138,1.6533099535867086,0.8232016109480477,0.830108342638661,74.63768115942028,73.18840579710145,-2.5022746194583676,-2.7246471594942125,0.0718187319200977,0.830108342638661,none
tff,TFF Detailed,Dealer / Intermediary,dealer,trend26_z,S&P 500,13w,449,0.014697326122818986,-0.016787702831689465,0.055042202987813364,0.10800277618007981,0.9139934900203719,449,135,135,3.8304634561240416,3.150560626284983,0.6799028298390586,74.07407407407408,77.03703703703704,-4.668924338623899,-5.443241778425865,0.016787702831689465,0.6799028298390586,none
tff,TFF Detailed,Dealer / Intermediary,dealer,trend26_z,S&P 500,26w,436,-0.15452039494734462,-0.19040349453472202,-0.7508574404874307,-0.8606016851459782,0.3894574575096785,436,131,131,5.8984493881998565,9.634625894101628,-3.7361765059017715,67.93893129770993,85.49618320610686,-6.960057024595874,-6.997850403821693,0.19040349453472202,3.7361765059017715,weak/mixed
tff,TFF Detailed,Dealer / Intermediary,dealer,trend26_z,NASDAQ-100,1w,461,0.038535316818347994,0.05513705383553541,0.05941887616883009,0.8756533946924416,0.3812184887555623,461,139,139,0.46649430654046087,0.4994277755625522,-0.03293346902209132,66.18705035971223,59.71223021582733,-1.5984007027148988,-1.3666521420908448,0.05513705383553541,0.03293346902209132,none
tff,TFF Detailed,Dealer / Intermediary,dealer,trend26_z,NASDAQ-100,4w,458,0.07458155676197212,0.06283616775488793,0.21540121285104408,0.9998579962768749,0.3173792342298057,458,138,138,2.236918642502102,1.5301863685419896,0.7067322739601123,73.18840579710145,68.11594202898551,-3.2502813412234204,-3.263251238157823,0.06283616775488793,0.7067322739601123,none
tff,TFF Detailed,Dealer / Intermediary,dealer,trend26_z,NASDAQ-100,13w,449,-0.010371185210071006,-0.011071958850355284,-0.052104283402962644,-0.08076912972783835,0.9356255587432889,449,135,135,4.940729669584111,4.685277015579949,0.25545265400416195,69.62962962962963,73.33333333333333,-5.847446322907318,-5.897645372838912,0.011071958850355284,0.25545265400416195,none
tff,TFF Detailed,Dealer / Intermediary,dealer,trend26_z,NASDAQ-100,26w,436,-0.14641079272321064,-0.17965739486606286,-0.9870282552469757,-0.8979036488012716,0.3692369192281709,436,131,131,8.032797908623516,13.545782108957077,-5.512984200333561,64.8854961832061,94.65648854961832,-8.04048867347627,-7.595938523217334,0.17965739486606286,5.512984200333561,weak/mixed
tff,TFF Detailed,Dealer / Intermediary,dealer,net_raw_bn,S&P 500,1w,538,-0.011289975208198442,0.04615015788496832,-0.00022831376688527648,-0.28028740759077814,0.7792570110431146,538,162,162,0.3358870830100802,0.35946680391526703,-0.02357972090518684,62.34567901234568,61.111111111111114,-1.1631491320367193,-0.9437836056640168,0.04615015788496832,0.02357972090518684,none
tff,TFF Detailed,Dealer / Intermediary,dealer,net_raw_bn,S&P 500,4w,535,-0.01662918315170424,0.06804758628364008,-0.0006588835622649774,-0.25882812408784517,0.795767857214317,535,161,161,1.2898194117005446,1.41065391307702,-0.12083450137647533,70.1863354037267,70.1863354037267,-2.5350832975145776,-2.1879345030132504,0.06804758628364008,0.12083450137647533,none
tff,TFF Detailed,Dealer / Intermediary,dealer,net_raw_bn,S&P 500,13w,526,-0.055283189332687645,0.05285952379234534,-0.0037107030830587926,-0.5169692579925582,0.6051776190683422,526,158,158,4.081205676712246,4.655542518896477,-0.5743368421842314,78.48101265822784,82.91139240506328,-4.054833204289575,-4.126208881178557,0.05285952379234534,0.5743368421842314,none
tff,TFF Detailed,Dealer / Intermediary,dealer,net_raw_bn,S&P 500,26w,513,-0.10593751538376221,0.0007737480658520492,-0.009684133720719553,-0.7896607808817757,0.4297259013996668,513,154,154,8.310226227166947,9.197797870046534,-0.8875716428795872,85.71428571428571,87.01298701298701,-4.6708489757538985,-6.914200769939374,0.0007737480658520492,0.8875716428795872,none
tff,TFF Detailed,Dealer / Intermediary,dealer,net_raw_bn,NASDAQ-100,1w,538,-0.0030988639500052714,0.049546169095681485,-8.213591255848714e-05,-0.07473245179516355,0.9404275870612352,538,162,162,0.46358532194656427,0.45794748945978525,0.005637832486779015,62.34567901234568,58.64197530864198,-1.5452315836864854,-1.3442591492725564,0.049546169095681485,0.005637832486779015,none
tff,TFF Detailed,Dealer / Intermediary,dealer,net_raw_bn,NASDAQ-100,4w,535,0.0052437664871191276,0.09446454067998764,0.0002624333732947801,0.07438628905596292,0.9407030183251032,535,161,161,1.9013587278380675,1.7909964653572554,0.11036226248081205,70.1863354037267,67.08074534161491,-3.207663141952985,-2.9890401921777707,0.09446454067998764,0.11036226248081205,none
tff,TFF Detailed,Dealer / Intermediary,dealer,net_raw_bn,NASDAQ-100,13w,526,-0.00400717693678006,0.11753693799364467,-0.00036062918193561935,-0.035335476238109564,0.9718122350375616,526,158,158,6.6181257519194645,5.848143578587951,0.7699821733315133,80.37974683544303,75.9493670886076,-4.830560733165166,-5.491846029621212,0.11753693799364467,0.7699821733315133,none
tff,TFF Detailed,Dealer / Intermediary,dealer,net_raw_bn,NASDAQ-100,26w,513,-0.03249692132633621,0.08648814552187864,-0.004120847255824668,-0.25118602661456374,0.8016702874581934,513,154,154,13.116556133297776,12.02983617883898,1.086719954458795,81.81818181818183,92.20779220779221,-5.5283350232239705,-8.060070732499947,0.08648814552187864,1.086719954458795,none
tff,TFF Detailed,Dealer / Intermediary,dealer,trend13_raw_bn,S&P 500,1w,525,0.00620065357978196,0.02172383910171621,0.0004793324996647559,0.15893687415182248,0.8737186085616315,525,158,158,0.19855608765950408,0.2786794343893002,-0.08012334672979612,62.65822784810127,60.75949367088608,-1.4712546922271832,-0.9374104924736033,0.02172383910171621,0.08012334672979612,none
tff,TFF Detailed,Dealer / Intermediary,dealer,trend13_raw_bn,S&P 500,4w,522,0.05196754475651412,0.08532182604579655,0.00781307552726371,0.7839965011245,0.43304216335104884,522,157,157,1.5960553991746358,0.785783727920389,0.8102716712542468,72.61146496815286,71.3375796178344,-2.977389795412655,-2.4584180854203748,0.08532182604579655,0.8102716712542468,none
tff,TFF Detailed,Dealer / Intermediary,dealer,trend13_raw_bn,S&P 500,13w,513,0.13064793314015477,0.1475353124217808,0.03234052247171661,1.3660675668786941,0.17191775700319795,513,154,154,4.668051093108361,2.372732026524558,2.295319066583803,74.67532467532467,77.27272727272727,-5.231837478804264,-5.127573572619963,0.1475353124217808,2.295319066583803,weak/mixed
tff,TFF Detailed,Dealer / Intermediary,dealer,trend13_raw_bn,S&P 500,26w,500,0.00583466791254603,-0.07810111240444963,0.0018863765775508816,0.042805800153845205,0.9658563403751624,500,150,150,6.554368240980843,8.139999900442119,-1.585631659461276,71.33333333333334,83.33333333333334,-7.508565554885894,-6.900845845811543,0.07810111240444963,1.585631659461276,weak/mixed
tff,TFF Detailed,Dealer / Intermediary,dealer,trend13_raw_bn,NASDAQ-100,1w,525,0.0012194589661222394,0.009691297875781085,0.00012367794568704792,0.030578269987278597,0.9756058720829754,525,158,158,0.30056720711559837,0.49485556987899926,-0.1942883627634009,62.65822784810127,60.12658227848101,-1.8021443406259876,-1.2873358365285736,0.009691297875781085,0.1942883627634009,none
tff,TFF Detailed,Dealer / Intermediary,dealer,trend13_raw_bn,NASDAQ-100,4w,522,0.06328323217050216,0.08309074728314803,0.012010815660076132,0.9283156801626224,0.3532438427321734,522,157,157,2.250966327394083,1.3284471139200924,0.9225192134739906,73.88535031847134,66.87898089171973,-3.608252214827342,-3.057774905251746,0.08309074728314803,0.9225192134739906,none
tff,TFF Detailed,Dealer / Intermediary,dealer,trend13_raw_bn,NASDAQ-100,13w,513,0.1551414921669917,0.1601703827906342,0.051525898752190526,1.6563500682752912,0.09765094656893805,513,154,154,6.781272090031529,3.860971472225167,2.920300617806362,70.77922077922078,72.72727272727273,-6.393461960287016,-5.806394360685735,0.1601703827906342,2.920300617806362,tentative
tff,TFF Detailed,Dealer / Intermediary,dealer,trend13_raw_bn,NASDAQ-100,26w,500,0.025018432354778505,-0.04453486613946455,0.011223283165634585,0.20262770489185167,0.8394260338084152,500,150,150,9.938481613124944,12.406603150538114,-2.46812153741317,70.0,92.66666666666666,-8.474212445438157,-7.522900580602743,0.04453486613946455,2.46812153741317,weak/mixed
tff,TFF Detailed,Dealer / Intermediary,dealer,trend26_raw_bn,S&P 500,1w,512,0.02071890951482706,0.053745504600542456,0.0010971348788969134,0.5084967647819154,0.6111050073740761,512,154,154,0.28568361289125516,0.2004044783263143,0.08527913456494085,62.33766233766234,57.7922077922078,-1.3371095527968146,-0.9962932643333067,0.053745504600542456,0.08527913456494085,none
tff,TFF Detailed,Dealer / Intermediary,dealer,trend26_raw_bn,S&P 500,4w,509,0.044899242857072065,0.065560167107853,0.004627174249001941,0.7091925696696387,0.47820498383012583,509,153,153,1.4455813721031956,0.4932501071161441,0.9523312649870515,71.24183006535948,66.66666666666666,-2.76786817554592,-2.8594310751580734,0.065560167107853,0.9523312649870515,none
tff,TFF Detailed,Dealer / Intermediary,dealer,trend26_raw_bn,S&P 500,13w,500,-0.001235883330149802,-0.008682082728330912,-0.000208902402396154,-0.010502850668247387,0.9916200916721066,500,150,150,3.509026453682396,3.9056069502990507,-0.3965804966166546,72.0,79.33333333333333,-5.036243577084042,-4.897972699377019,0.008682082728330912,0.3965804966166546,none
tff,TFF Detailed,Dealer / Intermediary,dealer,trend26_raw_bn,S&P 500,26w,487,-0.08617401545177084,-0.18622559341918415,-0.018953372843755156,-0.5089885880710902,0.6107602232244027,487,146,146,5.732095897570831,9.824664956446922,-4.092569058876091,67.8082191780822,90.41095890410958,-7.490222381281877,-6.51107494176759,0.18622559341918415,4.092569058876091,weak/mixed
tff,TFF Detailed,Dealer / Intermediary,dealer,trend26_raw_bn,NASDAQ-100,1w,512,0.021740422659663847,0.0364628931060528,0.0015106128972417901,0.5373515981985476,0.5910247701740348,512,154,154,0.3381564127068866,0.3184461039149224,0.019710308791964226,62.33766233766234,55.1948051948052,-1.788417277410239,-1.3633416811895835,0.0364628931060528,0.019710308791964226,none
tff,TFF Detailed,Dealer / Intermediary,dealer,trend26_raw_bn,NASDAQ-100,4w,509,0.04996642127817555,0.04427648323689114,0.006512568522413999,0.779659785587544,0.4355911553659136,509,153,153,1.7985173037210238,0.9771413764688126,0.8213759272522112,68.62745098039215,61.43790849673203,-3.7043838295616003,-3.5289836558121994,0.04427648323689114,0.8213759272522112,none
tff,TFF Detailed,Dealer / Intermediary,dealer,trend26_raw_bn,NASDAQ-100,13w,500,0.016826098609740943,-0.0061713846855387415,0.003819423762234224,0.15894881706594483,0.8737091991034277,500,150,150,4.259195073736671,5.226444121871532,-0.9672490481348612,68.0,74.66666666666667,-6.601631659509344,-6.012864041188852,0.0061713846855387415,0.9672490481348612,none
tff,TFF Detailed,Dealer / Intermediary,dealer,trend26_raw_bn,NASDAQ-100,26w,487,-0.03800110438740019,-0.1425585772484932,-0.011593736282143094,-0.2704888068188405,0.7867842269694407,487,146,146,7.925549192852984,12.885075231502917,-4.9595260386499325,66.43835616438356,94.52054794520548,-8.781495246110127,-7.826498861481109,0.1425585772484932,4.9595260386499325,weak/mixed
tff,TFF Detailed,Asset Manager / Institutional,asset_mgr,net_z,S&P 500,1w,487,0.008239164291549063,-0.037471735264623586,0.010316549061168157,0.17422494879345396,0.8616886790770713,487,146,146,0.3039590639915882,0.22499631922049046,0.07896274477109771,63.013698630136986,60.95890410958904,-0.852827387384909,-1.5869489402109205,0.037471735264623586,0.07896274477109771,none
tff,TFF Detailed,Asset Manager / Institutional,asset_mgr,net_z,S&P 500,4w,484,-0.005925014026548729,-0.04754079708645537,-0.014413255276440558,-0.08299138267600059,0.9338583916050192,484,145,145,0.8848077538123836,1.2384811736950985,-0.35367341988271483,69.6551724137931,68.96551724137932,-2.3648683992063737,-3.251423692432785,0.04754079708645537,0.35367341988271483,none
tff,TFF Detailed,Asset Manager / Institutional,asset_mgr,net_z,S&P 500,13w,475,-0.02596967027334944,-0.02114399923860284,-0.10353940461278781,-0.2367655857535767,0.8128386510923753,475,143,143,2.15015248850511,3.7027027065055305,-1.5525502180004205,73.42657342657343,70.62937062937063,-5.72684676600353,-5.499695325938405,0.02114399923860284,1.5525502180004205,weak/mixed
tff,TFF Detailed,Asset Manager / Institutional,asset_mgr,net_z,S&P 500,26w,462,0.06127601341463103,0.07535178801043692,0.31752680834698976,0.4331543737767675,0.6649026231625552,462,139,139,7.311308883564842,6.704650503476484,0.6066583800883585,82.01438848920863,71.22302158273382,-7.716854314801027,-7.177094594371383,0.07535178801043692,0.6066583800883585,none
tff,TFF Detailed,Asset Manager / Institutional,asset_mgr,net_z,NASDAQ-100,1w,487,0.01747300806240388,-0.022419789657589954,0.028691158158946312,0.3988750806893837,0.6899852514272252,487,146,146,0.481449139983631,0.38070889507109335,0.10074024491253764,61.64383561643836,58.9041095890411,-1.1552769023384206,-1.9410536142892587,0.022419789657589954,0.10074024491253764,none
tff,TFF Detailed,Asset Manager / Institutional,asset_mgr,net_z,NASDAQ-100,4w,484,0.01901700375131364,-0.043732486901061934,0.05845215161187862,0.24639783644215021,0.8053742808920392,484,145,145,1.4235362265764182,1.8803319322139362,-0.45679570563751803,67.58620689655173,67.58620689655173,-3.021655537281033,-3.8808672675281115,0.043732486901061934,0.45679570563751803,none
tff,TFF Detailed,Asset Manager / Institutional,asset_mgr,net_z,NASDAQ-100,13w,475,-0.03263378854760336,-0.06930516910295098,-0.17429511617407836,-0.2852423926980728,0.775458444105345,475,143,143,3.2319935797949886,6.061016867444566,-2.829023287649578,67.83216783216784,70.62937062937063,-6.512484076447091,-6.550013680115069,0.06930516910295098,2.829023287649578,weak/mixed
tff,TFF Detailed,Asset Manager / Institutional,asset_mgr,net_z,NASDAQ-100,26w,462,0.03248415098053405,0.026249472851141677,0.23308159041076792,0.2256075531120498,0.8215066657694768,462,139,139,10.178774946361788,10.625741824596782,-0.4469668782349938,88.48920863309353,66.18705035971223,-8.653902457840847,-8.529445859587291,0.026249472851141677,0.4469668782349938,none
tff,TFF Detailed,Asset Manager / Institutional,asset_mgr,flow1_z,S&P 500,1w,486,0.019925982123064626,-0.004818941453219626,0.028779738850694396,0.4491480637249716,0.6533248502624206,486,146,146,0.3213309386792315,0.2677234990611448,0.05360743961808673,58.9041095890411,60.273972602739725,-0.9569020683709705,-1.4501272805571184,0.004818941453219626,0.05360743961808673,none
tff,TFF Detailed,Asset Manager / Institutional,asset_mgr,flow1_z,S&P 500,4w,483,0.050245566551599626,0.0008092787929764952,0.1412783926156627,0.8806404181996891,0.3785124748844193,483,145,145,0.9379289835841746,1.2561725520215472,-0.31824356843737256,66.89655172413794,68.96551724137932,-2.584526824222945,-3.082929311156902,0.0008092787929764952,0.31824356843737256,none
tff,TFF Detailed,Asset Manager / Institutional,asset_mgr,flow1_z,S&P 500,13w,474,0.019193411088745095,0.008276089372412756,0.08870435769147125,0.438330695423114,0.6611465777129085,474,142,142,3.8843960958019457,3.891733760086546,-0.007337664284600365,79.5774647887324,73.23943661971832,-4.682875973508835,-5.474264428899523,0.008276089372412756,0.007337664284600365,none
tff,TFF Detailed,Asset Manager / Institutional,asset_mgr,flow1_z,S&P 500,26w,461,-0.045908520744122945,-0.017917741976970502,-0.27951724727576166,-1.467166268967117,0.14233083039649752,461,139,139,7.109445330378233,7.497499251605609,-0.3880539212273755,76.97841726618705,76.2589928057554,-6.977400452890371,-7.571669070526503,0.017917741976970502,0.3880539212273755,weak/mixed
tff,TFF Detailed,Asset Manager / Institutional,asset_mgr,flow1_z,NASDAQ-100,1w,486,0.001165938976279682,-0.013056223945531506,0.002208323895816577,0.031820134693845946,0.9746154896022395,486,146,146,0.4262203704336001,0.48431399722506785,-0.058093626791467734,58.21917808219178,57.534246575342465,-1.3027633103787393,-1.7815162981568773,0.013056223945531506,0.058093626791467734,none
tff,TFF Detailed,Asset Manager / Institutional,asset_mgr,flow1_z,NASDAQ-100,4w,483,0.08527788367681555,0.04777769423596264,0.30284075279394357,1.809144538084328,0.0704285513376989,483,145,145,1.566728105513982,1.5999283159460185,-0.03320021043203658,66.20689655172414,64.13793103448275,-3.3370805258254723,-3.762431032456327,0.04777769423596264,0.03320021043203658,weak/mixed
tff,TFF Detailed,Asset Manager / Institutional,asset_mgr,flow1_z,NASDAQ-100,13w,474,0.03881513447028321,0.01580122060979784,0.2402904366130336,0.787219453883144,0.4311534109994461,474,142,142,5.713796595931435,5.38746551362005,0.32633108231138497,77.46478873239437,73.23943661971832,-5.717881764482507,-6.508322870049475,0.01580122060979784,0.32633108231138497,none
tff,TFF Detailed,Asset Manager / Institutional,asset_mgr,flow1_z,NASDAQ-100,26w,461,-0.02443185088357981,-0.0016842819540169348,-0.20598715684956237,-0.6029563317834664,0.5465377397737814,461,139,139,10.744802347512582,10.668186257864384,0.07661608964819777,84.89208633093526,80.57553956834532,-7.703362088000295,-8.604360886460936,0.0016842819540169348,0.07661608964819777,none
tff,TFF Detailed,Asset Manager / Institutional,asset_mgr,flow4_z,S&P 500,1w,483,0.04492200757186361,0.0025919498964945306,0.05913330116931336,0.8510573386043334,0.39473750213341824,483,145,145,0.32088677828468265,0.1930264254428865,0.12786035284179614,61.37931034482759,60.689655172413794,-0.840669652154042,-1.5175859643802274,0.0025919498964945306,0.12786035284179614,none
tff,TFF Detailed,Asset Manager / Institutional,asset_mgr,flow4_z,S&P 500,4w,480,0.01504390274742266,-0.04059935155968558,0.03850477167601742,0.2430889699748419,0.8079364756679052,480,144,144,0.904536933609681,1.2918952365809788,-0.3873583029712978,70.83333333333334,71.52777777777779,-2.3085730191873113,-3.0226184758623003,0.04059935155968558,0.3873583029712978,none
tff,TFF Detailed,Asset Manager / Institutional,asset_mgr,flow4_z,S&P 500,13w,471,-0.016580052966051015,-0.03671745976327692,-0.06963410045014135,-0.21260703295391956,0.8316334853562608,471,142,142,2.7250609102708565,3.864024912272088,-1.1389640020012317,73.94366197183099,76.05633802816901,-4.631867306673429,-5.464259281393402,0.03671745976327692,1.1389640020012317,none
tff,TFF Detailed,Asset Manager / Institutional,asset_mgr,flow4_z,S&P 500,26w,458,-0.09118329060837913,-0.07674793805035988,-0.5054269146251072,-1.3408600768464956,0.17996588635416055,458,138,138,6.101045280668474,7.678247266391341,-1.5772019857228665,75.36231884057972,80.43478260869566,-6.993287701150114,-7.374221090095644,0.07674793805035988,1.5772019857228665,weak/mixed
tff,TFF Detailed,Asset Manager / Institutional,asset_mgr,flow4_z,NASDAQ-100,1w,483,0.07033532688724389,0.039712489304931854,0.1213360289370357,1.72662856434175,0.08423439253871035,483,145,145,0.5143661889685955,0.14626912829536143,0.3680970606732341,64.82758620689654,52.41379310344828,-1.196825380784775,-2.013171424942559,0.039712489304931854,0.3680970606732341,weak/mixed
tff,TFF Detailed,Asset Manager / Institutional,asset_mgr,flow4_z,NASDAQ-100,4w,480,0.09179192706652278,0.03661636986271641,0.29635749715358917,1.334073042029859,0.18217991973236927,480,144,144,1.6914156883705236,1.3353799661209227,0.3560357222496009,70.83333333333334,61.80555555555556,-2.942352910073397,-4.001641459010994,0.03661636986271641,0.3560357222496009,weak/mixed
tff,TFF Detailed,Asset Manager / Institutional,asset_mgr,flow4_z,NASDAQ-100,13w,471,0.005533301803336108,-0.043311412827515564,0.03112797289565107,0.06487470673088142,0.9482737592644167,471,142,142,4.270704011774182,5.155383473501865,-0.884679461727683,75.35211267605634,71.83098591549296,-5.511934463307338,-6.959139973501669,0.043311412827515564,0.884679461727683,none
tff,TFF Detailed,Asset Manager / Institutional,asset_mgr,flow4_z,NASDAQ-100,26w,458,-0.04167337912026402,-0.02483632651172324,-0.3198994414814462,-0.5275859165250826,0.5977867700182018,458,138,138,10.116082147091335,10.696899335502613,-0.5808171884112774,81.88405797101449,78.98550724637681,-7.585991768902528,-8.927492241570311,0.02483632651172324,0.5808171884112774,none
tff,TFF Detailed,Asset Manager / Institutional,asset_mgr,trend13_z,S&P 500,1w,474,1.5867551742885974e-05,-0.028673259405639376,1.9514902226602663e-05,0.00032743393329626153,0.9997387455246083,474,142,142,0.24049099495765863,0.22462200891787631,0.015868986039782318,64.08450704225352,58.45070422535211,-0.9046733769376005,-1.547349430411882,0.028673259405639376,0.015868986039782318,none
tff,TFF Detailed,Asset Manager / Institutional,asset_mgr,trend13_z,S&P 500,4w,471,-0.03686696051937718,-0.09487965159947723,-0.08812133007197077,-0.46238618236886975,0.6438044064089775,471,142,142,0.8010972330768962,1.4646991107201721,-0.6636018776432759,73.23943661971832,66.19718309859155,-2.4115902847327475,-3.474975898095297,0.09487965159947723,0.6636018776432759,none
tff,TFF Detailed,Asset Manager / Institutional,asset_mgr,trend13_z,S&P 500,13w,462,-0.14923624142609795,-0.16452696912116987,-0.5863424896852897,-1.1642423531976749,0.2443258108360059,462,139,139,2.248085251031164,4.058645473775538,-1.8105602227443742,77.6978417266187,67.62589928057554,-4.765455677256553,-6.414819223655919,0.16452696912116987,1.8105602227443742,weak/mixed
tff,TFF Detailed,Asset Manager / Institutional,asset_mgr,trend13_z,S&P 500,26w,449,-0.03791472741954495,-0.005178438858839749,-0.19400761671826558,-0.2756965402228339,0.7827811531881762,449,135,135,7.129297441500481,5.841323626022082,1.2879738154783986,81.48148148148148,71.11111111111111,-7.227561813832179,-8.949506599155447,0.005178438858839749,1.2879738154783986,none
tff,TFF Detailed,Asset Manager / Institutional,asset_mgr,trend13_z,NASDAQ-100,1w,474,0.01690293034321317,-0.004940187866299142,0.027211096953962045,0.3850670418678121,0.7001877455589179,474,142,142,0.4281431899378546,0.32122125699416376,0.10692193294369084,64.08450704225352,57.74647887323944,-1.2924119005921595,-1.8881798485070003,0.004940187866299142,0.10692193294369084,none
tff,TFF Detailed,Asset Manager / Institutional,asset_mgr,trend13_z,NASDAQ-100,4w,471,-0.010147729572103994,-0.06635033914383696,-0.030581520586190628,-0.11281343499078651,0.9101784667608667,471,142,142,1.4481744121965576,2.08823605599953,-0.6400616438029725,67.6056338028169,64.7887323943662,-3.0360421568179365,-4.070020819098721,0.06635033914383696,0.6400616438029725,none
tff,TFF Detailed,Asset Manager / Institutional,asset_mgr,trend13_z,NASDAQ-100,13w,462,-0.1416274229299004,-0.17415598835931195,-0.7452713553295038,-1.0407842863237884,0.2979756745336858,462,139,139,3.7486351720527153,5.831240037425203,-2.0826048653724873,75.53956834532374,68.34532374100719,-5.576960355433229,-7.738400630975647,0.17415598835931195,2.0826048653724873,weak/mixed
tff,TFF Detailed,Asset Manager / Institutional,asset_mgr,trend13_z,NASDAQ-100,26w,449,0.0027219342337428537,0.029203918761268422,0.019316501348040572,0.0186033514936368,0.985157529194286,449,135,135,11.678667536650538,8.180001194966732,3.4986663416838066,92.5925925925926,68.14814814814815,-7.501928127415705,-10.469891750679478,0.029203918761268422,3.4986663416838066,weak/mixed
tff,TFF Detailed,Asset Manager / Institutional,asset_mgr,trend26_z,S&P 500,1w,461,-0.029494558080580293,-0.07953715623243117,-0.035303566619650756,-0.6332985786141566,0.5265386813306833,461,139,139,0.07387737873002055,0.2589433762960315,-0.18506599756601094,58.27338129496403,61.87050359712231,-0.9609358383429047,-1.6746493754944884,0.07953715623243117,0.18506599756601094,none
tff,TFF Detailed,Asset Manager / Institutional,asset_mgr,trend26_z,S&P 500,4w,458,-0.08284734105554849,-0.11891717595946866,-0.1926625148315821,-1.0854643020486527,0.2777160661618815,458,138,138,0.5255509593127354,1.41923480414239,-0.8936838448296545,65.21739130434783,67.3913043478261,-2.6729767014387518,-3.3982358935185815,0.11891717595946866,0.8936838448296545,none
tff,TFF Detailed,Asset Manager / Institutional,asset_mgr,trend26_z,S&P 500,13w,449,-0.03106984400551444,-0.028258829144129805,-0.11799780076783827,-0.2696389433607787,0.7874380371530159,449,135,135,3.013120994863332,3.223857097080259,-0.21073610221692718,77.03703703703704,64.44444444444444,-4.2589709879886355,-6.086906180093445,0.028258829144129805,0.21073610221692718,none
tff,TFF Detailed,Asset Manager / Institutional,asset_mgr,trend26_z,S&P 500,26w,436,0.09025371624852432,0.11480942290805347,0.4450440059352492,0.5678306979179085,0.5701499331190925,436,131,131,8.055107148142811,5.342235185127529,2.7128719630152824,86.25954198473282,64.12213740458014,-6.059212522580374,-8.739907819792071,0.11480942290805347,2.7128719630152824,weak/mixed
tff,TFF Detailed,Asset Manager / Institutional,asset_mgr,trend26_z,NASDAQ-100,1w,461,-0.011861674802409303,-0.05864647471739805,-0.018563253448811226,-0.2630320971123399,0.7925258399900292,461,139,139,0.24596130370978933,0.34796162695404526,-0.10200032324425592,58.27338129496403,61.15107913669065,-1.321139834108099,-2.030011482082337,0.05864647471739805,0.10200032324425592,none
tff,TFF Detailed,Asset Manager / Institutional,asset_mgr,trend26_z,NASDAQ-100,4w,458,-0.04210068900928328,-0.0913016055737014,-0.1234175424005095,-0.4955662396484251,0.6202004768295851,458,138,138,1.1585396203328617,1.77175882256778,-0.6132192022349183,63.76811594202898,65.21739130434783,-3.3142127490785613,-4.24291707909527,0.0913016055737014,0.6132192022349183,none
tff,TFF Detailed,Asset Manager / Institutional,asset_mgr,trend26_z,NASDAQ-100,13w,449,-0.004567189307448921,-0.027746977410117717,-0.023268662166277997,-0.03702542146825414,0.9704647362334872,449,135,135,4.381003225436826,4.417481297504083,-0.03647807206725684,74.81481481481481,63.70370370370371,-5.321086880005523,-7.591217985552105,0.027746977410117717,0.03647807206725684,none
tff,TFF Detailed,Asset Manager / Institutional,asset_mgr,trend26_z,NASDAQ-100,26w,436,0.11146796565535551,0.11407362470382386,0.7625577722961201,0.6926619525640421,0.4885217214322185,436,131,131,11.44344849954253,7.373481531507602,4.069966968034928,91.6030534351145,58.778625954198475,-7.189521439742719,-10.554702318396197,0.11407362470382386,4.069966968034928,weak/mixed
tff,TFF Detailed,Asset Manager / Institutional,asset_mgr,net_raw_bn,S&P 500,1w,538,0.013079774575518425,-0.03257112202186774,0.00020335894069049048,0.3470166990664342,0.7285787733713329,538,162,162,0.3049882140179573,0.3464582753444857,-0.04147006132652842,59.876543209876544,62.96296296296296,-0.9374468708065988,-1.191471030275173,0.03257112202186774,0.04147006132652842,none
tff,TFF Detailed,Asset Manager / Institutional,asset_mgr,net_raw_bn,S&P 500,4w,535,0.02798624910323349,-0.052828815076147145,0.0008530147913319255,0.46598290285160926,0.6412277385596145,535,161,161,1.3154749303805564,1.585825628538864,-0.2703506981583077,70.1863354037267,72.67080745341616,-2.1832301617446874,-2.4103661998201815,0.052828815076147145,0.2703506981583077,none
tff,TFF Detailed,Asset Manager / Institutional,asset_mgr,net_raw_bn,S&P 500,13w,526,0.06735369110867434,0.015889763730832698,0.003491012754116156,0.6656205932795664,0.5056536401818332,526,158,158,4.429340181777787,4.1248771161927476,0.30446306558503977,82.91139240506328,79.11392405063292,-4.106892063664632,-3.9265854765290333,0.015889763730832698,0.30446306558503977,none
tff,TFF Detailed,Asset Manager / Institutional,asset_mgr,net_raw_bn,S&P 500,26w,513,0.12839592334615121,0.054360223678521856,0.009250487941361981,0.9828409053930655,0.3256857459991409,513,154,154,9.74181278749604,7.397108672086978,2.344704115409061,90.9090909090909,80.51948051948052,-5.673370098702364,-5.294578283275715,0.054360223678521856,2.344704115409061,weak/mixed
tff,TFF Detailed,Asset Manager / Institutional,asset_mgr,net_raw_bn,NASDAQ-100,1w,538,0.005694829565156547,-0.03268925688279091,0.00011604734492797272,0.1458105606709691,0.8840709388003868,538,162,162,0.3919386103479251,0.4765834140189246,-0.08464480367099952,57.407407407407405,62.96296296296296,-1.341901811679207,-1.4842101413909161,0.03268925688279091,0.08464480367099952,none
tff,TFF Detailed,Asset Manager / Institutional,asset_mgr,net_raw_bn,NASDAQ-100,4w,535,0.00746309504932586,-0.06865076068779279,0.0002873219479330845,0.11341104064262386,0.909704687018652,535,161,161,1.6528736173150353,2.249774111210841,-0.5969004938958056,66.45962732919256,72.67080745341616,-2.9987534929275026,-2.8705507423906416,0.06865076068779279,0.5969004938958056,none
tff,TFF Detailed,Asset Manager / Institutional,asset_mgr,net_raw_bn,NASDAQ-100,13w,526,0.008428882964154486,-0.06202738178553649,0.0005857594323563748,0.07807050460700649,0.9377719694770965,526,158,158,5.576284950101319,6.246955729639923,-0.6706707795386047,75.9493670886076,78.48101265822784,-5.480800592241788,-4.588120663580295,0.06202738178553649,0.6706707795386047,none
tff,TFF Detailed,Asset Manager / Institutional,asset_mgr,net_raw_bn,NASDAQ-100,26w,513,0.044437844474204104,-0.013971730152228821,0.004441193491233777,0.3475403065631305,0.7281854430348758,513,154,154,12.296521537030873,10.865874827915514,1.4306467091153596,93.5064935064935,75.97402597402598,-6.9651494690877715,-6.197915220764862,0.013971730152228821,1.4306467091153596,none
tff,TFF Detailed,Asset Manager / Institutional,asset_mgr,trend13_raw_bn,S&P 500,1w,525,-0.002368556730763879,-0.03103059654767779,-0.00014277499133179457,-0.055666216282514745,0.9556077132539175,525,158,158,0.3905102668182623,0.3635864613217699,0.02692380549649237,65.18987341772153,60.75949367088608,-0.7615435961691485,-1.434082480677206,0.03103059654767779,0.02692380549649237,none
tff,TFF Detailed,Asset Manager / Institutional,asset_mgr,trend13_raw_bn,S&P 500,4w,522,-0.007413437462692374,-0.08285291740861953,-0.0008680421613927496,-0.1005830858549725,0.9198814241368058,522,157,157,1.3988962348087346,1.4988475662316565,-0.0999513314229219,75.15923566878982,66.87898089171973,-1.8098668062799996,-3.334912283530614,0.08285291740861953,0.0999513314229219,none
tff,TFF Detailed,Asset Manager / Institutional,asset_mgr,trend13_raw_bn,S&P 500,13w,513,-0.12869640262301038,-0.13278841203608896,-0.024806211451996702,-1.5166591019333768,0.129352775147492,513,154,154,3.094972081867935,4.14351078977238,-1.048538707904445,82.46753246753246,68.18181818181817,-4.133383189560196,-6.137586470229911,0.13278841203608896,1.048538707904445,weak/mixed
tff,TFF Detailed,Asset Manager / Institutional,asset_mgr,trend13_raw_bn,S&P 500,26w,500,-0.07813716586733384,-0.004320593282373129,-0.02013230834597735,-0.7051921280346064,0.48069067950166255,500,150,150,7.630825147131628,5.788937441669839,1.8418877054617893,84.66666666666667,69.33333333333334,-6.157572933427662,-8.91462342326331,0.004320593282373129,1.8418877054617893,weak/mixed
tff,TFF Detailed,Asset Manager / Institutional,asset_mgr,trend13_raw_bn,NASDAQ-100,1w,525,0.0018546744821006159,-0.0085108076841743,0.00014667689652918058,0.04374273110066779,0.9651094773040128,525,158,158,0.6354762366151585,0.4796548773268753,0.15582135928828322,66.45569620253164,59.49367088607595,-1.0924977354067527,-1.7700093464743525,0.0085108076841743,0.15582135928828322,none
tff,TFF Detailed,Asset Manager / Institutional,asset_mgr,trend13_raw_bn,NASDAQ-100,4w,522,-0.019586577080779842,-0.06725578282411881,-0.002895167951014943,-0.24742981595144967,0.8045756016008685,522,157,157,2.058675631338138,2.001055229460667,0.05762040187747086,71.3375796178344,65.60509554140127,-2.486857803473036,-3.954296532466988,0.06725578282411881,0.05762040187747086,none
tff,TFF Detailed,Asset Manager / Institutional,asset_mgr,trend13_raw_bn,NASDAQ-100,13w,513,-0.15923289776034713,-0.1473499862049742,-0.04117939443449361,-1.8384671921424431,0.06599359195033294,513,154,154,4.44830695865235,5.617403670949742,-1.1690967122973923,75.97402597402598,68.18181818181817,-5.024590558496241,-7.55108736156844,0.1473499862049742,1.1690967122973923,tentative
tff,TFF Detailed,Asset Manager / Institutional,asset_mgr,trend13_raw_bn,NASDAQ-100,26w,500,-0.08188242000364993,-0.01715133260533042,-0.02927346709438582,-0.7240329544378991,0.46904550369666104,500,150,150,11.353427388642416,8.221422065964259,3.1320053226781575,92.0,66.66666666666666,-6.895602757721147,-10.297816152807927,0.01715133260533042,3.1320053226781575,weak/mixed
tff,TFF Detailed,Asset Manager / Institutional,asset_mgr,trend26_raw_bn,S&P 500,1w,512,-0.045472583162734004,-0.07484330475160503,-0.00208816100464274,-1.0658198184175303,0.28650510025376963,512,154,154,0.23054978164427065,0.2049235865530251,0.025626195091245557,57.7922077922078,60.3896103896104,-0.8641827932511467,-1.678720393533206,0.07484330475160503,0.025626195091245557,none
tff,TFF Detailed,Asset Manager / Institutional,asset_mgr,trend26_raw_bn,S&P 500,4w,509,-0.0746887589424723,-0.10026125389128164,-0.006679387725319874,-1.146177397311094,0.2517217581537615,509,153,153,0.9040585148038245,1.1185665995923222,-0.2145080847884977,68.62745098039215,64.70588235294117,-2.2198382928303726,-3.561026987325927,0.10026125389128164,0.2145080847884977,none
tff,TFF Detailed,Asset Manager / Institutional,asset_mgr,trend26_raw_bn,S&P 500,13w,500,-0.0643559783771712,-0.0369876999507998,-0.009418712207594163,-0.6337050772258206,0.5262733108542635,500,150,150,3.9505250845753177,3.365141576584969,0.5853835079903487,83.33333333333334,66.0,-3.9422158829278273,-6.188731204321063,0.0369876999507998,0.5853835079903487,none
tff,TFF Detailed,Asset Manager / Institutional,asset_mgr,trend26_raw_bn,S&P 500,26w,487,0.043642615773444186,0.10167990501469704,0.00837453273287304,0.2811296522310271,0.7786109587178265,487,146,146,8.210972273139628,5.519323057340617,2.6916492157990115,87.67123287671232,64.38356164383562,-5.961787658179493,-8.669362464684196,0.10167990501469704,2.6916492157990115,weak/mixed
tff,TFF Detailed,Asset Manager / Institutional,asset_mgr,trend26_raw_bn,NASDAQ-100,1w,512,-0.03599400634223034,-0.05698043982673579,-0.002168885480063135,-0.8738090361481015,0.38222225865286613,512,154,154,0.36078604546846343,0.29224789489884856,0.06853815056961488,57.14285714285714,60.3896103896104,-1.2640137670966634,-2.052568462124582,0.05698043982673579,0.06853815056961488,none
tff,TFF Detailed,Asset Manager / Institutional,asset_mgr,trend26_raw_bn,NASDAQ-100,4w,509,-0.06521921987588994,-0.08929932816528063,-0.0073765660309851105,-0.9491991208130598,0.3425193486414728,509,153,153,1.313723799121451,1.4573361856394842,-0.1436123865180332,64.70588235294117,63.39869281045751,-3.0406028750628753,-4.382620524428857,0.08929932816528063,0.1436123865180332,none
tff,TFF Detailed,Asset Manager / Institutional,asset_mgr,trend26_raw_bn,NASDAQ-100,13w,500,-0.07952639070154455,-0.05390210360841443,-0.0156301216569033,-0.7951482592652441,0.4265272651149765,500,150,150,4.766311498180111,4.312682478598176,0.45362901958193547,76.0,64.0,-5.434663700716165,-7.748615226404191,0.05390210360841443,0.45362901958193547,none
tff,TFF Detailed,Asset Manager / Institutional,asset_mgr,trend26_raw_bn,NASDAQ-100,26w,487,0.00834563403181764,0.061295463055429836,0.002221396951480049,0.05868537009975984,0.9532027122228164,487,146,146,10.423937429544313,7.275182447653889,3.1487549818904244,91.0958904109589,59.589041095890416,-7.511749651339803,-10.576082443913194,0.061295463055429836,3.1487549818904244,weak/mixed
tff,TFF Detailed,Leveraged Funds,lev_money,net_z,S&P 500,1w,487,-0.007393551656983634,0.024976654710387503,-0.008406682039832605,-0.14803872970119275,0.8823122030895318,487,146,146,0.18721341770030206,0.15753653415108498,0.029676883549217076,61.64383561643836,58.21917808219178,-1.4015882602755436,-0.9356951787573647,0.024976654710387503,0.029676883549217076,none
tff,TFF Detailed,Leveraged Funds,lev_money,net_z,S&P 500,4w,484,0.020097359671887794,0.07420965815489265,0.04439716446719582,0.2728754053863571,0.7849489929527791,484,145,145,0.8860458336382105,0.3096687768275605,0.5763770568106501,68.27586206896552,59.310344827586206,-3.0791970027042517,-2.5693827770903437,0.07420965815489265,0.5763770568106501,none
tff,TFF Detailed,Leveraged Funds,lev_money,net_z,S&P 500,13w,475,-0.009334016834263567,0.0065465599964169546,-0.033824319750616866,-0.09258680939025121,0.926231823313441,475,143,143,3.1876224638760426,2.8250152916300237,0.3626071722460189,70.62937062937063,74.82517482517483,-5.080779171378777,-4.901900186550308,0.0065465599964169546,0.3626071722460189,none
tff,TFF Detailed,Leveraged Funds,lev_money,net_z,S&P 500,26w,462,-0.12504013118162258,-0.136601024477413,-0.5923260296650268,-0.9227182934219097,0.3561540300488081,462,139,139,3.804031181411366,7.423485604208834,-3.6194544227974683,64.74820143884892,86.33093525179856,-7.9555639843702375,-6.415774668661095,0.136601024477413,3.6194544227974683,weak/mixed
tff,TFF Detailed,Leveraged Funds,lev_money,net_z,NASDAQ-100,1w,487,-0.00848233548281887,0.029343377106530573,-0.012647831543385227,-0.18615523627011146,0.8523230265799364,487,146,146,0.2492619676771415,0.17004284517595353,0.07921912250118798,55.47945205479452,54.794520547945204,-1.7973361694723466,-1.3903858740968236,0.029343377106530573,0.07921912250118798,none
tff,TFF Detailed,Leveraged Funds,lev_money,net_z,NASDAQ-100,4w,484,-0.00687552928866398,0.07284856458076783,-0.019191462837979123,-0.08240776752969298,0.9343224594656748,484,145,145,1.193508670133061,0.601775655707051,0.59173301442601,62.758620689655174,57.931034482758626,-3.828032940517822,-3.5013670723526182,0.07284856458076783,0.59173301442601,none
tff,TFF Detailed,Leveraged Funds,lev_money,net_z,NASDAQ-100,13w,475,-0.016426263616685775,0.03513478409351749,-0.07974028341776394,-0.13533617781154827,0.8923460824349972,475,143,143,4.151980879647808,3.865751578986868,0.28622930066093977,72.02797202797203,72.02797202797203,-6.643590856453667,-6.462582749694715,0.03513478409351749,0.28622930066093977,none
tff,TFF Detailed,Leveraged Funds,lev_money,net_z,NASDAQ-100,26w,462,-0.13877400843440615,-0.1276355845725654,-0.9102613174165045,-0.937089098718298,0.34871272844795864,462,139,139,5.1702582067798435,10.388511052900881,-5.218252846121038,65.46762589928058,87.05035971223022,-10.03447698839075,-7.820962684309222,0.1276355845725654,5.218252846121038,weak/mixed
tff,TFF Detailed,Leveraged Funds,lev_money,flow1_z,S&P 500,1w,486,0.01498629516495055,0.032749619154919855,0.01801693333260307,0.37414789610864063,0.7082942861824975,486,146,146,0.1887140179550456,0.08984638174034441,0.0988676362147012,59.589041095890416,58.9041095890411,-1.3923430045952212,-1.161039287498957,0.032749619154919855,0.0988676362147012,none
tff,TFF Detailed,Leveraged Funds,lev_money,flow1_z,S&P 500,4w,483,-0.02732811921239245,0.0029281642864704216,-0.06440769989211392,-0.6328786229487857,0.5268129085970251,483,145,145,0.6510239264523032,1.0253147165165146,-0.3742907900642114,62.06896551724138,71.03448275862068,-3.2793474577784787,-2.6760613806300015,0.0029281642864704216,0.3742907900642114,none
tff,TFF Detailed,Leveraged Funds,lev_money,flow1_z,S&P 500,13w,474,0.013711437474720914,0.04352002118390419,0.05326996627426463,0.3238657826669448,0.746039650409658,474,142,142,3.2901098085013434,3.0667562264310515,0.22335358207029188,70.4225352112676,73.94366197183099,-5.701822277512345,-5.2706052905331395,0.04352002118390419,0.22335358207029188,none
tff,TFF Detailed,Leveraged Funds,lev_money,flow1_z,S&P 500,26w,461,0.038025226521688105,0.011715503208476896,0.19878785502982158,1.5473002873737491,0.1217908524895207,461,139,139,6.738715552826061,6.899372498104372,-0.1606569452783102,76.2589928057554,78.41726618705036,-7.656021961403189,-7.05972574574494,0.011715503208476896,0.1606569452783102,weak/mixed
tff,TFF Detailed,Leveraged Funds,lev_money,flow1_z,NASDAQ-100,1w,486,0.045262466713408625,0.08060566193605982,0.07135832491572172,1.055753812062351,0.29108070503321487,486,146,146,0.4100842666514166,0.021128398475080856,0.38895586817633576,58.21917808219178,52.73972602739726,-1.744321520357642,-1.6425470774381852,0.08060566193605982,0.38895586817633576,none
tff,TFF Detailed,Leveraged Funds,lev_money,flow1_z,NASDAQ-100,4w,483,-0.03905135538555646,0.0052025369542959285,-0.11624226505444044,-0.8392695895863673,0.4013180442209633,483,145,145,1.0110653618166998,1.2716854224820633,-0.2606200606653635,60.689655172413794,63.44827586206897,-3.9402625739312342,-3.5834838140175993,0.0052025369542959285,0.2606200606653635,none
tff,TFF Detailed,Leveraged Funds,lev_money,flow1_z,NASDAQ-100,13w,474,0.016731152218930276,0.0489629323932037,0.08706986795604976,0.3301177338299445,0.7413110040058101,474,142,142,4.828505716778504,3.954680613920187,0.873825102858317,73.94366197183099,66.19718309859155,-6.8608883337291395,-6.835574777255445,0.0489629323932037,0.873825102858317,none
tff,TFF Detailed,Leveraged Funds,lev_money,flow1_z,NASDAQ-100,26w,461,0.034447504318210566,0.021253847538861215,0.24937003355677603,1.2838369226859474,0.19919902149208626,461,139,139,9.732156736060691,9.543313617777775,0.18884311828291622,80.57553956834532,80.57553956834532,-9.055780514589063,-8.549130907634558,0.021253847538861215,0.18884311828291622,weak/mixed
tff,TFF Detailed,Leveraged Funds,lev_money,flow4_z,S&P 500,1w,483,-0.032001111148563584,-0.04673284172406734,-0.03763969520420477,-0.7205546092179903,0.47118358945180056,483,145,145,0.06839502747350108,0.5368884284733656,-0.46849340099986453,59.310344827586206,63.44827586206897,-1.5526964139449844,-0.8984092479226733,0.04673284172406734,0.46849340099986453,none
tff,TFF Detailed,Leveraged Funds,lev_money,flow4_z,S&P 500,4w,480,-0.010629223412978873,0.012116806062526311,-0.02430514979803834,-0.15957125619653184,0.8732188230300807,480,144,144,1.1942353455297403,1.3667074123252994,-0.17247206679555904,68.75,72.22222222222221,-3.1194195185435087,-2.182743822574873,0.012116806062526311,0.17247206679555904,none
tff,TFF Detailed,Leveraged Funds,lev_money,flow4_z,S&P 500,13w,471,0.0404356113648179,0.059464903838423754,0.15268477757013235,0.48486251417636156,0.6277738745651233,471,142,142,4.154323391882535,3.3274837870728926,0.8268396048096425,78.16901408450704,72.53521126760563,-5.357891586636795,-4.491227476480914,0.059464903838423754,0.8268396048096425,none
tff,TFF Detailed,Leveraged Funds,lev_money,flow4_z,S&P 500,26w,458,0.10404734669285311,0.09915713360599288,0.5213084272394879,2.044697804742339,0.04088466019432819,458,138,138,8.121283213816241,6.92193487254362,1.1993483412726214,81.15942028985508,81.88405797101449,-7.319200730996226,-6.217406653980605,0.09915713360599288,1.1993483412726214,tentative
tff,TFF Detailed,Leveraged Funds,lev_money,flow4_z,NASDAQ-100,1w,483,-0.0412518729155896,-0.047516986973795715,-0.06358695233998933,-0.905845344024869,0.36501771680902817,483,145,145,0.29005820096341345,0.6833139335947718,-0.3932557326313583,56.55172413793104,62.06896551724138,-1.9100671736181358,-1.270749865760848,0.047516986973795715,0.3932557326313583,none
tff,TFF Detailed,Leveraged Funds,lev_money,flow4_z,NASDAQ-100,4w,480,-0.05965872948197799,-0.02191904044722416,-0.1720791144525003,-0.7352503647412598,0.4621870309680641,480,144,144,1.6299024212861208,2.0376804855404376,-0.40777806425431673,63.888888888888886,68.75,-3.903175859503741,-2.9192026486446667,0.02191904044722416,0.40777806425431673,none
tff,TFF Detailed,Leveraged Funds,lev_money,flow4_z,NASDAQ-100,13w,471,0.04174078295142258,0.06742921391672659,0.21111677498438897,0.4312550674090707,0.6662829175694696,471,142,142,6.154064689655921,4.87231553594724,1.281749153708681,74.64788732394366,71.12676056338029,-6.230361991656213,-5.782984611630537,0.06742921391672659,1.281749153708681,none
tff,TFF Detailed,Leveraged Funds,lev_money,flow4_z,NASDAQ-100,26w,458,0.07869128574694689,0.09432010886397117,0.5460118119898183,1.207138719911123,0.22737872546308963,458,138,138,12.046262606171613,10.371984378161176,1.6742782280104365,85.5072463768116,81.15942028985508,-8.356259429355756,-7.255337413953569,0.09432010886397117,1.6742782280104365,weak/mixed
tff,TFF Detailed,Leveraged Funds,lev_money,trend13_z,S&P 500,1w,474,0.020374751983425202,0.025366429427597953,0.023278700424557715,0.3939950769138716,0.6935846739372631,474,142,142,0.4079517864428021,0.21851752312048345,0.18943426332231866,59.154929577464785,65.49295774647888,-1.5230070620561826,-0.9962190194419864,0.025366429427597953,0.18943426332231866,none
tff,TFF Detailed,Leveraged Funds,lev_money,trend13_z,S&P 500,4w,471,0.07898415879615987,0.1340548418438951,0.17653512366484347,0.9071163110662536,0.3643452933902244,471,142,142,1.663082695095606,0.32857088548236885,1.3345118096132371,70.4225352112676,64.7887323943662,-3.1041444517206935,-2.5970555792142695,0.1340548418438951,1.3345118096132371,none
tff,TFF Detailed,Leveraged Funds,lev_money,trend13_z,S&P 500,13w,462,0.16142321027645537,0.1948138348441942,0.5993144221820139,1.4493721586693469,0.14723367947074886,462,139,139,5.559911277586672,1.9811626494699712,3.578748628116701,77.6978417266187,68.34532374100719,-4.7851301426934105,-5.078889375272172,0.1948138348441942,3.578748628116701,weak/mixed
tff,TFF Detailed,Leveraged Funds,lev_money,trend13_z,S&P 500,26w,449,0.16618006206163183,0.2213495598684908,0.8093400136790986,1.6310962926897634,0.10287000283412001,449,135,135,9.203787900713147,5.208806592821388,3.9949813078917593,82.22222222222221,76.29629629629629,-6.675780867786639,-7.030674354246162,0.2213495598684908,3.9949813078917593,weak/mixed
tff,TFF Detailed,Leveraged Funds,lev_money,trend13_z,NASDAQ-100,1w,474,0.028554994385343264,0.04548674386209054,0.04270473891468238,0.5674157680717141,0.570431739441723,474,142,142,0.7144102113349738,0.26044963984200964,0.4539605714929642,59.154929577464785,60.56338028169014,-1.7927768590033821,-1.4050602287505793,0.04548674386209054,0.4539605714929642,none
tff,TFF Detailed,Leveraged Funds,lev_money,trend13_z,NASDAQ-100,4w,471,0.08060330563537318,0.148394550729165,0.22713834808284922,0.7928129291117594,0.427886822569728,471,142,142,2.550454357496989,0.4522354132187547,2.0982189442782344,68.30985915492957,61.97183098591549,-3.5013773767780343,-3.451174359911761,0.148394550729165,2.0982189442782344,weak/mixed
tff,TFF Detailed,Leveraged Funds,lev_money,trend13_z,NASDAQ-100,13w,462,0.1736093673593277,0.2273250846921569,0.8632804697335802,1.3152312943027358,0.18843218073685303,462,139,139,7.695920347526041,2.493207122663917,5.202713224862124,78.41726618705036,63.30935251798561,-5.869512547427612,-6.733561596312753,0.2273250846921569,5.202713224862124,weak/mixed
tff,TFF Detailed,Leveraged Funds,lev_money,trend13_z,NASDAQ-100,26w,449,0.14522484192212823,0.2254576307137554,0.980918683062013,1.178765469268002,0.23849157785900038,449,135,135,12.087143143474798,7.292273057723614,4.7948700857511835,80.74074074074075,76.29629629629629,-8.23399907290011,-8.32405826692374,0.2254576307137554,4.7948700857511835,weak/mixed
tff,TFF Detailed,Leveraged Funds,lev_money,trend26_z,S&P 500,1w,461,0.04048425699483319,0.0707086085658188,0.04745570295940441,0.7588693043745964,0.4479307426539597,461,139,139,0.4527107056572086,0.12320256483094766,0.32950814082626095,64.74820143884892,61.15107913669065,-1.5012032824653556,-1.099097003000497,0.0707086085658188,0.32950814082626095,none
tff,TFF Detailed,Leveraged Funds,lev_money,trend26_z,S&P 500,4w,458,0.14795142961308647,0.217782963917669,0.33689089452574106,1.6465416341241983,0.09965229569197988,458,138,138,2.003540880222863,-0.101022544975413,2.1045634251982763,76.08695652173914,55.072463768115945,-2.955358892232137,-3.069930880299311,0.217782963917669,2.1045634251982763,tentative
tff,TFF Detailed,Leveraged Funds,lev_money,trend26_z,S&P 500,13w,449,0.1635000351285605,0.22888588397497078,0.6094891848785544,1.4488839547862606,0.14736999274278834,449,135,135,5.195792743997677,1.652102311751888,3.5436904322457887,75.55555555555556,68.14814814814815,-4.801839896069711,-5.616866569618163,0.22888588397497078,3.5436904322457887,weak/mixed
tff,TFF Detailed,Leveraged Funds,lev_money,trend26_z,S&P 500,26w,436,0.06326943984340452,0.1053889762023865,0.3086934535068162,0.4777196763619292,0.6328497377956379,436,131,131,7.3259189081181,5.606194214121159,1.719724693996941,72.51908396946564,78.62595419847328,-7.310935983009195,-7.843232425241682,0.1053889762023865,1.719724693996941,weak/mixed
tff,TFF Detailed,Leveraged Funds,lev_money,trend26_z,NASDAQ-100,1w,461,0.037017880705168676,0.07476504444343736,0.0567342320473916,0.713789257538313,0.47535750333024257,461,139,139,0.6731482690873096,0.1902009835300681,0.48294728555724153,62.589928057553955,56.83453237410072,-1.8146956717261842,-1.507407994684157,0.07476504444343736,0.48294728555724153,none
tff,TFF Detailed,Leveraged Funds,lev_money,trend26_z,NASDAQ-100,4w,458,0.12766791347496734,0.20221680000804398,0.36645521626254834,1.2546153088067022,0.2096184433672531,458,138,138,2.730719568892595,0.1444613072205706,2.5862582616720244,72.46376811594203,54.347826086956516,-3.5406621217789915,-3.9251099484552845,0.20221680000804398,2.5862582616720244,weak/mixed
tff,TFF Detailed,Leveraged Funds,lev_money,trend26_z,NASDAQ-100,13w,449,0.14862914697673105,0.1945784282532612,0.7432581829619298,1.1393570356825804,0.2545542682544033,449,135,135,6.8770148117229,2.679139361475763,4.197875450247137,74.81481481481481,68.14814814814815,-6.132203154453472,-7.025001982341799,0.1945784282532612,4.197875450247137,weak/mixed
tff,TFF Detailed,Leveraged Funds,lev_money,trend26_z,NASDAQ-100,26w,436,0.03194190981461169,0.06588043496359015,0.21621166595846064,0.2121143341702026,0.8320178370907898,436,131,131,9.384618978326008,8.686649451067753,0.6979695272582553,72.51908396946564,80.1526717557252,-9.298542647876195,-8.779149717598495,0.06588043496359015,0.6979695272582553,none
tff,TFF Detailed,Leveraged Funds,lev_money,net_raw_bn,S&P 500,1w,538,-0.003510385031571972,-0.005609556424403764,-0.00013138921071579595,-0.10021962067665505,0.9201699693878068,538,162,162,0.16736694571356756,0.22916670611053422,-0.06179976039696666,60.49382716049383,59.25925925925925,-1.2377426096277377,-0.936880129761876,0.005609556424403764,0.06179976039696666,none
tff,TFF Detailed,Leveraged Funds,lev_money,net_raw_bn,S&P 500,4w,535,-0.02005714253239478,-0.0007744800099053195,-0.0014692101779602768,-0.3483052615191216,0.7276109428350391,535,161,161,1.0286872329659773,1.3700429046990368,-0.3413556717330595,68.94409937888199,71.42857142857143,-2.593729507074815,-2.0566360626340523,0.0007744800099053195,0.3413556717330595,none
tff,TFF Detailed,Leveraged Funds,lev_money,net_raw_bn,S&P 500,13w,526,-0.06256738396412645,-0.08734362873077602,-0.007809693097188881,-0.6561849454531887,0.5117051340461488,526,158,158,3.174274749914276,4.429022482981982,-1.2547477330677062,75.31645569620254,82.91139240506328,-4.321009284724317,-3.8972332961504725,0.08734362873077602,1.2547477330677062,none
tff,TFF Detailed,Leveraged Funds,lev_money,net_raw_bn,S&P 500,26w,513,-0.14176783881358548,-0.20197277757867435,-0.025396562205241714,-1.1494376813103655,0.2503755497889354,513,154,154,4.575427360921549,9.665207696444147,-5.089780335522598,72.07792207792207,90.25974025974025,-6.693099170459441,-5.766744356350851,0.20197277757867435,5.089780335522598,weak/mixed
tff,TFF Detailed,Leveraged Funds,lev_money,net_raw_bn,NASDAQ-100,1w,538,0.00452465292440319,0.0012109786509962145,0.0002219635624789334,0.12264336668763039,0.902389511994639,538,162,162,0.2729616632584105,0.34435054367237156,-0.07138888041396108,57.407407407407405,59.25925925925925,-1.5766442391774185,-1.325048858765473,0.0012109786509962145,0.07138888041396108,none
tff,TFF Detailed,Leveraged Funds,lev_money,net_raw_bn,NASDAQ-100,4w,535,8.738671677630876e-05,0.021777048810342908,8.085339361268106e-06,0.0013797102977967375,0.9988991508042702,535,161,161,1.4923686877340874,1.8220466747257156,-0.3296779869916282,68.32298136645963,68.32298136645963,-3.164268185842308,-2.847614917526921,0.021777048810342908,0.3296779869916282,none
tff,TFF Detailed,Leveraged Funds,lev_money,net_raw_bn,NASDAQ-100,13w,526,-0.006719216626242795,-0.025595074040900553,-0.0011245113568269717,-0.06533210707840248,0.9479095791907288,526,158,158,4.5281876440282005,5.6133747448922815,-1.085187100864081,76.58227848101265,75.9493670886076,-5.472270875845237,-5.246609668210915,0.025595074040900553,1.085187100864081,none
tff,TFF Detailed,Leveraged Funds,lev_money,net_raw_bn,NASDAQ-100,26w,513,-0.0676256908521017,-0.14047140589801355,-0.0168051437603441,-0.5346276100413029,0.5929073875688271,513,154,154,7.122475004917286,12.204460621001305,-5.081985616084019,74.02597402597402,92.85714285714286,-8.195222894062432,-7.0883493767204016,0.14047140589801355,5.081985616084019,weak/mixed
tff,TFF Detailed,Leveraged Funds,lev_money,trend13_raw_bn,S&P 500,1w,525,0.047220980064086496,0.026609335284922316,0.004157232864700637,1.2157638106763462,0.22407490835619404,525,158,158,0.4617615804654554,0.09514177904553904,0.36661980141991635,58.86075949367089,61.39240506329114,-1.4112150795861107,-1.0654324030705231,0.026609335284922316,0.36661980141991635,none
tff,TFF Detailed,Leveraged Funds,lev_money,trend13_raw_bn,S&P 500,4w,522,0.05583910473220405,0.11551162466278082,0.00974346350435838,0.7990149821019865,0.42428172472323433,522,157,157,1.7616841290415635,0.549220115070544,1.2124640139710194,71.97452229299363,66.87898089171973,-2.9510373983853486,-2.538331595877558,0.11551162466278082,1.2124640139710194,none
tff,TFF Detailed,Leveraged Funds,lev_money,trend13_raw_bn,S&P 500,13w,513,0.12323770715842115,0.16590216269028604,0.03662614332947639,1.6058742930232288,0.10830153285793126,513,154,154,5.728254759493891,2.973623299626856,2.7546314598670345,79.87012987012987,77.27272727272727,-4.523544361652692,-4.604315010430588,0.16590216269028604,2.7546314598670345,weak/mixed
tff,TFF Detailed,Leveraged Funds,lev_money,trend13_raw_bn,S&P 500,26w,500,0.14137943892771793,0.22497651590606363,0.057977972909041844,1.9534591849087724,0.050765209084636206,500,150,150,9.660236548350174,6.033972697049901,3.6262638513002727,82.66666666666667,80.66666666666666,-6.397139339639825,-6.541847402635624,0.22497651590606363,3.6262638513002727,tentative
tff,TFF Detailed,Leveraged Funds,lev_money,trend13_raw_bn,NASDAQ-100,1w,525,0.0660533652504102,0.05072873604206145,0.007629392683035523,1.5074480385817024,0.1316958532532478,525,158,158,0.7599957274946586,0.10020506592968222,0.6597906615649763,60.12658227848101,58.86075949367089,-1.6722805708920123,-1.5134810447062923,0.05072873604206145,0.6597906615649763,weak/mixed
tff,TFF Detailed,Leveraged Funds,lev_money,trend13_raw_bn,NASDAQ-100,4w,522,0.0947211725315453,0.15550669595711572,0.020864885550227964,1.170021124408291,0.2419924679130293,522,157,157,2.620837695492448,0.6495030689954072,1.9713346264970406,70.70063694267516,62.42038216560509,-3.3643573064302132,-3.5386809216288864,0.15550669595711572,1.9713346264970406,weak/mixed
tff,TFF Detailed,Leveraged Funds,lev_money,trend13_raw_bn,NASDAQ-100,13w,513,0.15333808008996144,0.20194237874598953,0.06114356059187998,1.818589838805628,0.06897402921133607,513,154,154,7.82743129895448,3.577961260688674,4.249470038265805,77.92207792207793,69.48051948051948,-5.641925746113853,-6.2473883170089985,0.20194237874598953,4.249470038265805,tentative
tff,TFF Detailed,Leveraged Funds,lev_money,trend13_raw_bn,NASDAQ-100,26w,500,0.14067904680740412,0.24754236616946462,0.08004860436726743,1.7452737909891265,0.08093722183989523,500,150,150,12.782618319240147,7.892342402098927,4.89027591714122,82.0,80.0,-7.9752312140931645,-7.967893720239373,0.24754236616946462,4.89027591714122,tentative
tff,TFF Detailed,Leveraged Funds,lev_money,trend26_raw_bn,S&P 500,1w,512,0.06506159015839423,0.08041302242478343,0.005407578701099306,1.5901212500171302,0.11180747689939684,512,154,154,0.4910701999778312,0.08847138786330778,0.4025988121145234,64.93506493506493,55.1948051948052,-1.359673737285468,-1.0309769281572134,0.08041302242478343,0.4025988121145234,weak/mixed
tff,TFF Detailed,Leveraged Funds,lev_money,trend26_raw_bn,S&P 500,4w,509,0.11958508852590849,0.1555561723165513,0.019320656781250736,1.8149610546026644,0.06952989470028693,509,153,153,1.8734974112555074,0.48761291757508457,1.3858844936804229,76.47058823529412,62.745098039215684,-2.7363639157135853,-2.6059550817518566,0.1555561723165513,1.3858844936804229,tentative
tff,TFF Detailed,Leveraged Funds,lev_money,trend26_raw_bn,S&P 500,13w,500,0.1514005311124017,0.18228648914595658,0.04017945810823048,2.068596154151176,0.03858399913518255,500,150,150,5.199768494200875,2.4869589565726504,2.712809537628224,78.66666666666666,74.0,-4.065313776316124,-4.979378054501441,0.18228648914595658,2.712809537628224,supported
tff,TFF Detailed,Leveraged Funds,lev_money,trend26_raw_bn,S&P 500,26w,487,0.049991603739635244,0.05050104581079323,0.018086249249169753,0.5527298044014706,0.5804484414645299,487,146,146,7.388566679947342,6.8559042020827965,0.5326624778645455,75.34246575342466,83.56164383561644,-6.466187250687471,-6.907677681167607,0.05050104581079323,0.5326624778645455,none
tff,TFF Detailed,Leveraged Funds,lev_money,trend26_raw_bn,NASDAQ-100,1w,512,0.060730578554153467,0.09157257441549077,0.006623349474835518,1.4214239982666987,0.15519353391532223,512,154,154,0.7833497096203984,0.10224742176700613,0.6811022878533923,64.28571428571429,54.54545454545454,-1.6443802461806103,-1.4940599570018704,0.09157257441549077,0.6811022878533923,weak/mixed
tff,TFF Detailed,Leveraged Funds,lev_money,trend26_raw_bn,NASDAQ-100,4w,509,0.11899895299298685,0.16574671203196564,0.02431561286066,1.6312568241840626,0.10283613958545203,509,153,153,2.627061790697901,0.6449899036027772,1.9820718870951235,73.8562091503268,59.47712418300654,-3.270636204091985,-3.6033484003191916,0.16574671203196564,1.9820718870951235,weak/mixed
tff,TFF Detailed,Leveraged Funds,lev_money,trend26_raw_bn,NASDAQ-100,13w,500,0.17141863326738194,0.18824686498745993,0.061091833656652855,2.1746986376840285,0.029652707058402318,500,150,150,6.850021166003034,3.0274134158052335,3.822607750197801,78.0,66.66666666666666,-5.391287718830054,-6.675834933248275,0.18824686498745993,3.822607750197801,supported
tff,TFF Detailed,Leveraged Funds,lev_money,trend26_raw_bn,NASDAQ-100,26w,487,0.05762603060166471,0.04009405440044683,0.028919259703081762,0.6053054633605628,0.5449760519904028,487,146,146,9.546354404455608,9.497856991102159,0.04849741335344859,74.65753424657534,84.24657534246576,-8.409451862086458,-8.39365291242202,0.04009405440044683,0.04849741335344859,none
tff,TFF Detailed,Other Reportables,other_reportable,net_z,S&P 500,1w,487,-0.0352679000105923,-0.026164594369618998,-0.040120275435891264,-0.7580180067945625,0.4484402029872262,487,146,146,0.22445760764235156,0.39349310369843304,-0.16903549605608148,61.64383561643836,68.4931506849315,-1.3258644827315778,-0.8437514400608344,0.026164594369618998,0.16903549605608148,none
tff,TFF Detailed,Other Reportables,other_reportable,net_z,S&P 500,4w,484,-0.07995340776779718,-0.08685512767661008,-0.1766816557626118,-1.1316896702817465,0.2577649258546042,484,145,145,1.1241696290816023,1.8005079949621992,-0.6763383658805968,66.20689655172414,77.24137931034483,-2.8636003667905925,-1.7900062480080947,0.08685512767661008,0.6763383658805968,none
tff,TFF Detailed,Other Reportables,other_reportable,net_z,S&P 500,13w,475,-0.026617234652096526,-0.07794601918049032,-0.09633810976842108,-0.26169989815640926,0.7935528190563594,475,143,143,3.8527814673187213,4.657301792116253,-0.8045203247975317,76.22377622377621,83.91608391608392,-5.115998013117173,-3.5667605466213916,0.07794601918049032,0.8045203247975317,none
tff,TFF Detailed,Other Reportables,other_reportable,net_z,S&P 500,26w,462,0.016915796278574355,-0.061644426983182524,0.07986141187660462,0.12297066850770999,0.9021303247886743,462,139,139,7.505686896537649,8.030617326949839,-0.5249304304121898,84.17266187050359,82.01438848920863,-6.986355384067579,-6.063593470763633,0.061644426983182524,0.5249304304121898,none
tff,TFF Detailed,Other Reportables,other_reportable,net_z,NASDAQ-100,1w,487,-0.0361975036272289,-0.028104320925317103,-0.05399978648712835,-0.806758314107703,0.4198057400719275,487,146,146,0.35340478602156505,0.6100585560042904,-0.2566537699827253,61.64383561643836,63.6986301369863,-1.699948683827966,-1.1042445537244192,0.028104320925317103,0.2566537699827253,none
tff,TFF Detailed,Other Reportables,other_reportable,net_z,NASDAQ-100,4w,484,-0.08963966580682642,-0.1036863303763593,-0.2502882285358416,-1.1327808603248617,0.25730629095140467,484,145,145,1.54475872801581,2.576511422516305,-1.0317526945004951,61.37931034482759,78.62068965517241,-3.60386843724901,-2.2830132389990814,0.1036863303763593,1.0317526945004951,none
tff,TFF Detailed,Other Reportables,other_reportable,net_z,NASDAQ-100,13w,475,-0.003562083293890771,-0.02751980472402152,-0.017271010707292485,-0.03497165776626708,0.9721023408696735,475,143,143,5.633329177047991,6.518220555471914,-0.884891378423923,72.02797202797203,84.61538461538461,-6.383540377675985,-4.211528441697671,0.02751980472402152,0.884891378423923,none
tff,TFF Detailed,Other Reportables,other_reportable,net_z,NASDAQ-100,26w,462,0.029489498980957807,-0.04645438658734948,0.19277845204996175,0.23909372007106314,0.8110329112384921,462,139,139,11.069578848906682,11.601646749198174,-0.5320679002914925,82.73381294964028,90.64748201438849,-8.53926937074422,-6.087929940584478,0.04645438658734948,0.5320679002914925,none
tff,TFF Detailed,Other Reportables,other_reportable,flow1_z,S&P 500,1w,486,-0.02675659143815511,-0.018652562396785033,-0.03237016313075487,-0.5323397067433343,0.59449073604335,486,146,146,0.2463565678370045,0.3221357282437619,-0.07577916040675742,58.9041095890411,65.06849315068493,-1.3544674342466905,-1.0073626570704424,0.018652562396785033,0.07577916040675742,none
tff,TFF Detailed,Other Reportables,other_reportable,flow1_z,S&P 500,4w,483,-0.010974685370288952,-0.006750273327282822,-0.025833986352247408,-0.27511677295737874,0.7832265256735043,483,145,145,1.258480346030466,0.9741727245421868,0.28430762148827926,71.03448275862068,71.72413793103448,-2.774445535844448,-2.6474458372275023,0.006750273327282822,0.28430762148827926,none
tff,TFF Detailed,Other Reportables,other_reportable,flow1_z,S&P 500,13w,474,-0.07584511972667347,-0.06734132143053329,-0.2930206324627447,-2.0027164090316916,0.04520773650203196,474,142,142,3.369472991326839,4.326798181887186,-0.9573251905603475,74.64788732394366,80.28169014084507,-5.89912737120516,-4.243453541675894,0.06734132143053329,0.9573251905603475,weak/mixed
tff,TFF Detailed,Other Reportables,other_reportable,flow1_z,S&P 500,26w,461,0.007908053854020991,-0.008960830737686347,0.03966675937528336,0.25242761501787747,0.8007105573967137,461,139,139,7.577071331252095,7.584521926263772,-0.007450595011676775,77.6978417266187,82.01438848920863,-8.082172153435108,-6.286025351943595,0.008960830737686347,0.007450595011676775,none
tff,TFF Detailed,Other Reportables,other_reportable,flow1_z,NASDAQ-100,1w,486,0.003942806167103654,-0.0068279531533763545,0.006255173595247451,0.09887509390024363,0.9212374441743214,486,146,146,0.39646529314883283,0.4870822623078218,-0.09061696915898898,58.21917808219178,59.589041095890416,-1.7258302302702135,-1.3240727591173884,0.0068279531533763545,0.09061696915898898,none
tff,TFF Detailed,Other Reportables,other_reportable,flow1_z,NASDAQ-100,4w,483,-0.03932218622176525,-0.05697742304929091,-0.11690602888007214,-0.9717664527940368,0.33116674873606167,483,145,145,1.5884185053238518,1.7231783341754034,-0.1347598288515517,64.82758620689654,69.6551724137931,-3.497228155850148,-3.2538168271721806,0.05697742304929091,0.1347598288515517,none
tff,TFF Detailed,Other Reportables,other_reportable,flow1_z,NASDAQ-100,13w,474,-0.07808227219925366,-0.06453546825020108,-0.4040783705390116,-2.002945966354291,0.04518308851979179,474,142,142,5.0383150208919885,6.080076800512428,-1.0417617796204395,71.12676056338029,78.16901408450704,-6.752735809999588,-5.298620441473462,0.06453546825020108,1.0417617796204395,tentative
tff,TFF Detailed,Other Reportables,other_reportable,flow1_z,NASDAQ-100,26w,461,0.005651457158124098,-0.00990249022881297,0.03925418871033098,0.23026147021979462,0.8178885985183366,461,139,139,11.220656362805846,10.45561405137066,0.7650423114351863,83.45323741007195,81.29496402877699,-8.740669618436815,-7.4748122426664585,0.00990249022881297,0.7650423114351863,none
tff,TFF Detailed,Other Reportables,other_reportable,flow4_z,S&P 500,1w,483,-0.012040482079974102,0.006488820578663622,-0.014400057680182364,-0.27481755920065987,0.7834564070441538,483,145,145,0.18351885365828974,0.14053266506271256,0.04298618859557718,60.0,57.24137931034483,-1.342390404196267,-1.0498405257369576,0.006488820578663622,0.04298618859557718,none
tff,TFF Detailed,Other Reportables,other_reportable,flow4_z,S&P 500,4w,480,-0.060939060437820866,-0.00873083216507016,-0.14162238070295752,-1.0910839713922256,0.2752359350707557,480,144,144,0.9148908968386265,0.7453065327449244,0.16958436409370203,68.05555555555556,67.36111111111111,-3.268880032580747,-2.701071184440286,0.00873083216507016,0.16958436409370203,none
tff,TFF Detailed,Other Reportables,other_reportable,flow4_z,S&P 500,13w,471,-0.15656713649394413,-0.14293368032506357,-0.5965598976531734,-3.216525745365963,0.0012975289118325683,471,142,142,1.8339989035341344,4.31970364197978,-2.4857047384456457,64.7887323943662,82.3943661971831,-7.167782042125709,-4.013719876668425,0.14293368032506357,2.4857047384456457,supported
tff,TFF Detailed,Other Reportables,other_reportable,flow4_z,S&P 500,26w,458,-0.0227486556985827,-0.030928666906613063,-0.11276690663464232,-0.5076842847512616,0.6116747712216712,458,138,138,6.736632497076614,6.37623496697205,0.36039753010456366,77.53623188405797,74.63768115942028,-9.115378358228512,-6.014031842127796,0.030928666906613063,0.36039753010456366,none
tff,TFF Detailed,Other Reportables,other_reportable,flow4_z,NASDAQ-100,1w,483,-0.03979633355272011,-0.03476032930053562,-0.06237444833251785,-0.9706044570978388,0.33174528560920313,483,145,145,0.2117715805838089,0.36058048620886546,-0.14880890562505655,55.172413793103445,60.689655172413794,-1.7275737973701828,-1.4085601830979244,0.03476032930053562,0.14880890562505655,none
tff,TFF Detailed,Other Reportables,other_reportable,flow4_z,NASDAQ-100,4w,480,-0.13053870497277809,-0.08195521681951744,-0.3826774155731152,-2.143419684162788,0.03207941389959294,480,144,144,1.0787338030363793,1.5012642051358729,-0.42253040209949355,61.111111111111114,68.75,-4.076650018284588,-3.3309569136056045,0.08195521681951744,0.42253040209949355,weak/mixed
tff,TFF Detailed,Other Reportables,other_reportable,flow4_z,NASDAQ-100,13w,471,-0.1636954662739115,-0.15400277011491614,-0.8354501150448549,-3.26242016695499,0.001104652817082148,471,142,142,3.0432417758950945,6.130839596753502,-3.087597820858407,64.08450704225352,79.5774647887324,-8.08257635796175,-5.1096408899622485,0.15400277011491614,3.087597820858407,supported
tff,TFF Detailed,Other Reportables,other_reportable,flow4_z,NASDAQ-100,26w,458,-0.042228336476757986,-0.03812868284475011,-0.289895559936325,-0.9511719334638826,0.34151710349525805,458,138,138,9.906769034054037,9.258474506962507,0.6482945270915295,81.88405797101449,76.08695652173914,-9.89954588240377,-7.39091885099147,0.03812868284475011,0.6482945270915295,none
tff,TFF Detailed,Other Reportables,other_reportable,trend13_z,S&P 500,1w,474,-0.08181380542292105,-0.062375160745549496,-0.09897636718373677,-1.7551135730490546,0.0792398831111916,474,142,142,0.030943774724832278,0.45567708429544423,-0.42473330957061195,58.45070422535211,66.19718309859155,-1.5658990712920953,-0.7828191586628461,0.062375160745549496,0.42473330957061195,weak/mixed
tff,TFF Detailed,Other Reportables,other_reportable,trend13_z,S&P 500,4w,471,-0.16673753109399764,-0.160389079407664,-0.3920701519811264,-2.603138283660551,0.00923746863994762,471,142,142,-0.1859426310391713,1.764272948321973,-1.9502155793611444,54.22535211267606,81.69014084507043,-4.14426183610059,-1.561491064277763,0.160389079407664,1.9502155793611444,tentative
tff,TFF Detailed,Other Reportables,other_reportable,trend13_z,S&P 500,13w,462,-0.09552294446087743,-0.12264261555641454,-0.3698641633196008,-1.2821075036964356,0.1998049370692919,462,139,139,2.17240090368182,4.375198266193216,-2.202797362511396,66.18705035971223,76.97841726618705,-7.6256287159470295,-3.1584839414654935,0.12264261555641454,2.202797362511396,weak/mixed
tff,TFF Detailed,Other Reportables,other_reportable,trend13_z,S&P 500,26w,449,-0.015985252011450686,-0.05114672817902216,-0.08029787432479814,-0.195070651565358,0.8453376378536445,449,135,135,6.819663295784201,7.796082408235162,-0.9764191124509614,78.51851851851852,85.92592592592592,-8.747979125506872,-4.861935294371743,0.05114672817902216,0.9764191124509614,none
tff,TFF Detailed,Other Reportables,other_reportable,trend13_z,NASDAQ-100,1w,474,-0.09091167335856441,-0.07999701397095384,-0.14396342125759196,-2.29079332875334,0.02197536967339654,474,142,142,0.06254494781723949,0.7146207803742655,-0.652075832557026,55.633802816901415,61.97183098591549,-1.9795409695041553,-1.074890553366886,0.07999701397095384,0.652075832557026,weak/mixed
tff,TFF Detailed,Other Reportables,other_reportable,trend13_z,NASDAQ-100,4w,471,-0.19148202381308524,-0.18463861025677542,-0.5676817130272264,-3.016771806140677,0.0025548205755252114,471,142,142,0.10303435225965885,2.5693873364105793,-2.4663529841509204,51.40845070422535,77.46478873239437,-4.927238191295164,-2.047675451191134,0.18463861025677542,2.4663529841509204,supported
tff,TFF Detailed,Other Reportables,other_reportable,trend13_z,NASDAQ-100,13w,462,-0.07177200603836377,-0.08186187486047401,-0.37220281244630526,-0.8846250285807538,0.3763589030649567,462,139,139,4.022715464440996,5.885244793298178,-1.8625293288571827,71.22302158273382,75.53956834532374,-8.56899933977869,-4.281292837786028,0.08186187486047401,1.8625293288571827,weak/mixed
tff,TFF Detailed,Other Reportables,other_reportable,trend13_z,NASDAQ-100,26w,449,-0.02327019863657014,-0.04502121115706861,-0.16211554106221587,-0.25522959012134905,0.7985457780796917,449,135,135,10.210806230117246,11.216748625427003,-1.0059423953097575,79.25925925925927,87.4074074074074,-9.798343489848786,-5.9858426178804365,0.04502121115706861,1.0059423953097575,none
tff,TFF Detailed,Other Reportables,other_reportable,trend26_z,S&P 500,1w,461,-0.005346047125840462,0.027830275920439088,-0.006496143149592859,-0.11205968334703478,0.9107760840491163,461,139,139,0.25245992151962493,0.34438243813323,-0.09192251661360507,64.02877697841727,61.15107913669065,-1.5308539052027317,-0.8599655853550079,0.027830275920439088,0.09192251661360507,none
tff,TFF Detailed,Other Reportables,other_reportable,trend26_z,S&P 500,4w,458,-0.047374887108963204,0.0029768467957193606,-0.11203120726294688,-0.7252206345402408,0.4683166858646094,458,138,138,0.5968568119852357,1.2332564862521225,-0.6363996742668868,65.94202898550725,72.46376811594203,-3.5533261981493744,-2.0407612887406077,0.0029768467957193606,0.6363996742668868,none
tff,TFF Detailed,Other Reportables,other_reportable,trend26_z,S&P 500,13w,449,-0.030039874690729683,-0.03212005514900837,-0.11700172742330393,-0.39335219507681374,0.6940593725514135,449,135,135,2.9100213954188754,4.07802580992377,-1.1680044145048947,71.85185185185186,82.22222222222221,-6.626045489359839,-3.3554207101249793,0.03212005514900837,1.1680044145048947,none
tff,TFF Detailed,Other Reportables,other_reportable,trend26_z,S&P 500,26w,436,-0.03544610042478492,-0.05579180472535341,-0.17905548744373473,-0.39797404908950124,0.6906493149959657,436,131,131,6.51846145527678,7.200418663154073,-0.6819572078772929,76.33587786259542,83.96946564885496,-8.08303006369683,-5.685742370580851,0.05579180472535341,0.6819572078772929,none
tff,TFF Detailed,Other Reportables,other_reportable,trend26_z,NASDAQ-100,1w,461,-0.016336967044333878,0.007218981150887215,-0.025955274598806182,-0.3778785780937968,0.7055207968147814,461,139,139,0.35344633121654145,0.49873692937369074,-0.1452905981571493,61.15107913669065,58.992805755395686,-1.9452247832713119,-1.2187167578212112,0.007218981150887215,0.1452905981571493,none
tff,TFF Detailed,Other Reportables,other_reportable,trend26_z,NASDAQ-100,4w,458,-0.07519493102189101,-0.03686612258413409,-0.22415500147078157,-1.0973731203535235,0.2724783186841099,458,138,138,0.8068694719452645,2.0071653261789293,-1.2002958542336648,58.69565217391305,74.63768115942028,-4.326240560794639,-2.674851635228438,0.03686612258413409,1.2002958542336648,none
tff,TFF Detailed,Other Reportables,other_reportable,trend26_z,NASDAQ-100,13w,449,-0.0291572094921798,-0.04437917594654788,-0.15234481402033517,-0.3716805874392322,0.7101306801752498,449,135,135,3.955489656377732,5.751939788735034,-1.7964501323573017,68.14814814814815,80.0,-7.762030992256445,-4.433148297999273,0.04437917594654788,1.7964501323573017,weak/mixed
tff,TFF Detailed,Other Reportables,other_reportable,trend26_z,NASDAQ-100,26w,436,-0.03846457077742735,-0.062449171358309255,-0.26956585215657036,-0.38029235274295065,0.7037284114995204,436,131,131,8.931562222322828,10.415132317434658,-1.4835700951118298,75.57251908396947,86.25954198473282,-9.533889131701542,-6.359929052102531,0.062449171358309255,1.4835700951118298,none
tff,TFF Detailed,Other Reportables,other_reportable,net_raw_bn,S&P 500,1w,538,0.0009326564142543603,-0.011228398726655698,0.0001605701871160729,0.01742626513061281,0.9860965557908008,538,162,162,0.3204191316616013,0.3523957840497025,-0.03197665238810121,59.876543209876544,62.96296296296296,-1.1416903815514385,-0.9620398601754937,0.011228398726655698,0.03197665238810121,none
tff,TFF Detailed,Other Reportables,other_reportable,net_raw_bn,S&P 500,4w,535,-0.023913997269414483,-0.07928777304279819,-0.007975065437590042,-0.27580588140807655,0.7826971661554061,535,161,161,1.2083775546491073,1.5382065165613892,-0.32982896191228184,66.45962732919256,74.53416149068323,-2.5419567055765873,-2.227737700945194,0.07928777304279819,0.32982896191228184,none
tff,TFF Detailed,Other Reportables,other_reportable,net_raw_bn,S&P 500,13w,526,0.037073884856511315,-0.07092684344681083,0.020180746445093618,0.3210587756504285,0.748165850070748,526,158,158,4.359744935277582,4.532987929341214,-0.17324299406363242,79.74683544303798,79.74683544303798,-4.664444433306144,-3.798119168280874,0.07092684344681083,0.17324299406363242,none
tff,TFF Detailed,Other Reportables,other_reportable,net_raw_bn,S&P 500,26w,513,0.05138383450642072,-0.08282846383143333,0.03666879546420274,0.33767040939245,0.73561157617273,513,154,154,7.887067846140034,7.5084006137590205,0.3786672323810132,86.36363636363636,77.27272727272727,-6.537351811542957,-6.263598655683154,0.08282846383143333,0.3786672323810132,none
tff,TFF Detailed,Other Reportables,other_reportable,net_raw_bn,NASDAQ-100,1w,538,-0.0027881798198689045,-0.010140217140813479,-0.0006291518491690553,-0.05398538025683424,0.9569468121201885,538,162,162,0.4410407644140937,0.4505658049654489,-0.009525040551355224,59.876543209876544,58.0246913580247,-1.5139684606391823,-1.3563086344527997,0.010140217140813479,0.009525040551355224,none
tff,TFF Detailed,Other Reportables,other_reportable,net_raw_bn,NASDAQ-100,4w,535,-0.028833620760138078,-0.08750001959121749,-0.01214560701105368,-0.3051559941202366,0.7602473464670683,535,161,161,1.4928043428681408,1.8907151131407873,-0.39791077027264654,62.11180124223602,71.42857142857143,-3.31849833741156,-3.047721266343713,0.08750001959121749,0.39791077027264654,none
tff,TFF Detailed,Other Reportables,other_reportable,net_raw_bn,NASDAQ-100,13w,526,0.06311802897728405,0.0014723868205444815,0.04606613648135468,0.5596059629506003,0.5757482366992265,526,158,158,5.95180014475838,5.1558502119899305,0.7959499327684494,75.31645569620254,77.84810126582279,-5.988638332889958,-5.318428644893496,0.0014723868205444815,0.7959499327684494,none
tff,TFF Detailed,Other Reportables,other_reportable,net_raw_bn,NASDAQ-100,26w,513,0.08265055943022928,-0.015440918179853005,0.08181807075091507,0.6210647337985964,0.5345570318143377,513,154,154,11.300949447052936,8.411465701807641,2.889483745245295,86.36363636363636,77.92207792207793,-8.026949026463814,-7.853780930852357,0.015440918179853005,2.889483745245295,weak/mixed
tff,TFF Detailed,Other Reportables,other_reportable,trend13_raw_bn,S&P 500,1w,525,-0.06024671721385058,-0.05324363211165521,-0.012420797274840557,-1.3836807737015098,0.16645622317580508,525,158,158,0.17268139128425228,0.4189308886778742,-0.24624949739362192,58.86075949367089,65.18987341772153,-1.484725270445985,-0.8476404617256159,0.05324363211165521,0.24624949739362192,weak/mixed
tff,TFF Detailed,Other Reportables,other_reportable,trend13_raw_bn,S&P 500,4w,522,-0.1270523487410319,-0.14274192197838684,-0.05094900452987285,-2.191840918011169,0.02839099541070645,522,157,157,0.028317546621175332,1.8007920294823387,-1.7724744828611634,55.4140127388535,79.61783439490446,-3.874427464569968,-1.663279708436403,0.14274192197838684,1.7724744828611634,tentative
tff,TFF Detailed,Other Reportables,other_reportable,trend13_raw_bn,S&P 500,13w,513,9.120347761073831e-05,-0.06765295768198057,6.066419779195521e-05,0.001428773795312547,0.9988600038357041,513,154,154,2.6290591919335466,4.107214912959316,-1.4781557210257694,69.48051948051948,77.92207792207793,-7.1444348206430615,-3.1502854752161835,0.06765295768198057,1.4781557210257694,none
tff,TFF Detailed,Other Reportables,other_reportable,trend13_raw_bn,S&P 500,26w,500,0.011116654652196245,-0.025684038736154942,0.009696553944609838,0.1477731159058145,0.8825218267689028,500,150,150,7.311544859896083,7.7850168637162245,-0.47347200382014165,78.66666666666666,86.66666666666667,-8.49691965328352,-4.978550895434872,0.025684038736154942,0.47347200382014165,none
tff,TFF Detailed,Other Reportables,other_reportable,trend13_raw_bn,NASDAQ-100,1w,525,-0.07374495058878591,-0.08124475994211575,-0.019946837026898333,-1.754353796932461,0.07936990298980728,525,158,158,0.22280317997512028,0.7124981501273941,-0.48969497015227387,57.59493670886076,63.92405063291139,-1.9133693867401453,-1.1344443757011446,0.08124475994211575,0.48969497015227387,weak/mixed
tff,TFF Detailed,Other Reportables,other_reportable,trend13_raw_bn,NASDAQ-100,4w,522,-0.14722047472913594,-0.1793772560987776,-0.07452727533201507,-2.3417093402656084,0.019195657585418958,522,157,157,0.2834295011192662,2.6729964831235846,-2.3895669820043186,52.86624203821656,77.70700636942675,-4.69778106248309,-2.101972077542486,0.1793772560987776,2.3895669820043186,supported
tff,TFF Detailed,Other Reportables,other_reportable,trend13_raw_bn,NASDAQ-100,13w,513,0.013896639065735022,-0.049568763226158795,0.012401778251598043,0.2100032479265563,0.8336651380820648,513,154,154,4.156634122949935,5.493558358261658,-1.3369242353117228,70.12987012987013,75.32467532467533,-8.331398070957828,-4.310087576604527,0.049568763226158795,1.3369242353117228,none
tff,TFF Detailed,Other Reportables,other_reportable,trend13_raw_bn,NASDAQ-100,26w,500,-0.0073842331399224395,-0.04338113352453409,-0.008937093016743017,-0.1010448868306317,0.9195148279557013,500,150,150,10.35920537946935,10.935118923301689,-0.5759135438323391,78.0,88.0,-9.863145782598508,-6.193219114881825,0.04338113352453409,0.5759135438323391,none
tff,TFF Detailed,Other Reportables,other_reportable,trend26_raw_bn,S&P 500,1w,512,0.021195027227712937,0.02434265958846889,0.003728237377260674,0.534213971387109,0.5931935039422767,512,154,154,0.2523363506844426,0.27419697018481703,-0.021860619500374434,64.28571428571429,59.74025974025974,-1.464835573456689,-0.8992500842634787,0.02434265958846889,0.021860619500374434,none
tff,TFF Detailed,Other Reportables,other_reportable,trend26_raw_bn,S&P 500,4w,509,-0.019688977051003347,0.021269033269604738,-0.006763011609325068,-0.331479467621938,0.7402823476349886,509,153,153,0.999429052698069,1.1166899002899373,-0.11726084759186828,67.97385620915033,69.93464052287581,-3.2374415991028775,-2.1054775872683695,0.021269033269604738,0.11726084759186828,none
tff,TFF Detailed,Other Reportables,other_reportable,trend26_raw_bn,S&P 500,13w,500,0.006422924878847158,-0.015872511490045958,0.0036909128882870517,0.08646577530517016,0.9310961614995045,500,150,150,3.4149841453159167,4.282155512233862,-0.8671713669179453,72.66666666666667,85.33333333333334,-6.123881365382583,-3.1556787287809556,0.015872511490045958,0.8671713669179453,none
tff,TFF Detailed,Other Reportables,other_reportable,trend26_raw_bn,S&P 500,26w,487,-0.001464343198854787,-0.02115818818111207,-0.0010939558095958103,-0.015502194962805752,0.9876315333768994,487,146,146,7.274752336958282,7.217871477360812,0.056880859597470135,78.08219178082192,85.61643835616438,-7.62552534414771,-5.333904682424691,0.02115818818111207,0.056880859597470135,none
tff,TFF Detailed,Other Reportables,other_reportable,trend26_raw_bn,NASDAQ-100,1w,512,0.0032927463690650386,0.000862244080520937,0.000760011097756445,0.08332294716805085,0.9335947545349814,512,154,154,0.3366460626082766,0.39762483993965775,-0.06097877733138113,59.74025974025974,57.14285714285714,-1.8891633710514149,-1.293885961679206,0.000862244080520937,0.06097877733138113,none
tff,TFF Detailed,Other Reportables,other_reportable,trend26_raw_bn,NASDAQ-100,4w,509,-0.048581008820555334,-0.028938031596160273,-0.02110477530796458,-0.7610184427407719,0.4466460516540108,509,153,153,1.2397243288029354,1.789767682754873,-0.5500433539519376,61.43790849673203,73.20261437908496,-4.043029372208984,-2.7973772252287894,0.028938031596160273,0.5500433539519376,none
tff,TFF Detailed,Other Reportables,other_reportable,trend26_raw_bn,NASDAQ-100,13w,500,-0.010503166602505744,-0.04072038688154752,-0.008105310618312125,-0.14742209932496836,0.8827988633548436,500,150,150,4.281447237636303,5.927396741808143,-1.6459495041718402,68.66666666666667,82.0,-7.4680197319706565,-4.2794244525409,0.04072038688154752,1.6459495041718402,weak/mixed
tff,TFF Detailed,Other Reportables,other_reportable,trend26_raw_bn,NASDAQ-100,26w,487,-0.01821413971307489,-0.032196343963492004,-0.018874810128255887,-0.1961916786509994,0.8444601409686838,487,146,146,9.423402260133587,10.385367486941915,-0.9619652268083279,76.71232876712328,88.35616438356165,-9.290256645764293,-6.111753852923014,0.032196343963492004,0.9619652268083279,none
tff,TFF Detailed,Non-reportable,non_reportable,net_z,S&P 500,1w,487,-0.026138986538538314,-0.058529768309169346,-0.02659139700256809,-0.6058655217628863,0.5446040560977957,487,146,146,0.2179330259967941,0.32702984263184826,-0.10909681663505416,60.273972602739725,65.06849315068493,-1.0181585620186329,-1.345648411744139,0.058529768309169346,0.10909681663505416,none
tff,TFF Detailed,Non-reportable,non_reportable,net_z,S&P 500,4w,484,-0.04964578213354182,-0.08725424772855603,-0.09822220097478046,-0.7283674010335477,0.4663887130493563,484,145,145,0.8678535123356713,1.3505123826859056,-0.48265887035023425,66.89655172413794,70.34482758620689,-2.43224308060076,-2.6673752101293773,0.08725424772855603,0.48265887035023425,none
tff,TFF Detailed,Non-reportable,non_reportable,net_z,S&P 500,13w,475,-0.046242241355334786,-0.03543911901869343,-0.1508137398786907,-0.4127304056757198,0.6798041452510679,475,143,143,3.194885543059154,3.936965311889736,-0.7420797688305822,77.62237762237763,76.92307692307693,-4.689354793957191,-4.322375464570438,0.03543911901869343,0.7420797688305822,none
tff,TFF Detailed,Non-reportable,non_reportable,net_z,S&P 500,26w,462,0.02128203559059307,0.020673970501324874,0.09041174322839439,0.15380404237103204,0.8777642464144417,462,139,139,7.1882205757940625,7.23203577941143,-0.04381520361736779,82.01438848920863,82.01438848920863,-6.677775735277868,-5.166262696954674,0.020673970501324874,0.04381520361736779,none
tff,TFF Detailed,Non-reportable,non_reportable,net_z,NASDAQ-100,1w,487,-0.04859066198599783,-0.07077300648681133,-0.06482377850527231,-1.1600193748707113,0.24604091785267396,487,146,146,0.2587784569495429,0.5348628660964437,-0.27608440914690086,56.16438356164384,64.38356164383562,-1.4560080708405152,-1.6742386095759603,0.07077300648681133,0.27608440914690086,none
tff,TFF Detailed,Non-reportable,non_reportable,net_z,NASDAQ-100,4w,484,-0.08431328069088992,-0.10238493017515876,-0.21077010264608964,-1.1166945554707042,0.2641249465690105,484,145,145,1.0479243092787391,1.9876846314475975,-0.9397603221688584,61.37931034482759,71.72413793103448,-3.309510012935925,-3.3142354883387615,0.10238493017515876,0.9397603221688584,none
tff,TFF Detailed,Non-reportable,non_reportable,net_z,NASDAQ-100,13w,475,-0.10072913425910571,-0.08481516523998008,-0.4400840515267981,-0.81632349924968,0.4143151376341794,475,143,143,3.8481724465353664,5.969174309111097,-2.121001862575731,70.62937062937063,76.22377622377621,-6.231774355745151,-5.357157765214079,0.08481516523998008,2.121001862575731,weak/mixed
tff,TFF Detailed,Non-reportable,non_reportable,net_z,NASDAQ-100,26w,462,-0.06214641862049464,-0.08198137511818447,-0.36557319209919537,-0.46719752121709596,0.6403585669456099,462,139,139,9.144771125192873,11.147638439076204,-2.00286731388333,86.33093525179856,76.97841726618705,-8.382101600146099,-6.304257366927964,0.08198137511818447,2.00286731388333,weak/mixed
tff,TFF Detailed,Non-reportable,non_reportable,flow1_z,S&P 500,1w,486,-0.05531782295508743,-0.049585885694468285,-0.06596735378714591,-1.2235318920185425,0.22112886617841881,486,146,146,0.08559909423122672,0.16724141615071508,-0.08164232191948836,59.589041095890416,58.21917808219178,-1.1176691782165769,-1.3312637518203827,0.049585885694468285,0.08164232191948836,none
tff,TFF Detailed,Non-reportable,non_reportable,flow1_z,S&P 500,4w,483,0.027640069728246116,0.05018156855035472,0.0648948163175914,0.799766011484653,0.4238463788476613,483,145,145,1.3790113168793863,0.991433665671563,0.3875776512078233,74.48275862068967,67.58620689655173,-2.400763264557794,-2.873002147169437,0.05018156855035472,0.3875776512078233,none
tff,TFF Detailed,Non-reportable,non_reportable,flow1_z,S&P 500,13w,474,-0.052729614361832794,-0.03083548247609417,-0.2068366893523782,-1.3341327175868083,0.1821603650276958,474,142,142,3.6771071791711267,4.014620897311982,-0.3375137181408552,78.87323943661971,79.5774647887324,-4.494823477284833,-5.161336242211978,0.03083548247609417,0.3375137181408552,weak/mixed
tff,TFF Detailed,Non-reportable,non_reportable,flow1_z,S&P 500,26w,461,-0.028608964052074113,-0.009835123850025294,-0.14809310949246482,-0.6863464553962162,0.49249466086766935,461,139,139,6.889480934815178,7.893759592291499,-1.0042786574763207,79.13669064748201,79.13669064748201,-6.5491135716068785,-6.903870072129758,0.009835123850025294,1.0042786574763207,none
tff,TFF Detailed,Non-reportable,non_reportable,flow1_z,NASDAQ-100,1w,486,-0.0757532018967727,-0.05450994012846154,-0.11846356992173673,-1.6835073298151078,0.09227692163346381,486,146,146,0.21178359441059658,0.37557201830476317,-0.1637884238941666,58.21917808219178,59.589041095890416,-1.441668249025634,-1.6608736028144417,0.05450994012846154,0.1637884238941666,weak/mixed
tff,TFF Detailed,Non-reportable,non_reportable,flow1_z,NASDAQ-100,4w,483,0.0008101662988079254,0.023923938230270538,0.0024023979698480913,0.02107444238047306,0.9831862723923884,483,145,145,1.9320115039897818,1.5199674289550782,0.41204407503470364,72.41379310344827,63.44827586206897,-3.0468788654263514,-3.513001486063778,0.023923938230270538,0.41204407503470364,none
tff,TFF Detailed,Non-reportable,non_reportable,flow1_z,NASDAQ-100,13w,474,-0.08497709541439671,-0.04922908335950805,-0.4464958907872358,-1.9052157159517924,0.05675203611908533,474,142,142,5.1003780863254695,5.857497104611732,-0.7571190182862626,76.76056338028168,75.35211267605634,-5.569909198015883,-6.253226063480937,0.04922908335950805,0.7571190182862626,weak/mixed
tff,TFF Detailed,Non-reportable,non_reportable,flow1_z,NASDAQ-100,26w,461,-0.04549006566779541,-0.019819678576634157,-0.32607518289984366,-1.1463313358698473,0.25165808183924093,461,139,139,9.966873557103154,11.314165449004475,-1.347291891901321,83.45323741007195,82.01438848920863,-7.5562980050379425,-7.8507269073740655,0.019819678576634157,1.347291891901321,none
tff,TFF Detailed,Non-reportable,non_reportable,flow4_z,S&P 500,1w,483,0.03176489917423363,0.01651934079401975,0.037055087954754165,0.6056247785044019,0.5447639445023763,483,145,145,0.29261884548682715,0.22703908839405143,0.06557975709277572,66.20689655172414,53.79310344827586,-0.9697081530145926,-1.3831095307850911,0.01651934079401975,0.06557975709277572,none
tff,TFF Detailed,Non-reportable,non_reportable,flow4_z,S&P 500,4w,480,-0.05888209165051392,-0.038064509828601684,-0.1345065381351237,-0.9333763388541008,0.3506256926073448,480,144,144,1.0466638233627303,1.133350935256265,-0.08668711189353462,70.13888888888889,68.75,-2.294712956680731,-3.0476503812665277,0.038064509828601684,0.08668711189353462,none
tff,TFF Detailed,Non-reportable,non_reportable,flow4_z,S&P 500,13w,471,-0.13049736286842722,-0.06609710102650444,-0.4885963293671412,-1.587257872136315,0.11245425236261408,471,142,142,2.7768934181856597,4.298439367092528,-1.5215459489068683,73.23943661971832,76.76056338028168,-4.490970285028468,-5.2607437545330304,0.06609710102650444,1.5215459489068683,weak/mixed
tff,TFF Detailed,Non-reportable,non_reportable,flow4_z,S&P 500,26w,458,-0.07203174192477473,0.014206988061198696,-0.355224848887987,-0.7609742252625562,0.4466724624029164,458,138,138,6.888647400577029,7.449393099026916,-0.5607456984498871,81.15942028985508,74.63768115942028,-6.995876150228577,-7.549781537348327,0.014206988061198696,0.5607456984498871,none
tff,TFF Detailed,Non-reportable,non_reportable,flow4_z,NASDAQ-100,1w,483,-0.0009678822115470602,-0.006689995422713182,-0.0014796744498226499,-0.019554698603673794,0.9843986021926125,483,145,145,0.37901307421824415,0.4923878218895062,-0.11337474767126204,58.620689655172406,59.310344827586206,-1.354172748992043,-1.6386012367234144,0.006689995422713182,0.11337474767126204,none
tff,TFF Detailed,Non-reportable,non_reportable,flow4_z,NASDAQ-100,4w,480,-0.08643985007239398,-0.01694636261442107,-0.2490758188925516,-1.2101171685257046,0.2262339361320419,480,144,144,1.4725543834312314,1.676120187501784,-0.20356580407055258,68.05555555555556,63.19444444444444,-3.042779246455854,-3.575377486201644,0.01694636261442107,0.20356580407055258,none
tff,TFF Detailed,Non-reportable,non_reportable,flow4_z,NASDAQ-100,13w,471,-0.17354333880697412,-0.09804909029518033,-0.8703357803060203,-2.0001359965585985,0.04548558072207298,471,142,142,3.7882871324495344,6.578591097253567,-2.790303964804033,72.53521126760563,73.94366197183099,-5.584386342310737,-6.374622224702004,0.09804909029518033,2.790303964804033,supported
tff,TFF Detailed,Non-reportable,non_reportable,flow4_z,NASDAQ-100,26w,458,-0.08318843087440372,0.00763350578622449,-0.5681382303998288,-0.9492092626031393,0.34251419151846385,458,138,138,10.465303055345952,11.167978897001076,-0.7026758416551235,86.23188405797102,77.53623188405797,-7.843369074466381,-8.520643694456874,0.00763350578622449,0.7026758416551235,none
tff,TFF Detailed,Non-reportable,non_reportable,trend13_z,S&P 500,1w,474,-0.06749111492442986,-0.07470227741054943,-0.07354624433701416,-1.3673215287795246,0.1715245465199422,474,142,142,0.32707316111758017,0.31817416860666886,0.008898992510911308,61.267605633802816,60.56338028169014,-0.9458153885588578,-1.3568348269300563,0.07470227741054943,0.008898992510911308,weak/mixed
tff,TFF Detailed,Non-reportable,non_reportable,trend13_z,S&P 500,4w,471,-0.13985171973747407,-0.11450462949138762,-0.2963935992820475,-2.0067067350582963,0.04478089847044751,471,142,142,1.24729264978813,1.9164725561412406,-0.6691799063531105,69.71830985915493,76.05633802816901,-2.0398894225557154,-2.605644825362875,0.11450462949138762,0.6691799063531105,weak/mixed
tff,TFF Detailed,Non-reportable,non_reportable,trend13_z,S&P 500,13w,462,-0.2016168416121026,-0.15505201029673604,-0.7069450280039594,-1.7615120785803555,0.07815177047269917,462,139,139,3.2862146096959335,4.786614971396666,-1.5004003617007329,76.2589928057554,75.53956834532374,-3.987119027615697,-4.423960189458382,0.15505201029673604,1.5004003617007329,tentative
tff,TFF Detailed,Non-reportable,non_reportable,trend13_z,S&P 500,26w,449,-0.010957620779710504,0.09604014211475234,-0.050779577617031,-0.06803642645766339,0.9457566373322984,449,135,135,9.134429705777656,6.3433314860606735,2.7910982197169822,89.62962962962962,71.85185185185186,-5.328155244239711,-6.440843426353808,0.09604014211475234,2.7910982197169822,weak/mixed
tff,TFF Detailed,Non-reportable,non_reportable,trend13_z,NASDAQ-100,1w,474,-0.10175576139594605,-0.10619496797765551,-0.14514447118232757,-2.2058256700458947,0.027396208211708045,474,142,142,0.4326366898530963,0.5972801741171133,-0.16464348426401704,57.04225352112676,61.97183098591549,-1.4111257959048606,-1.5679054549881766,0.10619496797765551,0.16464348426401704,weak/mixed
tff,TFF Detailed,Non-reportable,non_reportable,trend13_z,NASDAQ-100,4w,471,-0.18648091671126607,-0.15494819241962418,-0.4982896721190689,-2.4456934921039624,0.014457384927587257,471,142,142,1.5008326793444604,2.844477878844738,-1.3436451995002774,64.7887323943662,74.64788732394366,-2.896801610633927,-3.1588419205235185,0.15494819241962418,1.3436451995002774,tentative
tff,TFF Detailed,Non-reportable,non_reportable,trend13_z,NASDAQ-100,13w,462,-0.23191791619799013,-0.1656202382813234,-1.089138599692109,-1.9666071479137202,0.04922851877973154,462,139,139,4.134389594311286,6.817268880410207,-2.6828792860989212,74.10071942446042,72.66187050359713,-5.332090177304999,-5.7226939610508145,0.1656202382813234,2.6828792860989212,supported
tff,TFF Detailed,Non-reportable,non_reportable,trend13_z,NASDAQ-100,26w,449,-0.034817238318212415,0.04983375755647469,-0.22377271769361023,-0.2378989896356865,0.8119594391744892,449,135,135,12.0741980334952,9.213046280431309,2.8611517530638917,93.33333333333333,68.14814814814815,-6.822274768530611,-7.967062578612385,0.04983375755647469,2.8611517530638917,weak/mixed
tff,TFF Detailed,Non-reportable,non_reportable,trend26_z,S&P 500,1w,461,-0.04829229669751856,-0.08292250049299943,-0.05579258411577849,-1.1100075202977073,0.2669957858799801,461,139,139,0.16851115429786662,0.4212119338355342,-0.25270077953766756,61.15107913669065,67.62589928057554,-1.0895726359262246,-1.3130831788684114,0.08292250049299943,0.25270077953766756,none
tff,TFF Detailed,Non-reportable,non_reportable,trend26_z,S&P 500,4w,458,-0.09704013453247197,-0.1422399415335173,-0.21818382969359706,-1.3548891915047612,0.1754528637965699,458,138,138,0.6657343810232562,1.9414784966060117,-1.2757441155827554,66.66666666666666,75.36231884057972,-2.694728229687572,-2.5531589660992235,0.1422399415335173,1.2757441155827554,weak/mixed
tff,TFF Detailed,Non-reportable,non_reportable,trend26_z,S&P 500,13w,449,-0.01791353909586862,-0.008711024498886413,-0.06590063136544756,-0.14167539554753072,0.8873364103846215,449,135,135,3.94705726637121,4.420628768331299,-0.4735715019600888,78.51851851851852,78.51851851851852,-4.717867075823752,-4.296886519673075,0.008711024498886413,0.4735715019600888,none
tff,TFF Detailed,Non-reportable,non_reportable,trend26_z,S&P 500,26w,436,0.08510824072564858,0.12496060033720466,0.40747180143230965,0.5515071864098001,0.5812860416834893,436,131,131,9.84168175429959,7.923012686420478,1.9186690678791116,90.83969465648855,80.1526717557252,-5.881914498890467,-5.348967471607991,0.12496060033720466,1.9186690678791116,weak/mixed
tff,TFF Detailed,Non-reportable,non_reportable,trend26_z,NASDAQ-100,1w,461,-0.07097058237879823,-0.09772093416345044,-0.1072033549678808,-1.667771249694599,0.09536114523519246,461,139,139,0.20142042117240244,0.6186344593240618,-0.41721403815165936,55.39568345323741,66.90647482014388,-1.5023109834261097,-1.5834492603836436,0.09772093416345044,0.41721403815165936,weak/mixed
tff,TFF Detailed,Non-reportable,non_reportable,trend26_z,NASDAQ-100,4w,458,-0.12123225340404416,-0.1374854803384156,-0.3436041405103632,-1.5989540166790164,0.10983082032138741,458,138,138,1.0357696728367094,2.7082474295924013,-1.6724777567556919,62.31884057971014,76.81159420289855,-3.4113943428022226,-3.162364572920902,0.1374854803384156,1.6724777567556919,weak/mixed
tff,TFF Detailed,Non-reportable,non_reportable,trend26_z,NASDAQ-100,13w,449,-0.042322876625588673,-0.020050641637501324,-0.20886752406417738,-0.3570140019160316,0.7210813235638033,449,135,135,4.9709899138335345,5.80883838915868,-0.8378484753251456,76.29629629629629,73.33333333333333,-5.983158283845662,-5.396418304747902,0.020050641637501324,0.8378484753251456,none
tff,TFF Detailed,Non-reportable,non_reportable,trend26_z,NASDAQ-100,26w,436,0.05019904025027582,0.10189024271060994,0.3334311528297959,0.38448740616522603,0.7006172283557077,436,131,131,12.142892215913667,10.002975481571333,2.139916734342334,94.65648854961832,73.2824427480916,-7.213937876354231,-6.750662915697713,0.10189024271060994,2.139916734342334,weak/mixed
tff,TFF Detailed,Non-reportable,non_reportable,net_raw_bn,S&P 500,1w,538,-0.024934625411398417,-0.05905282735907822,-0.0031945634289702817,-0.6963791893009494,0.4861913922973395,538,162,162,0.38105051508246846,0.28869594005208704,0.09235457503038141,61.72839506172839,62.96296296296296,-0.9392350584191917,-1.2141806805394766,0.05905282735907822,0.09235457503038141,none
tff,TFF Detailed,Non-reportable,non_reportable,net_raw_bn,S&P 500,4w,535,-0.03853142450787562,-0.07826252544899151,-0.009705236828363616,-0.6697444443647366,0.5030207142803759,535,161,161,1.4679340644376988,1.302327508201006,0.16560655623669285,71.42857142857143,68.94409937888199,-2.1994162854818886,-2.457530790330971,0.07826252544899151,0.16560655623669285,none
tff,TFF Detailed,Non-reportable,non_reportable,net_raw_bn,S&P 500,13w,526,-0.018746780158900505,-0.0031326510734307213,-0.008228964066667675,-0.18717550543079703,0.8515230292583473,526,158,158,4.7924065799713675,4.008099516174975,0.7843070637963923,83.54430379746836,79.11392405063292,-4.207115704969392,-3.778504868863827,0.0031326510734307213,0.7843070637963923,none
tff,TFF Detailed,Non-reportable,non_reportable,net_raw_bn,S&P 500,26w,513,0.057817922543253325,0.027100026025667287,0.03477623666040366,0.5222740257516526,0.6014795512964204,513,154,154,8.859931440462452,7.75841732992346,1.101514110538992,85.06493506493507,87.66233766233766,-6.221117757790402,-4.296641818561102,0.027100026025667287,1.101514110538992,none
tff,TFF Detailed,Non-reportable,non_reportable,net_raw_bn,NASDAQ-100,1w,538,-0.040708234948175895,-0.07051368127684596,-0.006835690729184461,-1.0786670952291961,0.28073615924806183,538,162,162,0.5032146246601341,0.48104490991340176,0.02216971474673235,59.25925925925925,62.34567901234568,-1.325692831317084,-1.5319319359056227,0.07051368127684596,0.02216971474673235,none
tff,TFF Detailed,Non-reportable,non_reportable,net_raw_bn,NASDAQ-100,4w,535,-0.07353130211010026,-0.10050827454662005,-0.023393827964783127,-1.2174753343523619,0.22342341551702105,535,161,161,1.8797217194649707,1.9932665933108615,-0.11354487384589085,67.70186335403726,72.04968944099379,-3.0089898693476402,-3.016145003834933,0.10050827454662005,0.11354487384589085,none
tff,TFF Detailed,Non-reportable,non_reportable,net_raw_bn,NASDAQ-100,13w,526,-0.07244705173787315,-0.07065935413782833,-0.042638157371680196,-0.7073715407925902,0.4793356177902141,526,158,158,5.92922395701005,6.117794694996842,-0.18857073798679203,75.9493670886076,80.37974683544303,-5.663882415037654,-4.5377928523697255,0.07065935413782833,0.18857073798679203,none
tff,TFF Detailed,Non-reportable,non_reportable,net_raw_bn,NASDAQ-100,26w,513,0.000229413890268991,-0.0683106213165859,0.00019141374163404961,0.0020399097294148865,0.9983723886502797,513,154,154,11.08016549785423,12.157963706225917,-1.0777982083716875,88.31168831168831,83.11688311688312,-7.779774677810904,-5.148420523937406,0.0683106213165859,1.0777982083716875,none
tff,TFF Detailed,Non-reportable,non_reportable,trend13_raw_bn,S&P 500,1w,525,-0.06992548317414611,-0.06297017468932832,-0.01715331626939195,-1.5559386340012118,0.11972268540177841,525,158,158,0.2934561044970417,0.34021774238612296,-0.046761637889081276,61.39240506329114,61.39240506329114,-0.9358388082300871,-1.2732441970797503,0.06297017468932832,0.046761637889081276,weak/mixed
tff,TFF Detailed,Non-reportable,non_reportable,trend13_raw_bn,S&P 500,4w,522,-0.13652221796517805,-0.10749113062879681,-0.06527900199307929,-2.1881644016824087,0.028657629133878634,522,157,157,1.225459830684556,1.637996028507547,-0.4125361978229909,68.78980891719745,74.52229299363057,-2.058257309832595,-2.6489148544345342,0.10749113062879681,0.4125361978229909,weak/mixed
tff,TFF Detailed,Non-reportable,non_reportable,trend13_raw_bn,S&P 500,13w,513,-0.22485478528495265,-0.13615370503106014,-0.18391945481503216,-2.9340151772027587,0.0033460784621484633,513,154,154,3.5834081168887137,4.782313854286001,-1.1989057373972876,78.57142857142857,77.92207792207793,-4.008600911863821,-4.255748244953281,0.13615370503106014,1.1989057373972876,tentative
tff,TFF Detailed,Non-reportable,non_reportable,trend13_raw_bn,S&P 500,26w,500,-0.08340056464415416,0.07901762807051227,-0.09623155294327185,-0.6505599003977551,0.5153306227286227,500,150,150,8.99615715615863,6.749410425297047,2.2467467308615827,90.0,74.66666666666667,-5.340373818382519,-6.1338144234011285,0.07901762807051227,2.2467467308615827,weak/mixed
tff,TFF Detailed,Non-reportable,non_reportable,trend13_raw_bn,NASDAQ-100,1w,525,-0.10771943673901059,-0.09629167685998731,-0.03466828494338236,-2.504455354003697,0.012264008225589186,525,158,158,0.32334719000136314,0.6215382076377862,-0.2981910176364231,55.69620253164557,62.65822784810127,-1.414804620248878,-1.49880808926681,0.09629167685998731,0.2981910176364231,weak/mixed
tff,TFF Detailed,Non-reportable,non_reportable,trend13_raw_bn,NASDAQ-100,4w,522,-0.20529900591416267,-0.14751488661888895,-0.12392275004975747,-3.121714413470573,0.0017980126473538163,522,157,157,1.5222783400754958,2.5325962186653532,-1.0103178785898574,64.96815286624204,73.88535031847134,-2.945383862307582,-3.196109614071632,0.14751488661888895,1.0103178785898574,tentative
tff,TFF Detailed,Non-reportable,non_reportable,trend13_raw_bn,NASDAQ-100,13w,513,-0.27602605528696417,-0.15991305933852143,-0.3029205513673213,-3.852517649558997,0.00011690954700955224,513,154,154,4.501863020388248,6.950950483757384,-2.4490874633691364,73.37662337662337,75.97402597402598,-5.447528366852832,-5.456305994051357,0.15991305933852143,2.4490874633691364,supported
tff,TFF Detailed,Non-reportable,non_reportable,trend13_raw_bn,NASDAQ-100,26w,500,-0.10864910352157052,0.015534782139128556,-0.17394911554141057,-1.0438105841997127,0.29657303371633525,500,150,150,11.753641525883438,9.711920946292413,2.0417205795910256,93.33333333333333,70.66666666666667,-6.926137776379792,-7.577085500062223,0.015534782139128556,2.0417205795910256,weak/mixed
tff,TFF Detailed,Non-reportable,non_reportable,trend26_raw_bn,S&P 500,1w,512,-0.06699357059344702,-0.0846039005905174,-0.014747835360683222,-1.9459280087636572,0.051663387931666256,512,154,154,0.17307750012136122,0.4568779854524648,-0.2838004853311036,58.44155844155844,67.53246753246754,-1.05982754424088,-1.2864632806747112,0.0846039005905174,0.2838004853311036,weak/mixed
tff,TFF Detailed,Non-reportable,non_reportable,trend26_raw_bn,S&P 500,4w,509,-0.12239949877409917,-0.14231748854113682,-0.052871762207898326,-2.119323100409187,0.034063170710459154,509,153,153,0.7922281069029757,1.8826404751951742,-1.0904123682921985,67.97385620915033,75.16339869281046,-2.5012317189890467,-2.486484446388363,0.14231748854113682,1.0904123682921985,tentative
tff,TFF Detailed,Non-reportable,non_reportable,trend26_raw_bn,S&P 500,13w,500,-0.09588585961290234,-0.04114566858267433,-0.06829261768753225,-1.0015050538962706,0.3165826980082607,500,150,150,4.103552351426822,4.412078912496045,-0.3085265610692227,80.0,80.0,-4.492528592704175,-4.044494557384644,0.04114566858267433,0.3085265610692227,none
tff,TFF Detailed,Non-reportable,non_reportable,trend26_raw_bn,S&P 500,26w,487,0.026226291206118576,0.07962800886185947,0.024437770533295516,0.20225470796848508,0.8397176059887386,487,146,146,9.421988610692507,7.866322272021413,1.5556663386710943,89.04109589041096,82.1917808219178,-6.0669974782896485,-5.022135816052288,0.07962800886185947,1.5556663386710943,weak/mixed
tff,TFF Detailed,Non-reportable,non_reportable,trend26_raw_bn,NASDAQ-100,1w,512,-0.08280206531171509,-0.09732209018550944,-0.023918194980723947,-2.323404018788143,0.02015745842680744,512,154,154,0.16695877207080853,0.6918739493034965,-0.524915177232688,53.246753246753244,67.53246753246754,-1.4978886469829993,-1.5771808134941052,0.09732209018550944,0.524915177232688,weak/mixed
tff,TFF Detailed,Non-reportable,non_reportable,trend26_raw_bn,NASDAQ-100,4w,509,-0.15147720270372705,-0.1383556383430807,-0.0827539335643818,-2.4568322414317554,0.014016812453891725,509,153,153,0.9753955782221649,2.591376529799451,-1.6159809515772858,60.78431372549019,77.77777777777779,-3.3621747216377194,-3.108231000397019,0.1383556383430807,1.6159809515772858,tentative
tff,TFF Detailed,Non-reportable,non_reportable,trend26_raw_bn,NASDAQ-100,13w,500,-0.13091016430336877,-0.04705737222948892,-0.12521057719329984,-1.6398342117442044,0.10103964269201968,500,150,150,4.928423047518953,5.781659840549758,-0.8532367930308054,74.66666666666667,76.0,-6.023600284985925,-5.1722516983270905,0.04705737222948892,0.8532367930308054,weak/mixed
tff,TFF Detailed,Non-reportable,non_reportable,trend26_raw_bn,NASDAQ-100,26w,487,-0.005231659501908846,0.06211395077936074,-0.006762093903350213,-0.052594152596247286,0.9580552760764106,487,146,146,11.095224604736378,10.285802621174273,0.809421983562105,92.46575342465754,76.02739726027397,-7.864100790454061,-6.36428455898082,0.06211395077936074,0.809421983562105,none
legacy,Legacy,Noncommercial,noncommercial,net_z,S&P 500,1w,487,-0.04340159103765766,-0.05401198204521776,-0.05521328605378219,-1.1396134354967296,0.25444738540734735,487,146,146,0.12793361421197177,0.4045601038264649,-0.2766264896144931,57.534246575342465,62.328767123287676,-1.280207724395971,-1.0449080336219603,0.05401198204521776,0.2766264896144931,none
legacy,Legacy,Noncommercial,noncommercial,net_z,S&P 500,4w,484,-0.08822793557542215,-0.07167702921747174,-0.21800568928026692,-1.4091636403114474,0.15878678633638052,484,145,145,0.4644518803019731,1.3703897733842338,-0.9059378930822608,64.13793103448275,70.34482758620689,-3.149639456006846,-2.2750406767102893,0.07167702921747174,0.9059378930822608,weak/mixed
legacy,Legacy,Noncommercial,noncommercial,net_z,S&P 500,13w,475,-0.1754120794047559,-0.14524053992016528,-0.7099146797386395,-1.8107841230602233,0.07017427493152462,475,143,143,1.61680933967777,4.140231371291225,-2.523422031613455,61.53846153846154,80.41958041958041,-6.226801601361793,-3.6558241432109826,0.14524053992016528,2.523422031613455,tentative
legacy,Legacy,Noncommercial,noncommercial,net_z,S&P 500,26w,462,-0.26628593320891886,-0.30268119272209354,-1.4226523161954063,-1.7733468966315797,0.07617124259536119,462,139,139,2.079903241101856,8.966542377839271,-6.886639136737415,53.23741007194245,92.80575539568345,-10.032349954756693,-4.192368606611165,0.30268119272209354,6.886639136737415,tentative
legacy,Legacy,Noncommercial,noncommercial,net_z,NASDAQ-100,1w,487,-0.06422183317312494,-0.05575087885093384,-0.10713953574980849,-1.7175106772156838,0.08588590526041696,487,146,146,0.24305608762936703,0.6150182716394106,-0.37196218401004355,58.21917808219178,63.013698630136986,-1.6451959110729546,-1.3385528255326806,0.05575087885093384,0.37196218401004355,weak/mixed
legacy,Legacy,Noncommercial,noncommercial,net_z,NASDAQ-100,4w,484,-0.14529903951681056,-0.10942176278552138,-0.45363877364364014,-2.138903516487932,0.03244348320460434,484,145,145,0.6367525696622912,2.19141555569441,-1.554662986032119,60.689655172413794,71.03448275862068,-3.8838251339609213,-2.8431019451577497,0.10942176278552138,1.554662986032119,tentative
legacy,Legacy,Noncommercial,noncommercial,net_z,NASDAQ-100,13w,475,-0.22132637259861876,-0.18087907781367046,-1.1999366583382576,-1.9167040823809776,0.05527553634326297,475,143,143,2.060803048158049,6.48854725436662,-4.427744206208571,60.83916083916085,78.32167832167832,-7.8444369525857685,-4.75165346907005,0.18087907781367046,4.427744206208571,tentative
legacy,Legacy,Noncommercial,noncommercial,net_z,NASDAQ-100,26w,462,-0.3150096556771289,-0.32917581146850783,-2.330349032439488,-2.0335505418284794,0.041996932772693736,462,139,139,2.566463616364185,13.649608933066826,-11.083145316702641,56.11510791366906,89.92805755395683,-12.316395420186588,-5.178665207132009,0.32917581146850783,11.083145316702641,supported
legacy,Legacy,Noncommercial,noncommercial,flow1_z,S&P 500,1w,486,-0.022417216585718238,-0.0560684974933089,-0.027262002748167802,-0.6278091851104157,0.5301289483147287,486,146,146,-0.0811779921127869,0.3643734617865733,-0.44555145389936024,55.47945205479452,63.6986301369863,-1.4414787552810497,-1.036520703747042,0.0560684974933089,0.44555145389936024,none
legacy,Legacy,Noncommercial,noncommercial,flow1_z,S&P 500,4w,483,0.010979466068367172,-0.03391047474494245,0.02594195559656345,0.3205451064417646,0.7485551426490307,483,145,145,0.7639773699950434,1.2763800156685472,-0.5124026456735038,64.82758620689654,73.10344827586206,-2.938695418534182,-2.4669511863547093,0.03391047474494245,0.5124026456735038,none
legacy,Legacy,Noncommercial,noncommercial,flow1_z,S&P 500,13w,474,-0.01172516822104486,-0.011090956980054174,-0.045526087075446336,-0.32353072828532115,0.7462933399442716,474,142,142,3.1398665790604356,3.434746586132716,-0.29488000707228057,74.64788732394366,73.23943661971832,-5.35509041353517,-4.895760790564166,0.011090956980054174,0.29488000707228057,none
legacy,Legacy,Noncommercial,noncommercial,flow1_z,S&P 500,26w,461,0.00526115685580385,-0.021043419468393536,0.027366270490572747,0.16905322865055883,0.8657547734563572,461,139,139,6.727322739353596,7.3045727147851025,-0.5772499754315064,76.2589928057554,79.85611510791367,-7.22794708296851,-6.576589988841232,0.021043419468393536,0.5772499754315064,none
legacy,Legacy,Noncommercial,noncommercial,flow1_z,NASDAQ-100,1w,486,-0.0029436447134636896,-0.017415668524568655,-0.004694413049537813,-0.08204770584239293,0.9346087775317541,486,146,146,-0.02382671845116967,0.37500656159017504,-0.3988332800413447,56.849315068493155,56.849315068493155,-1.8267641330711064,-1.428419990589869,0.017415668524568655,0.3988332800413447,none
legacy,Legacy,Noncommercial,noncommercial,flow1_z,NASDAQ-100,4w,483,-0.03046203020184764,-0.046268829656558645,-0.09090342374901615,-0.7109243607733499,0.477131109190514,483,145,145,1.0145718736006242,1.7627345539234467,-0.7481626803228225,64.13793103448275,68.27586206896552,-3.689696095789723,-3.185940635842874,0.046268829656558645,0.7481626803228225,none
legacy,Legacy,Noncommercial,noncommercial,flow1_z,NASDAQ-100,13w,474,-0.017323649060747466,-0.016629083077807187,-0.09009967427255208,-0.380005383211378,0.7039414191561889,474,142,142,4.403797680736879,4.774122896161987,-0.3703252154251073,73.23943661971832,69.01408450704226,-6.656750420005102,-6.145596350415576,0.016629083077807187,0.3703252154251073,none
legacy,Legacy,Noncommercial,noncommercial,flow1_z,NASDAQ-100,26w,461,-0.014391072026410224,-0.027084101412121787,-0.10365636494884184,-0.4703953944028954,0.6380725540308089,461,139,139,9.177483403933921,10.222722411565925,-1.045239007632004,76.2589928057554,82.73381294964028,-8.7604047867744,-7.995215287646784,0.027084101412121787,1.045239007632004,none
legacy,Legacy,Noncommercial,noncommercial,flow4_z,S&P 500,1w,483,0.014687340109650138,-0.016030940669715207,0.017456662965612584,0.38454000600526433,0.7005782503967743,483,145,145,0.329858000432845,0.322517812594345,0.007340187838500045,60.0,63.44827586206897,-1.1027150800184942,-1.2624426231966748,0.016030940669715207,0.007340187838500045,none
legacy,Legacy,Noncommercial,noncommercial,flow4_z,S&P 500,4w,480,-0.002200327959623462,-0.009843792724794811,-0.005080861859331313,-0.0367197197404077,0.9707084851661902,480,144,144,1.337347037739602,1.3339995004217977,0.003347537317804239,70.83333333333334,70.83333333333334,-2.4771351935850063,-2.6853581466240515,0.009843792724794811,0.003347537317804239,none
legacy,Legacy,Noncommercial,noncommercial,flow4_z,S&P 500,13w,471,-0.026076415169709318,-0.04071977048931807,-0.0997761614373862,-0.3396778974109775,0.7340991083959718,471,142,142,3.3565638685187476,4.127556337259173,-0.7709924687404253,76.76056338028168,74.64788732394366,-4.747810650300616,-5.136648200041773,0.04071977048931807,0.7709924687404253,none
legacy,Legacy,Noncommercial,noncommercial,flow4_z,S&P 500,26w,458,-1.6717726775687113e-05,-0.048146351568698016,-8.515007661739904e-05,-0.00026191298824794013,0.9997910236727925,458,138,138,6.013405655539549,8.500704131661072,-2.4872984761215227,72.46376811594203,85.5072463768116,-7.753868878764423,-6.441530077898005,0.048146351568698016,2.4872984761215227,weak/mixed
legacy,Legacy,Noncommercial,noncommercial,flow4_z,NASDAQ-100,1w,483,-0.029726782741729428,-0.03035216141017069,-0.04630301637206316,-0.725458780329459,0.4681706236225235,483,145,145,0.4176035090496999,0.5308950086957515,-0.11329149964605156,58.620689655172406,58.620689655172406,-1.4987362818735168,-1.614431573753844,0.03035216141017069,0.11329149964605156,none
legacy,Legacy,Noncommercial,noncommercial,flow4_z,NASDAQ-100,4w,480,-0.08977599552674327,-0.05730960203820328,-0.26149753253000585,-1.2519897142430139,0.210573611966331,480,144,144,1.4798406492935772,2.086468971365543,-0.6066283220719659,66.66666666666666,68.75,-3.3771864441249093,-3.27997060603193,0.05730960203820328,0.6066283220719659,none
legacy,Legacy,Noncommercial,noncommercial,flow4_z,NASDAQ-100,13w,471,-0.04121723241136706,-0.04156642418590549,-0.21124583597333943,-0.46907135496422797,0.6390186333309708,471,142,142,4.482263015963714,6.006827270243362,-1.5245642542796487,73.94366197183099,74.64788732394366,-6.209380595031343,-6.247943406840138,0.04156642418590549,1.5245642542796487,weak/mixed
legacy,Legacy,Noncommercial,noncommercial,flow4_z,NASDAQ-100,26w,458,-0.04583532449536723,-0.062183528522426645,-0.3233104865059041,-0.6888309335274023,0.4909296667969541,458,138,138,8.083705245461811,12.298898023756065,-4.215192778294254,78.98550724637681,84.78260869565217,-9.157480685470889,-7.418811050439461,0.062183528522426645,4.215192778294254,weak/mixed
legacy,Legacy,Noncommercial,noncommercial,trend13_z,S&P 500,1w,474,-0.014927098107757868,-0.0032671101577102235,-0.01838119764112444,-0.40115066246487346,0.6883092027210439,474,142,142,0.39479310341017765,0.23388902667103537,0.16090407673914228,58.45070422535211,61.97183098591549,-1.0939649527980504,-1.2100658713009893,0.0032671101577102235,0.16090407673914228,none
legacy,Legacy,Noncommercial,noncommercial,trend13_z,S&P 500,4w,471,-0.011936345999399146,0.008873210967450003,-0.028733673995750185,-0.18562324491632462,0.8527402235531151,471,142,142,1.4817172511859869,1.1034129016663752,0.37830434951961167,73.94366197183099,69.01408450704226,-2.3822055012780834,-2.739971779852661,0.008873210967450003,0.37830434951961167,none
legacy,Legacy,Noncommercial,noncommercial,trend13_z,S&P 500,13w,462,0.0013287635679598234,-0.00025402931565232504,0.005326575978812568,0.015912805130007826,0.9873039542798415,462,139,139,3.895046288964292,3.5782080577355067,0.3168382312287852,77.6978417266187,71.22302158273382,-4.261602736595958,-5.082120001191354,0.00025402931565232504,0.3168382312287852,none
legacy,Legacy,Noncommercial,noncommercial,trend13_z,S&P 500,26w,449,0.01880701089913431,0.02006575458691271,0.09821648359388402,0.1961338029479744,0.8445054391279071,449,135,135,7.066205407692254,7.711730495631327,-0.645525087939073,71.85185185185186,85.92592592592592,-7.2198710236708825,-5.702034557427408,0.02006575458691271,0.645525087939073,none
legacy,Legacy,Noncommercial,noncommercial,trend13_z,NASDAQ-100,1w,474,-0.023546345583821803,-0.006378214382800475,-0.03795329820317461,-0.5896746689469572,0.5554087809634347,474,142,142,0.5017851577495566,0.28021643188468126,0.2215687258648753,57.04225352112676,59.859154929577464,-1.4864329980145532,-1.580259679907795,0.006378214382800475,0.2215687258648753,none
legacy,Legacy,Noncommercial,noncommercial,trend13_z,NASDAQ-100,4w,471,-0.03669799246117281,-0.008926270382510149,-0.1113803424492108,-0.4760859266425762,0.6340131627881533,471,142,142,1.7187041492652138,1.5772369739059633,0.14146717535925046,70.4225352112676,66.90140845070422,-3.122476321379063,-3.4483894644639945,0.008926270382510149,0.14146717535925046,none
legacy,Legacy,Noncommercial,noncommercial,trend13_z,NASDAQ-100,13w,462,-0.026033382258673063,-0.02580213787421332,-0.13977227110797733,-0.2772060899555484,0.7816218636957146,462,139,139,4.253307436711618,5.182306559437447,-0.9289991227258287,73.38129496402878,71.22302158273382,-5.797461387726926,-6.458387678246085,0.02580213787421332,0.9289991227258287,none
legacy,Legacy,Noncommercial,noncommercial,trend13_z,NASDAQ-100,26w,449,-0.025720644923269656,-0.0019812546399406083,-0.1862886765349329,-0.255462335076622,0.79836603093593,449,135,135,8.036663081475545,10.699768378129988,-2.663105296654443,72.5925925925926,83.7037037037037,-9.233495185986548,-6.991618120086624,0.0019812546399406083,2.663105296654443,weak/mixed
legacy,Legacy,Noncommercial,noncommercial,trend26_z,S&P 500,1w,461,-0.01020165346451718,-0.04819611210255368,-0.012418852488098106,-0.23087679625933036,0.8174105176768062,461,139,139,0.19568638143741598,0.4268453264776784,-0.23115894504026244,56.83453237410072,63.30935251798561,-1.3209131005069794,-1.1092426886822317,0.04819611210255368,0.23115894504026244,none
legacy,Legacy,Noncommercial,noncommercial,trend26_z,S&P 500,4w,458,-0.0022240598601082767,0.00870258505715964,-0.005258814133524598,-0.031088811152445554,0.9751987127647153,458,138,138,1.174251710424708,1.3332171548264569,-0.15896544440174876,71.01449275362319,70.28985507246377,-2.9178676072107477,-2.522682601436138,0.00870258505715964,0.15896544440174876,none
legacy,Legacy,Noncommercial,noncommercial,trend26_z,S&P 500,13w,449,-0.009743575906006137,0.0029838795206278495,-0.03783883300672028,-0.09207091655717889,0.9266416955049026,449,135,135,2.9235075265969366,4.192323314578026,-1.2688157879810893,66.66666666666666,80.0,-5.556057589929443,-3.970774981470579,0.0029838795206278495,1.2688157879810893,none
legacy,Legacy,Noncommercial,noncommercial,trend26_z,S&P 500,26w,436,-0.04179359969688773,-0.06440594285184786,-0.21179594327635778,-0.3497752102648383,0.726507404640295,436,131,131,5.211852673386098,8.16835853695341,-2.956505863567311,64.12213740458014,89.31297709923665,-8.737385607203672,-4.53108388895582,0.06440594285184786,2.956505863567311,weak/mixed
legacy,Legacy,Noncommercial,noncommercial,trend26_z,NASDAQ-100,1w,461,-0.03352680564386815,-0.05626366465751547,-0.053362291330854184,-0.7432683235601895,0.4573192454150753,461,139,139,0.2733778117224452,0.6011449381589199,-0.3277671264364747,53.956834532374096,61.15107913669065,-1.6954765375201268,-1.4008880215182204,0.05626366465751547,0.3277671264364747,none
legacy,Legacy,Noncommercial,noncommercial,trend26_z,NASDAQ-100,4w,458,-0.05340108172974799,-0.041047635232001375,-0.15916971705664423,-0.6811379031381822,0.4957842356179622,458,138,138,1.4555575721932186,1.844175757399663,-0.38861818520644453,64.4927536231884,68.11594202898551,-3.630631774774381,-3.194422372034223,0.041047635232001375,0.38861818520644453,none
legacy,Legacy,Noncommercial,noncommercial,trend26_z,NASDAQ-100,13w,449,-0.05419213169772149,-0.06423056527733587,-0.28232098227634383,-0.4834653670558941,0.6287653447629244,449,135,135,3.1940973771895584,5.854512888054209,-2.660415510864651,63.70370370370371,79.25925925925927,-7.375237583757615,-5.309053274061977,0.06423056527733587,2.660415510864651,weak/mixed
legacy,Legacy,Noncommercial,noncommercial,trend26_z,NASDAQ-100,26w,436,-0.0931093873989271,-0.10781152156900788,-0.6546152854120363,-0.7662131103973806,0.44354950873958876,436,131,131,5.91050579614385,11.24834584491535,-5.3378400487715005,67.17557251908397,84.7328244274809,-11.061175487225333,-5.823989706070175,0.10781152156900788,5.3378400487715005,weak/mixed
legacy,Legacy,Noncommercial,noncommercial,net_raw_bn,S&P 500,1w,538,-0.017505170844726584,-0.05272247874834381,-0.002026976055952646,-0.5538326914559722,0.5796933528156534,538,162,162,-0.00400839531308884,0.3240844730974297,-0.32809286841051855,58.0246913580247,61.111111111111114,-1.1607184415909844,-0.8960760383327281,0.05272247874834381,0.32809286841051855,none
legacy,Legacy,Noncommercial,noncommercial,net_raw_bn,S&P 500,4w,535,-0.05441755412574239,-0.0948634962330007,-0.01222879459094113,-0.9959785715764617,0.3192605568739586,535,161,161,0.20664217901383508,1.229753185157484,-1.023111006143649,63.975155279503106,69.56521739130434,-2.9765536481175077,-2.1312940673765346,0.0948634962330007,1.023111006143649,none
legacy,Legacy,Noncommercial,noncommercial,net_raw_bn,S&P 500,13w,526,-0.10023356208505702,-0.20578103435658573,-0.03693744675442694,-1.3196057002325623,0.1869666987223413,526,158,158,1.3905531032195668,4.3176059043944015,-2.9270528011748347,64.55696202531645,81.64556962025317,-5.493126494148333,-3.9082758136577054,0.20578103435658573,2.9270528011748347,weak/mixed
legacy,Legacy,Noncommercial,noncommercial,net_raw_bn,S&P 500,26w,513,-0.18853008795355375,-0.3417657206407719,-0.09916191281887847,-1.9058647302225264,0.05666775805421939,513,154,154,2.1042437518370627,9.231109755533662,-7.1268660036966,59.09090909090909,92.85714285714286,-9.254594670286469,-5.098924738304988,0.3417657206407719,7.1268660036966,tentative
legacy,Legacy,Noncommercial,noncommercial,net_raw_bn,NASDAQ-100,1w,538,-0.02306179128270697,-0.039899028215544405,-0.0034999897131061173,-0.6743761979198227,0.5000721712699431,538,162,162,0.07825853802155824,0.4767260444504228,-0.3984675064288646,56.79012345679012,58.0246913580247,-1.5468965302707234,-1.2857667299701394,0.039899028215544405,0.3984675064288646,none
legacy,Legacy,Noncommercial,noncommercial,net_raw_bn,NASDAQ-100,4w,535,-0.06065348974210138,-0.08104032499478873,-0.01721624317963757,-0.993661989523905,0.32038745382675404,535,161,161,0.48180155929868024,1.829110952289938,-1.3473093929912578,64.59627329192547,67.70186335403726,-3.622494654183765,-2.8907702975377956,0.08104032499478873,1.3473093929912578,none
legacy,Legacy,Noncommercial,noncommercial,net_raw_bn,NASDAQ-100,13w,526,-0.07056878823035644,-0.16918002034617355,-0.03486788461085178,-0.8236934666952602,0.41011375260856486,526,158,158,2.0185576211392244,5.893234903746731,-3.874677282607507,67.08860759493672,75.9493670886076,-6.730363710110382,-5.201662464573289,0.16918002034617355,3.874677282607507,weak/mixed
legacy,Legacy,Noncommercial,noncommercial,net_raw_bn,NASDAQ-100,26w,513,-0.15140406656568492,-0.30055948073816197,-0.11046763823991428,-1.4787982550615544,0.1391942423657501,513,154,154,3.5975603074771647,13.236304869787991,-9.638744562310826,64.28571428571429,92.85714285714286,-10.722337205891842,-6.384462846875655,0.30055948073816197,9.638744562310826,weak/mixed
legacy,Legacy,Noncommercial,noncommercial,trend13_raw_bn,S&P 500,1w,525,0.0001463983656832446,-0.017915503937040524,1.7600368883265928e-05,0.004494698369213581,0.9964137616407946,525,158,158,0.27355494585805257,0.3500187576089823,-0.07646381175092976,56.32911392405063,65.18987341772153,-1.1407445406242027,-1.0917234272490604,0.017915503937040524,0.07646381175092976,none
legacy,Legacy,Noncommercial,noncommercial,trend13_raw_bn,S&P 500,4w,522,-0.01695158677227298,-0.011196353871448945,-0.0040266247759214845,-0.3126777922013661,0.7545254694156532,522,157,157,1.5581937096535379,1.1865254172683455,0.3716682923851924,68.78980891719745,68.78980891719745,-2.271942719330072,-2.540433953221822,0.011196353871448945,0.3716682923851924,none
legacy,Legacy,Noncommercial,noncommercial,trend13_raw_bn,S&P 500,13w,513,0.02439039254616724,-0.01716911848362801,0.009884572838317182,0.3631080143097536,0.7165241980721139,513,154,154,4.005016920415762,3.948789406763136,0.05622751365262557,79.87012987012987,76.62337662337663,-4.071862574761894,-4.512465637783476,0.01716911848362801,0.05622751365262557,none
legacy,Legacy,Noncommercial,noncommercial,trend13_raw_bn,S&P 500,26w,500,0.03840382682174951,0.009065316261265045,0.02074320955060041,0.5246733174812511,0.5998103091616362,500,150,150,7.246217808660448,8.076950114384577,-0.8307323057241289,74.0,87.33333333333333,-6.9460019512635185,-5.121502951732419,0.009065316261265045,0.8307323057241289,none
legacy,Legacy,Noncommercial,noncommercial,trend13_raw_bn,NASDAQ-100,1w,525,0.010068078641467519,-0.003105763130724673,0.0015880267190544282,0.27244306754719483,0.7852813614976804,525,158,158,0.4161622128021315,0.404715947670079,0.011446265132052491,55.69620253164557,61.39240506329114,-1.50869129958583,-1.461133128332664,0.003105763130724673,0.011446265132052491,none
legacy,Legacy,Noncommercial,noncommercial,trend13_raw_bn,NASDAQ-100,4w,522,-0.0029396904373107024,-0.00257204699177479,-0.0008815083475428669,-0.04737470042799507,0.962214592507866,522,157,157,1.9042568333865757,1.718397693390008,0.18585913999656767,70.70063694267516,69.42675159235668,-3.009172751137523,-3.2150326939601137,0.00257204699177479,0.18585913999656767,none
legacy,Legacy,Noncommercial,noncommercial,trend13_raw_bn,NASDAQ-100,13w,513,0.023055734392697865,-0.023187642927844906,0.012536352627786074,0.34444254964796717,0.7305134942635033,513,154,154,4.717493957860399,5.728280568027545,-1.0107866101671457,74.67532467532467,75.32467532467533,-5.49482901695428,-5.791043650000944,0.023187642927844906,1.0107866101671457,none
legacy,Legacy,Noncommercial,noncommercial,trend13_raw_bn,NASDAQ-100,26w,500,0.010286528203826223,-0.006323257293029173,0.007709351502925138,0.17260894907118596,0.862958817146902,500,150,150,8.554795153340383,11.31410537310514,-2.7593102197647568,75.33333333333333,85.33333333333334,-8.850374924556542,-6.316142467528672,0.006323257293029173,2.7593102197647568,weak/mixed
legacy,Legacy,Noncommercial,noncommercial,trend26_raw_bn,S&P 500,1w,512,0.0030004423271423005,-0.06118678545679267,0.0003469985729025823,0.07377605821505358,0.941188577874044,512,154,154,0.2259935277803981,0.3058386778451651,-0.079845150064767,55.84415584415584,64.28571428571429,-1.1802062742404977,-1.032642584005131,0.06118678545679267,0.079845150064767,none
legacy,Legacy,Noncommercial,noncommercial,trend26_raw_bn,S&P 500,4w,509,0.002160303552203244,0.0023180709252901234,0.0004850491393827451,0.03635272268608335,0.9710011110703641,509,153,153,1.1481039514639078,1.1721513813966344,-0.024047429932726683,69.93464052287581,69.93464052287581,-2.697470392029013,-2.4121538794953294,0.0023180709252901234,0.024047429932726683,none
legacy,Legacy,Noncommercial,noncommercial,trend26_raw_bn,S&P 500,13w,500,0.04323210774415153,-0.006677402709610838,0.01608787489195059,0.5129775602644504,0.6079670175918903,500,150,150,3.0209427904678847,4.0277011336940935,-1.0067583432262088,69.33333333333334,79.33333333333333,-5.331249526895334,-4.058309329969624,0.006677402709610838,1.0067583432262088,none
legacy,Legacy,Noncommercial,noncommercial,trend26_raw_bn,S&P 500,26w,487,0.012428709202735562,-0.053403051282339,0.006169872213401846,0.1546182403956254,0.8771222891775943,487,146,146,5.850023775034816,8.176639722506595,-2.3266159474717787,69.86301369863014,89.04109589041096,-8.236543342126314,-5.1400070322827105,0.053403051282339,2.3266159474717787,weak/mixed
legacy,Legacy,Noncommercial,noncommercial,trend26_raw_bn,NASDAQ-100,1w,512,-0.017741441338851305,-0.07266033591398588,-0.002692299570730523,-0.409517188835381,0.6821601551510867,512,154,154,0.2927635300688184,0.5062133959272683,-0.21344986585844994,51.94805194805194,63.63636363636363,-1.6066508901090668,-1.318733301239424,0.07266033591398588,0.21344986585844994,none
legacy,Legacy,Noncommercial,noncommercial,trend26_raw_bn,NASDAQ-100,4w,509,-0.03288183639943454,-0.04071092725566938,-0.009337363078532087,-0.5181954682290072,0.6043218963182592,509,153,153,1.197026870455191,1.7768765209069186,-0.5798496504517276,63.39869281045751,68.62745098039215,-3.6436311797853103,-3.024209350367335,0.04071092725566938,0.5798496504517276,none
legacy,Legacy,Noncommercial,noncommercial,trend26_raw_bn,NASDAQ-100,13w,500,0.024391606977500636,-0.0620061680246721,0.01218936663628736,0.3211007085676879,0.7481340733592021,500,150,150,3.157749955963421,5.67727699756127,-2.5195270415978492,64.66666666666666,76.0,-7.265607283124965,-5.351544868361814,0.0620061680246721,2.5195270415978492,weak/mixed
legacy,Legacy,Noncommercial,noncommercial,trend26_raw_bn,NASDAQ-100,26w,487,-0.01999135680872454,-0.1000955006239956,-0.013766052974220833,-0.2859853018151624,0.7748893790788043,487,146,146,6.551278712586809,11.475920522820331,-4.924641810233522,70.54794520547945,85.61643835616438,-10.727495910501377,-6.416658948528325,0.1000955006239956,4.924641810233522,weak/mixed
legacy,Legacy,Commercial,commercial,net_z,S&P 500,1w,487,0.05316518478066437,0.08818742890959316,0.061633271354539075,1.3101585354920584,0.19014220962951608,487,146,146,0.4093613351702143,-0.021187173187145,0.4305485083573593,63.013698630136986,53.42465753424658,-1.1157326445048357,-1.3200701080016475,0.08818742890959316,0.4305485083573593,weak/mixed
legacy,Legacy,Commercial,commercial,net_z,S&P 500,4w,484,0.10230706905429354,0.09910137130706788,0.23078627064103308,1.5574472738532428,0.11936432970141539,484,145,145,1.291528327319003,0.3167786586338114,0.9747496686851916,68.96551724137932,62.06896551724138,-2.4336684572960134,-3.239797316765477,0.09910137130706788,0.9747496686851916,weak/mixed
legacy,Legacy,Commercial,commercial,net_z,S&P 500,13w,475,0.18008841922724103,0.1820107603334472,0.6718606428347477,1.7516372902636397,0.07983619618836674,475,143,143,4.2864177219991095,0.8080877517065165,3.478329970292593,80.41958041958041,56.64335664335665,-3.8848386704834637,-6.898286686566367,0.1820107603334472,3.478329970292593,tentative
legacy,Legacy,Commercial,commercial,net_z,S&P 500,26w,462,0.21992892065857586,0.26596796334384354,1.0688825572226668,1.6572698361733254,0.09746493284540281,462,139,139,9.17221354697826,2.6271526627923767,6.545060884185883,91.36690647482014,58.992805755395686,-4.393506674351499,-10.78745278400972,0.26596796334384354,6.545060884185883,tentative
legacy,Legacy,Commercial,commercial,net_z,NASDAQ-100,1w,487,0.07625194713852206,0.08708530682588424,0.11592255574647345,1.9124958135165877,0.055812629083390505,487,146,146,0.5851604414784255,0.012677762618737945,0.5724826788596875,62.328767123287676,53.42465753424658,-1.4159723649466813,-1.7925243141192362,0.08708530682588424,0.5724826788596875,weak/mixed
legacy,Legacy,Commercial,commercial,net_z,NASDAQ-100,4w,484,0.1590980532759568,0.13225003267788807,0.45347662541165407,2.2120492153463958,0.02696326455233525,484,145,145,1.9372736967856927,0.2897620477428805,1.647511649042812,68.96551724137932,55.172413793103445,-3.035095113270926,-4.255162176521778,0.13225003267788807,1.647511649042812,tentative
legacy,Legacy,Commercial,commercial,net_z,NASDAQ-100,13w,475,0.23392748415649772,0.2340343412514906,1.1691040380414806,1.9126754333176452,0.05578961608581837,475,143,143,6.74945355569907,0.7811343207928582,5.968319234906212,79.72027972027972,54.54545454545454,-4.977107864509173,-8.923721965768609,0.2340343412514906,5.968319234906212,tentative
legacy,Legacy,Commercial,commercial,net_z,NASDAQ-100,26w,462,0.2771428150255034,0.31224754125481713,1.8650815590727394,2.020223434937514,0.04336021649484117,462,139,139,14.171920299416486,3.3815915062134247,10.790328793203061,88.48920863309353,61.87050359712231,-5.284952376805183,-13.479536241691358,0.31224754125481713,10.790328793203061,supported
legacy,Legacy,Commercial,commercial,flow1_z,S&P 500,1w,486,0.03674322160977686,0.07348798165566794,0.04543007284568526,0.9320066101509756,0.35133310933005824,486,146,146,0.30890110914859914,-0.06009092342605005,0.3689920325746492,63.6986301369863,55.47945205479452,-1.1888636029338635,-1.3656663033889898,0.07348798165566794,0.3689920325746492,none
legacy,Legacy,Commercial,commercial,flow1_z,S&P 500,4w,483,-0.01894863611064091,0.013864344043275701,-0.04559160269360368,-0.5148241386727848,0.6066759158480169,483,145,145,1.0273050729434245,1.0994741010644964,-0.07216902812107184,66.89655172413794,67.58620689655173,-2.8391833519322422,-2.691964149247786,0.013864344043275701,0.07216902812107184,none
legacy,Legacy,Commercial,commercial,flow1_z,S&P 500,13w,474,0.02598353125464988,0.03601629921137847,0.1029374778332476,0.649058247936617,0.5163007275201116,474,142,142,3.682367884904913,3.131274389899234,0.551093495005679,73.94366197183099,74.64788732394366,-5.311115987383334,-5.280728774837172,0.03601629921137847,0.551093495005679,none
legacy,Legacy,Commercial,commercial,flow1_z,S&P 500,26w,461,0.006465607299460427,0.02746527263173496,0.03418661978576873,0.17133598488881982,0.8639595869429595,461,139,139,7.507102155354263,6.503646254948611,1.003455900405652,78.41726618705036,76.2589928057554,-7.147693129664656,-7.5427197441488225,0.02746527263173496,1.003455900405652,none
legacy,Legacy,Commercial,commercial,flow1_z,NASDAQ-100,1w,486,0.026724143763154386,0.04749962039630886,0.043330114757734864,0.6785559685782596,0.49741924986361996,486,146,146,0.45856140909078946,0.010740188627838395,0.4478212204629511,59.589041095890416,56.849315068493155,-1.5068005758220244,-1.7370162506683926,0.04749962039630886,0.4478212204629511,none
legacy,Legacy,Commercial,commercial,flow1_z,NASDAQ-100,4w,483,0.02636510128640524,0.04163808081115742,0.08011913526124549,0.5964597096911066,0.5508681619168977,483,145,145,1.6988086914955578,1.453991861404625,0.2448168300909328,66.20689655172414,65.51724137931035,-3.481409149342272,-3.4252976169236593,0.04163808081115742,0.2448168300909328,none
legacy,Legacy,Commercial,commercial,flow1_z,NASDAQ-100,13w,474,0.0407798096344096,0.04380273616038921,0.21640293434978336,0.8419578820861798,0.39981152917603846,474,142,142,5.511177537700242,4.370093555437179,1.141083982263063,69.71830985915493,72.53521126760563,-6.2908002405878936,-6.51062445227066,0.04380273616038921,1.141083982263063,none
legacy,Legacy,Commercial,commercial,flow1_z,NASDAQ-100,26w,461,0.029493703244554796,0.04212627888945913,0.2159457232995821,0.767834405106284,0.4425855714966077,461,139,139,10.810444766377579,8.926315199973622,1.8841295664039563,81.29496402877699,76.97841726618705,-8.22663146942619,-8.956401999106859,0.04212627888945913,1.8841295664039563,weak/mixed
legacy,Legacy,Commercial,commercial,flow4_z,S&P 500,1w,483,-0.022023793842205822,-0.002370327424039723,-0.02665164916000874,-0.5173145904394434,0.6049365705278509,483,145,145,0.4208338094410287,0.3342350085338511,0.08659880090717764,64.82758620689654,61.37931034482759,-1.2334360889996638,-1.1000722036420554,0.002370327424039723,0.08659880090717764,none
legacy,Legacy,Commercial,commercial,flow4_z,S&P 500,4w,480,0.020480964162478573,0.002545041428131198,0.04820116859213082,0.33677855244626426,0.7362838422350281,480,144,144,1.5078110716988173,1.3612272341893308,0.14658383750948656,69.44444444444444,70.83333333333334,-2.616994417386975,-2.4656930484272994,0.002545041428131198,0.14658383750948656,none
legacy,Legacy,Commercial,commercial,flow4_z,S&P 500,13w,471,0.05857161439707835,0.030764698721291072,0.22801253769589475,0.7073318576929929,0.47936027232445233,471,142,142,4.251868836968079,3.3803745581113174,0.8714942788567615,76.05633802816901,76.76056338028168,-5.24681224424014,-4.727916757317923,0.030764698721291072,0.8714942788567615,none
legacy,Legacy,Commercial,commercial,flow4_z,S&P 500,26w,458,0.022518331360859623,0.009371212389478356,0.11578787218397248,0.28512372083610077,0.7755493573940409,458,138,138,7.981947657401591,6.792198579923848,1.1897490774777433,80.43478260869566,76.08695652173914,-6.9629961090795245,-7.167237085125444,0.009371212389478356,1.1897490774777433,none
legacy,Legacy,Commercial,commercial,flow4_z,NASDAQ-100,1w,483,0.02644573153058579,0.021097160101309475,0.04194023297258656,0.6199382931747475,0.5352984135093721,483,145,145,0.7726551660370278,0.4959941494571582,0.2766610165798696,63.44827586206897,59.310344827586206,-1.4901565758742215,-1.451435729568721,0.021097160101309475,0.2766610165798696,none
legacy,Legacy,Commercial,commercial,flow4_z,NASDAQ-100,4w,480,0.10476932899651285,0.04151374354923415,0.31102745580623814,1.4957037792203696,0.13473086504361864,480,144,144,2.4016264337164657,1.611258835275037,0.7903675984414287,68.75,66.66666666666666,-3.073431802393647,-3.2744326111443107,0.04151374354923415,0.7903675984414287,weak/mixed
legacy,Legacy,Commercial,commercial,flow4_z,NASDAQ-100,13w,471,0.08313907308948505,0.041265983861668826,0.43351800241484245,0.9072338582199166,0.36428314251557825,471,142,142,6.237890282221827,4.7037515359657,1.5341387462561276,75.35211267605634,75.35211267605634,-6.294422921773732,-6.020496288018986,0.041265983861668826,1.5341387462561276,weak/mixed
legacy,Legacy,Commercial,commercial,flow4_z,NASDAQ-100,26w,458,0.06329517339844713,0.01996682594186614,0.4507223793177276,0.7981795641981527,0.42476629473196864,458,138,138,11.628890429022254,9.141610594005437,2.4872798350168175,79.71014492753623,79.71014492753623,-7.923990153099424,-8.70210547842788,0.01996682594186614,2.4872798350168175,weak/mixed
legacy,Legacy,Commercial,commercial,trend13_z,S&P 500,1w,474,0.03987069886851498,0.03521807167314814,0.04803522262484848,1.0201819473556566,0.3076421776894469,474,142,142,0.3342979896959642,0.32435971666279334,0.009938273033170852,59.859154929577464,59.154929577464785,-1.2947843167515394,-1.0593536376920212,0.03521807167314814,0.009938273033170852,none
legacy,Legacy,Commercial,commercial,trend13_z,S&P 500,4w,471,0.06328814056821877,0.05113239357682475,0.14862860751696266,0.9817850197430675,0.32620576972642557,471,142,142,1.4775123862581998,1.0339595190147903,0.4435528672434095,69.01408450704226,67.6056338028169,-2.9671258827600284,-2.5612199021646047,0.05113239357682475,0.4435528672434095,none
legacy,Legacy,Commercial,commercial,trend13_z,S&P 500,13w,462,0.07462870574367518,0.08510846078252832,0.2924056117189278,0.778516526928787,0.4362645674050205,462,139,139,4.768318851544524,3.363147412765007,1.4051714387795164,76.2589928057554,74.82014388489209,-4.8401043644352075,-4.541460979310756,0.08510846078252832,1.4051714387795164,none
legacy,Legacy,Commercial,commercial,trend13_z,S&P 500,26w,449,0.004663388406806128,-0.018907360271502808,0.023765691347495833,0.04016971710515057,0.9679578203847645,449,135,135,8.266562919247622,7.571039950701943,0.6955229685456796,85.18518518518519,78.51851851851852,-5.56103134544325,-6.843669978527714,0.018907360271502808,0.6955229685456796,none
legacy,Legacy,Commercial,commercial,trend13_z,NASDAQ-100,1w,474,0.058159012101542555,0.047631726840316475,0.0917171544148352,1.4545993392498189,0.14578021405311292,474,142,142,0.4547103082659386,0.42424310998373743,0.03046719828220118,59.859154929577464,57.74647887323944,-1.6338859136526271,-1.4996348420548347,0.047631726840316475,0.03046719828220118,weak/mixed
legacy,Legacy,Commercial,commercial,trend13_z,NASDAQ-100,4w,471,0.09958302188265261,0.08159561834891044,0.29485727982778087,1.3427397560163659,0.17935625670256394,471,142,142,2.1965273875313676,1.236524206923872,0.9600031806074956,67.6056338028169,63.38028169014085,-3.667028221891176,-3.4143892029007836,0.08159561834891044,0.9600031806074956,weak/mixed
legacy,Legacy,Commercial,commercial,trend13_z,NASDAQ-100,13w,462,0.1084925905934274,0.10845847040521964,0.5693376247606751,1.0269826080056716,0.30442865366597277,462,139,139,7.180907030241358,4.029068827565966,3.1518382026753926,74.10071942446042,72.66187050359713,-6.155888915584848,-6.045501281240751,0.10845847040521964,3.1518382026753926,weak/mixed
legacy,Legacy,Commercial,commercial,trend13_z,NASDAQ-100,26w,449,0.04440678285609246,0.004182044755541414,0.31386159188629476,0.3932813276171523,0.6941117078452034,449,135,135,11.531601453051794,9.446180705366588,2.0854207476852054,82.22222222222221,79.25925925925927,-6.850352621805306,-9.011466599047825,0.004182044755541414,2.0854207476852054,weak/mixed
legacy,Legacy,Commercial,commercial,trend26_z,S&P 500,1w,461,0.030056541863756624,0.069670063973563,0.035225278474213896,0.681589343371758,0.49549865526375175,461,139,139,0.39834192715799127,0.08298103557050665,0.3153608915874846,61.15107913669065,53.956834532374096,-1.183317054599695,-1.3073578861555026,0.069670063973563,0.3153608915874846,none
legacy,Legacy,Commercial,commercial,trend26_z,S&P 500,4w,458,0.04584580690308956,0.046478592902320384,0.10444977935232583,0.6354588143057669,0.5251292198566405,458,138,138,1.4776701748882568,1.0050794472591869,0.47259072762906995,69.56521739130434,69.56521739130434,-2.5813492248731955,-2.8656014955949405,0.046478592902320384,0.47259072762906995,none
legacy,Legacy,Commercial,commercial,trend26_z,S&P 500,13w,449,0.03419344726497129,0.01957153462721391,0.1278261346994924,0.30122827541461716,0.7632404298974962,449,135,135,4.475949836908319,3.1073330692238623,1.3686167676844563,80.0,68.14814814814815,-4.043858157791746,-5.130703525932225,0.01957153462721391,1.3686167676844563,none
legacy,Legacy,Commercial,commercial,trend26_z,S&P 500,26w,436,0.026446665121965102,0.03257304230550104,0.12875014920060773,0.20840557947992475,0.8349123001791698,436,131,131,8.629588638628753,5.521330384820634,3.1082582538081196,88.54961832061069,67.93893129770993,-4.576670892315069,-8.216588658959974,0.03257304230550104,3.1082582538081196,weak/mixed
legacy,Legacy,Commercial,commercial,trend26_z,NASDAQ-100,1w,461,0.054721303097577646,0.079477873819098,0.08385003448808108,1.226705292899893,0.21993337763976784,461,139,139,0.5864438678338998,0.106900454130699,0.4795434137032008,61.87050359712231,51.07913669064749,-1.487212220773724,-1.704096940132762,0.079477873819098,0.4795434137032008,none
legacy,Legacy,Commercial,commercial,trend26_z,NASDAQ-100,4w,458,0.0930820646552194,0.08041645752545806,0.2673270796957846,1.2023710020298735,0.22921981897715582,458,138,138,2.0677649641012104,1.0397796479710895,1.027985316130121,68.84057971014492,62.31884057971014,-3.2460897849275723,-3.743254995373817,0.08041645752545806,1.027985316130121,none
legacy,Legacy,Commercial,commercial,trend26_z,NASDAQ-100,13w,449,0.07533101252458181,0.08237989182309893,0.377779280426903,0.6545504057880628,0.5127572637538905,449,135,135,6.187696157525083,2.9390926109628874,3.248603546562195,79.25925925925927,65.18518518518519,-5.263627183419691,-7.123567576428173,0.08237989182309893,3.248603546562195,weak/mixed
legacy,Legacy,Commercial,commercial,trend26_z,NASDAQ-100,26w,436,0.0702914468757759,0.07829996155953893,0.47474906907472675,0.597183386489015,0.550384949891089,436,131,131,11.897148637986916,5.929377293788424,5.967771344198492,83.96946564885496,70.22900763358778,-5.718106475589873,-10.668585629241884,0.07829996155953893,5.967771344198492,weak/mixed
legacy,Legacy,Commercial,commercial,net_raw_bn,S&P 500,1w,538,0.03816685139715761,0.09803363252483133,0.004212639705118819,1.0644196066135971,0.28713865565593777,538,162,162,0.4319340985373582,0.013277119728360307,0.4186569788089979,63.580246913580254,53.086419753086425,-1.0787019422991702,-1.2636219912462587,0.09803363252483133,0.4186569788089979,none
legacy,Legacy,Commercial,commercial,net_raw_bn,S&P 500,4w,535,0.08479358343064256,0.1208716211027191,0.018196780872366983,1.4517885697209225,0.14656040309927604,535,161,161,1.6226846521296885,0.38268321470933486,1.2400014374203536,72.04968944099379,60.24844720496895,-2.2821110624169907,-3.032004773038952,0.1208716211027191,1.2400014374203536,weak/mixed
legacy,Legacy,Commercial,commercial,net_raw_bn,S&P 500,13w,526,0.11285650870367024,0.22906315868675448,0.040472052054380876,1.390679029830899,0.16432277936394005,526,158,158,4.921332679557211,1.004320778941579,3.9170119006156323,83.54430379746836,58.86075949367089,-3.5142660059827415,-6.326681641176283,0.22906315868675448,3.9170119006156323,weak/mixed
legacy,Legacy,Commercial,commercial,net_raw_bn,S&P 500,26w,513,0.12426085923246426,0.2797626793353358,0.05886389525806855,1.7275569716688517,0.08406768273967732,513,154,154,10.082797108367908,2.9835100191948407,7.0992870891730675,92.20779220779221,62.33766233766234,-3.940515255780135,-10.01113169088016,0.2797626793353358,7.0992870891730675,tentative
legacy,Legacy,Commercial,commercial,net_raw_bn,NASDAQ-100,1w,538,0.05705248427799182,0.08571840078380515,0.008253421187162591,1.5077990627557558,0.13160596211513603,538,162,162,0.6574455571981672,0.05642057576840244,0.6010249814297648,62.34567901234568,54.32098765432099,-1.3811312364845971,-1.6941836562654644,0.08571840078380515,0.6010249814297648,weak/mixed
legacy,Legacy,Commercial,commercial,net_raw_bn,NASDAQ-100,4w,535,0.12056886689165916,0.12476110469389898,0.03268170596344622,1.8631444731939153,0.062441942613593204,535,161,161,2.4597696452617273,0.5031472379347189,1.9566224073270084,73.91304347826086,56.52173913043478,-2.846693419647613,-3.9875892160660946,0.12476110469389898,1.9566224073270084,tentative
legacy,Legacy,Commercial,commercial,net_raw_bn,NASDAQ-100,13w,526,0.1278604495246259,0.24480140835924702,0.06147861476508192,1.532957725233974,0.1252862713665153,526,158,158,7.311364901909618,1.0551383322275167,6.256226569682101,81.64556962025317,55.69620253164557,-4.561179437287878,-8.162427039502546,0.24480140835924702,6.256226569682101,weak/mixed
legacy,Legacy,Commercial,commercial,net_raw_bn,NASDAQ-100,26w,513,0.1361793640366204,0.2856256541971011,0.08948685610999295,1.9676242001857052,0.049111293151233484,513,154,154,14.697550237098044,3.98492606396839,10.712624173129655,88.96103896103897,64.28571428571429,-4.87133914910938,-12.470552997716672,0.2856256541971011,10.712624173129655,supported
legacy,Legacy,Commercial,commercial,trend13_raw_bn,S&P 500,1w,525,0.0282849420785344,0.044547561688594396,0.002818654848009193,0.8206162704487805,0.4118648769778497,525,158,158,0.40089753035804865,0.21378317650240306,0.1871143538556456,63.29113924050633,56.32911392405063,-1.1347203878109235,-1.0770248517165897,0.044547561688594396,0.1871143538556456,none
legacy,Legacy,Commercial,commercial,trend13_raw_bn,S&P 500,4w,522,0.06977660452605983,0.0725561240327932,0.01364274417160363,1.2312790572958188,0.21821851189625363,522,157,157,1.5846351312263136,0.9344402614964903,0.6501948697298233,71.97452229299363,64.3312101910828,-2.603731996802463,-2.5518614849354875,0.0725561240327932,0.6501948697298233,none
legacy,Legacy,Commercial,commercial,trend13_raw_bn,S&P 500,13w,513,0.07232406214940872,0.10909776620133345,0.02436126435718854,0.8669294167734249,0.38598068445841277,513,154,154,4.5300211588196575,3.139056395901914,1.3909647629177435,77.27272727272727,75.97402597402598,-4.498172972807921,-4.433887378352675,0.10909776620133345,1.3909647629177435,none
legacy,Legacy,Commercial,commercial,trend13_raw_bn,S&P 500,26w,500,0.0005264841794456295,0.014442969771879087,0.00023508910530193987,0.004874689642221428,0.9961105757995766,500,150,150,8.553418266957026,7.405107948929073,1.1483103180279528,86.66666666666667,80.0,-5.045518912550712,-6.539372316009739,0.014442969771879087,1.1483103180279528,none
legacy,Legacy,Commercial,commercial,trend13_raw_bn,NASDAQ-100,1w,525,0.035413649103338614,0.04585766945445348,0.004630020874453165,0.9441756957841222,0.3450798728115179,525,158,158,0.5133908441016797,0.2982793349511754,0.21511150915050425,60.12658227848101,55.69620253164557,-1.487069729619399,-1.5290055859393554,0.04585766945445348,0.21511150915050425,none
legacy,Legacy,Commercial,commercial,trend13_raw_bn,NASDAQ-100,4w,522,0.0863660767100058,0.08579073645467537,0.021317148974569433,1.3050704046523929,0.19186887523490245,522,157,157,2.2506895276403855,1.0877110091818118,1.1629785184585737,70.06369426751591,64.3312101910828,-3.313500029138317,-3.423299778379968,0.08579073645467537,1.1629785184585737,weak/mixed
legacy,Legacy,Commercial,commercial,trend13_raw_bn,NASDAQ-100,13w,513,0.09450582602039007,0.11342835546226139,0.04270991622449814,1.1608259025645091,0.245712706902724,513,154,154,6.574456205098018,3.7165829735718896,2.8578732315261286,74.02597402597402,72.72727272727273,-5.897173055653853,-5.984024009870317,0.11342835546226139,2.8578732315261286,weak/mixed
legacy,Legacy,Commercial,commercial,trend13_raw_bn,NASDAQ-100,26w,500,0.0335419247088836,0.038032952131808524,0.02078177946255526,0.3963983925237702,0.6918111517549661,500,150,150,11.974691897744712,9.258552246691561,2.716139651053151,84.0,80.0,-6.322315594108063,-8.622585610024931,0.038032952131808524,2.716139651053151,weak/mixed
legacy,Legacy,Commercial,commercial,trend26_raw_bn,S&P 500,1w,512,0.02421364132114617,0.06870594007850676,0.0021060999701061366,0.6110098451172498,0.5411930626210232,512,154,154,0.35081582118096516,0.225050590721593,0.12576523045937216,62.98701298701299,57.14285714285714,-1.117552244816523,-1.1239291592403164,0.06870594007850676,0.12576523045937216,none
legacy,Legacy,Commercial,commercial,trend26_raw_bn,S&P 500,4w,509,0.04636749205499555,0.05275508653409542,0.007854301915165134,0.7608043391262533,0.44677394231041007,509,153,153,1.3953322082082151,0.924037652151275,0.47129455605694015,68.62745098039215,68.62745098039215,-2.463212925871651,-2.7547766149910795,0.05275508653409542,0.47129455605694015,none
legacy,Legacy,Commercial,commercial,trend26_raw_bn,S&P 500,13w,500,0.005184102826847281,0.0495250621002484,0.001456568046583253,0.052647532442287745,0.9580127440467798,500,150,150,4.6478013723392335,2.652020780426313,1.9957805919129203,82.66666666666667,67.33333333333333,-3.853442857870685,-5.3387164825694935,0.0495250621002484,1.9957805919129203,weak/mixed
legacy,Legacy,Commercial,commercial,trend26_raw_bn,S&P 500,26w,487,-0.019767821501708794,0.02797424392222476,-0.00734716743141778,-0.1949959147081999,0.8453961458262733,487,146,146,8.709680780228844,6.142672816549549,2.567007963679295,88.35616438356165,72.6027397260274,-4.546741074626165,-8.263986634083242,0.02797424392222476,2.567007963679295,weak/mixed
legacy,Legacy,Commercial,commercial,trend26_raw_bn,NASDAQ-100,1w,512,0.04605979122602321,0.08271955216236938,0.005256938778121405,1.0965184638409586,0.27285194766176746,512,154,154,0.5147639434302189,0.26781350051859626,0.24695044291162266,61.68831168831169,54.54545454545454,-1.440594052676342,-1.5700369811136856,0.08271955216236938,0.24695044291162266,none
legacy,Legacy,Commercial,commercial,trend26_raw_bn,NASDAQ-100,4w,509,0.08420730404032054,0.08390772487080628,0.01804018438345616,1.309542611976491,0.19035061335549505,509,153,153,1.9690827126380936,0.9034229611984621,1.0656597514396315,69.28104575163398,60.130718954248366,-3.165671577521068,-3.722836170728836,0.08390772487080628,1.0656597514396315,weak/mixed
legacy,Legacy,Commercial,commercial,trend26_raw_bn,NASDAQ-100,13w,500,0.03322610517875897,0.10696362785451143,0.012536752803219784,0.3964557526669832,0.6917688435461815,500,150,150,6.6132528527936545,2.4578439764339466,4.155408876359708,81.33333333333333,61.33333333333333,-5.081537809625132,-7.472212019628241,0.10696362785451143,4.155408876359708,weak/mixed
legacy,Legacy,Commercial,commercial,trend26_raw_bn,NASDAQ-100,26w,487,0.017053341612381586,0.08437270261363349,0.008791999231108186,0.22281899814713962,0.8236763813088059,487,146,146,12.153922728632725,6.6738815107501415,5.480041217882584,84.24657534246576,75.34246575342466,-5.640202431479816,-10.992990448993755,0.08437270261363349,5.480041217882584,weak/mixed
legacy,Legacy,Nonreportable,nonreportable,net_z,S&P 500,1w,487,-0.026138986538538314,-0.058529768309169346,-0.02659139700256809,-0.6058655217628863,0.5446040560977957,487,146,146,0.2179330259967941,0.32702984263184826,-0.10909681663505416,60.273972602739725,65.06849315068493,-1.0181585620186329,-1.345648411744139,0.058529768309169346,0.10909681663505416,none
legacy,Legacy,Nonreportable,nonreportable,net_z,S&P 500,4w,484,-0.04964578213354182,-0.08725424772855603,-0.09822220097478046,-0.7283674010335477,0.4663887130493563,484,145,145,0.8678535123356713,1.3505123826859056,-0.48265887035023425,66.89655172413794,70.34482758620689,-2.43224308060076,-2.6673752101293773,0.08725424772855603,0.48265887035023425,none
legacy,Legacy,Nonreportable,nonreportable,net_z,S&P 500,13w,475,-0.046242241355334786,-0.03543911901869343,-0.1508137398786907,-0.4127304056757198,0.6798041452510679,475,143,143,3.194885543059154,3.936965311889736,-0.7420797688305822,77.62237762237763,76.92307692307693,-4.689354793957191,-4.322375464570438,0.03543911901869343,0.7420797688305822,none
legacy,Legacy,Nonreportable,nonreportable,net_z,S&P 500,26w,462,0.02128203559059307,0.020673970501324874,0.09041174322839439,0.15380404237103204,0.8777642464144417,462,139,139,7.1882205757940625,7.23203577941143,-0.04381520361736779,82.01438848920863,82.01438848920863,-6.677775735277868,-5.166262696954674,0.020673970501324874,0.04381520361736779,none
legacy,Legacy,Nonreportable,nonreportable,net_z,NASDAQ-100,1w,487,-0.04859066198599783,-0.07077300648681133,-0.06482377850527231,-1.1600193748707113,0.24604091785267396,487,146,146,0.2587784569495429,0.5348628660964437,-0.27608440914690086,56.16438356164384,64.38356164383562,-1.4560080708405152,-1.6742386095759603,0.07077300648681133,0.27608440914690086,none
legacy,Legacy,Nonreportable,nonreportable,net_z,NASDAQ-100,4w,484,-0.08431328069088992,-0.10238493017515876,-0.21077010264608964,-1.1166945554707042,0.2641249465690105,484,145,145,1.0479243092787391,1.9876846314475975,-0.9397603221688584,61.37931034482759,71.72413793103448,-3.309510012935925,-3.3142354883387615,0.10238493017515876,0.9397603221688584,none
legacy,Legacy,Nonreportable,nonreportable,net_z,NASDAQ-100,13w,475,-0.10072913425910571,-0.08481516523998008,-0.4400840515267981,-0.81632349924968,0.4143151376341794,475,143,143,3.8481724465353664,5.969174309111097,-2.121001862575731,70.62937062937063,76.22377622377621,-6.231774355745151,-5.357157765214079,0.08481516523998008,2.121001862575731,weak/mixed
legacy,Legacy,Nonreportable,nonreportable,net_z,NASDAQ-100,26w,462,-0.06214641862049464,-0.08198137511818447,-0.36557319209919537,-0.46719752121709596,0.6403585669456099,462,139,139,9.144771125192873,11.147638439076204,-2.00286731388333,86.33093525179856,76.97841726618705,-8.382101600146099,-6.304257366927964,0.08198137511818447,2.00286731388333,weak/mixed
legacy,Legacy,Nonreportable,nonreportable,flow1_z,S&P 500,1w,486,-0.05531782295508743,-0.049585885694468285,-0.06596735378714591,-1.2235318920185425,0.22112886617841881,486,146,146,0.08559909423122672,0.16724141615071508,-0.08164232191948836,59.589041095890416,58.21917808219178,-1.1176691782165769,-1.3312637518203827,0.049585885694468285,0.08164232191948836,none
legacy,Legacy,Nonreportable,nonreportable,flow1_z,S&P 500,4w,483,0.027640069728246116,0.05018156855035472,0.0648948163175914,0.799766011484653,0.4238463788476613,483,145,145,1.3790113168793863,0.991433665671563,0.3875776512078233,74.48275862068967,67.58620689655173,-2.400763264557794,-2.873002147169437,0.05018156855035472,0.3875776512078233,none
legacy,Legacy,Nonreportable,nonreportable,flow1_z,S&P 500,13w,474,-0.052729614361832794,-0.03083548247609417,-0.2068366893523782,-1.3341327175868083,0.1821603650276958,474,142,142,3.6771071791711267,4.014620897311982,-0.3375137181408552,78.87323943661971,79.5774647887324,-4.494823477284833,-5.161336242211978,0.03083548247609417,0.3375137181408552,weak/mixed
legacy,Legacy,Nonreportable,nonreportable,flow1_z,S&P 500,26w,461,-0.028608964052074113,-0.009835123850025294,-0.14809310949246482,-0.6863464553962162,0.49249466086766935,461,139,139,6.889480934815178,7.893759592291499,-1.0042786574763207,79.13669064748201,79.13669064748201,-6.5491135716068785,-6.903870072129758,0.009835123850025294,1.0042786574763207,none
legacy,Legacy,Nonreportable,nonreportable,flow1_z,NASDAQ-100,1w,486,-0.0757532018967727,-0.05450994012846154,-0.11846356992173673,-1.6835073298151078,0.09227692163346381,486,146,146,0.21178359441059658,0.37557201830476317,-0.1637884238941666,58.21917808219178,59.589041095890416,-1.441668249025634,-1.6608736028144417,0.05450994012846154,0.1637884238941666,weak/mixed
legacy,Legacy,Nonreportable,nonreportable,flow1_z,NASDAQ-100,4w,483,0.0008101662988079254,0.023923938230270538,0.0024023979698480913,0.02107444238047306,0.9831862723923884,483,145,145,1.9320115039897818,1.5199674289550782,0.41204407503470364,72.41379310344827,63.44827586206897,-3.0468788654263514,-3.513001486063778,0.023923938230270538,0.41204407503470364,none
legacy,Legacy,Nonreportable,nonreportable,flow1_z,NASDAQ-100,13w,474,-0.08497709541439671,-0.04922908335950805,-0.4464958907872358,-1.9052157159517924,0.05675203611908533,474,142,142,5.1003780863254695,5.857497104611732,-0.7571190182862626,76.76056338028168,75.35211267605634,-5.569909198015883,-6.253226063480937,0.04922908335950805,0.7571190182862626,weak/mixed
legacy,Legacy,Nonreportable,nonreportable,flow1_z,NASDAQ-100,26w,461,-0.04549006566779541,-0.019819678576634157,-0.32607518289984366,-1.1463313358698473,0.25165808183924093,461,139,139,9.966873557103154,11.314165449004475,-1.347291891901321,83.45323741007195,82.01438848920863,-7.5562980050379425,-7.8507269073740655,0.019819678576634157,1.347291891901321,none
legacy,Legacy,Nonreportable,nonreportable,flow4_z,S&P 500,1w,483,0.03176489917423363,0.01651934079401975,0.037055087954754165,0.6056247785044019,0.5447639445023763,483,145,145,0.29261884548682715,0.22703908839405143,0.06557975709277572,66.20689655172414,53.79310344827586,-0.9697081530145926,-1.3831095307850911,0.01651934079401975,0.06557975709277572,none
legacy,Legacy,Nonreportable,nonreportable,flow4_z,S&P 500,4w,480,-0.05888209165051392,-0.038064509828601684,-0.1345065381351237,-0.9333763388541008,0.3506256926073448,480,144,144,1.0466638233627303,1.133350935256265,-0.08668711189353462,70.13888888888889,68.75,-2.294712956680731,-3.0476503812665277,0.038064509828601684,0.08668711189353462,none
legacy,Legacy,Nonreportable,nonreportable,flow4_z,S&P 500,13w,471,-0.13049736286842722,-0.06609710102650444,-0.4885963293671412,-1.587257872136315,0.11245425236261408,471,142,142,2.7768934181856597,4.298439367092528,-1.5215459489068683,73.23943661971832,76.76056338028168,-4.490970285028468,-5.2607437545330304,0.06609710102650444,1.5215459489068683,weak/mixed
legacy,Legacy,Nonreportable,nonreportable,flow4_z,S&P 500,26w,458,-0.07203174192477473,0.014206988061198696,-0.355224848887987,-0.7609742252625562,0.4466724624029164,458,138,138,6.888647400577029,7.449393099026916,-0.5607456984498871,81.15942028985508,74.63768115942028,-6.995876150228577,-7.549781537348327,0.014206988061198696,0.5607456984498871,none
legacy,Legacy,Nonreportable,nonreportable,flow4_z,NASDAQ-100,1w,483,-0.0009678822115470602,-0.006689995422713182,-0.0014796744498226499,-0.019554698603673794,0.9843986021926125,483,145,145,0.37901307421824415,0.4923878218895062,-0.11337474767126204,58.620689655172406,59.310344827586206,-1.354172748992043,-1.6386012367234144,0.006689995422713182,0.11337474767126204,none
legacy,Legacy,Nonreportable,nonreportable,flow4_z,NASDAQ-100,4w,480,-0.08643985007239398,-0.01694636261442107,-0.2490758188925516,-1.2101171685257046,0.2262339361320419,480,144,144,1.4725543834312314,1.676120187501784,-0.20356580407055258,68.05555555555556,63.19444444444444,-3.042779246455854,-3.575377486201644,0.01694636261442107,0.20356580407055258,none
legacy,Legacy,Nonreportable,nonreportable,flow4_z,NASDAQ-100,13w,471,-0.17354333880697412,-0.09804909029518033,-0.8703357803060203,-2.0001359965585985,0.04548558072207298,471,142,142,3.7882871324495344,6.578591097253567,-2.790303964804033,72.53521126760563,73.94366197183099,-5.584386342310737,-6.374622224702004,0.09804909029518033,2.790303964804033,supported
legacy,Legacy,Nonreportable,nonreportable,flow4_z,NASDAQ-100,26w,458,-0.08318843087440372,0.00763350578622449,-0.5681382303998288,-0.9492092626031393,0.34251419151846385,458,138,138,10.465303055345952,11.167978897001076,-0.7026758416551235,86.23188405797102,77.53623188405797,-7.843369074466381,-8.520643694456874,0.00763350578622449,0.7026758416551235,none
legacy,Legacy,Nonreportable,nonreportable,trend13_z,S&P 500,1w,474,-0.06749111492442986,-0.07470227741054943,-0.07354624433701416,-1.3673215287795246,0.1715245465199422,474,142,142,0.32707316111758017,0.31817416860666886,0.008898992510911308,61.267605633802816,60.56338028169014,-0.9458153885588578,-1.3568348269300563,0.07470227741054943,0.008898992510911308,weak/mixed
legacy,Legacy,Nonreportable,nonreportable,trend13_z,S&P 500,4w,471,-0.13985171973747407,-0.11450462949138762,-0.2963935992820475,-2.0067067350582963,0.04478089847044751,471,142,142,1.24729264978813,1.9164725561412406,-0.6691799063531105,69.71830985915493,76.05633802816901,-2.0398894225557154,-2.605644825362875,0.11450462949138762,0.6691799063531105,weak/mixed
legacy,Legacy,Nonreportable,nonreportable,trend13_z,S&P 500,13w,462,-0.2016168416121026,-0.15505201029673604,-0.7069450280039594,-1.7615120785803555,0.07815177047269917,462,139,139,3.2862146096959335,4.786614971396666,-1.5004003617007329,76.2589928057554,75.53956834532374,-3.987119027615697,-4.423960189458382,0.15505201029673604,1.5004003617007329,tentative
legacy,Legacy,Nonreportable,nonreportable,trend13_z,S&P 500,26w,449,-0.010957620779710504,0.09604014211475234,-0.050779577617031,-0.06803642645766339,0.9457566373322984,449,135,135,9.134429705777656,6.3433314860606735,2.7910982197169822,89.62962962962962,71.85185185185186,-5.328155244239711,-6.440843426353808,0.09604014211475234,2.7910982197169822,weak/mixed
legacy,Legacy,Nonreportable,nonreportable,trend13_z,NASDAQ-100,1w,474,-0.10175576139594605,-0.10619496797765551,-0.14514447118232757,-2.2058256700458947,0.027396208211708045,474,142,142,0.4326366898530963,0.5972801741171133,-0.16464348426401704,57.04225352112676,61.97183098591549,-1.4111257959048606,-1.5679054549881766,0.10619496797765551,0.16464348426401704,weak/mixed
legacy,Legacy,Nonreportable,nonreportable,trend13_z,NASDAQ-100,4w,471,-0.18648091671126607,-0.15494819241962418,-0.4982896721190689,-2.4456934921039624,0.014457384927587257,471,142,142,1.5008326793444604,2.844477878844738,-1.3436451995002774,64.7887323943662,74.64788732394366,-2.896801610633927,-3.1588419205235185,0.15494819241962418,1.3436451995002774,tentative
legacy,Legacy,Nonreportable,nonreportable,trend13_z,NASDAQ-100,13w,462,-0.23191791619799013,-0.1656202382813234,-1.089138599692109,-1.9666071479137202,0.04922851877973154,462,139,139,4.134389594311286,6.817268880410207,-2.6828792860989212,74.10071942446042,72.66187050359713,-5.332090177304999,-5.7226939610508145,0.1656202382813234,2.6828792860989212,supported
legacy,Legacy,Nonreportable,nonreportable,trend13_z,NASDAQ-100,26w,449,-0.034817238318212415,0.04983375755647469,-0.22377271769361023,-0.2378989896356865,0.8119594391744892,449,135,135,12.0741980334952,9.213046280431309,2.8611517530638917,93.33333333333333,68.14814814814815,-6.822274768530611,-7.967062578612385,0.04983375755647469,2.8611517530638917,weak/mixed
legacy,Legacy,Nonreportable,nonreportable,trend26_z,S&P 500,1w,461,-0.04829229669751856,-0.08292250049299943,-0.05579258411577849,-1.1100075202977073,0.2669957858799801,461,139,139,0.16851115429786662,0.4212119338355342,-0.25270077953766756,61.15107913669065,67.62589928057554,-1.0895726359262246,-1.3130831788684114,0.08292250049299943,0.25270077953766756,none
legacy,Legacy,Nonreportable,nonreportable,trend26_z,S&P 500,4w,458,-0.09704013453247197,-0.1422399415335173,-0.21818382969359706,-1.3548891915047612,0.1754528637965699,458,138,138,0.6657343810232562,1.9414784966060117,-1.2757441155827554,66.66666666666666,75.36231884057972,-2.694728229687572,-2.5531589660992235,0.1422399415335173,1.2757441155827554,weak/mixed
legacy,Legacy,Nonreportable,nonreportable,trend26_z,S&P 500,13w,449,-0.01791353909586862,-0.008711024498886413,-0.06590063136544756,-0.14167539554753072,0.8873364103846215,449,135,135,3.94705726637121,4.420628768331299,-0.4735715019600888,78.51851851851852,78.51851851851852,-4.717867075823752,-4.296886519673075,0.008711024498886413,0.4735715019600888,none
legacy,Legacy,Nonreportable,nonreportable,trend26_z,S&P 500,26w,436,0.08510824072564858,0.12496060033720466,0.40747180143230965,0.5515071864098001,0.5812860416834893,436,131,131,9.84168175429959,7.923012686420478,1.9186690678791116,90.83969465648855,80.1526717557252,-5.881914498890467,-5.348967471607991,0.12496060033720466,1.9186690678791116,weak/mixed
legacy,Legacy,Nonreportable,nonreportable,trend26_z,NASDAQ-100,1w,461,-0.07097058237879823,-0.09772093416345044,-0.1072033549678808,-1.667771249694599,0.09536114523519246,461,139,139,0.20142042117240244,0.6186344593240618,-0.41721403815165936,55.39568345323741,66.90647482014388,-1.5023109834261097,-1.5834492603836436,0.09772093416345044,0.41721403815165936,weak/mixed
legacy,Legacy,Nonreportable,nonreportable,trend26_z,NASDAQ-100,4w,458,-0.12123225340404416,-0.1374854803384156,-0.3436041405103632,-1.5989540166790164,0.10983082032138741,458,138,138,1.0357696728367094,2.7082474295924013,-1.6724777567556919,62.31884057971014,76.81159420289855,-3.4113943428022226,-3.162364572920902,0.1374854803384156,1.6724777567556919,weak/mixed
legacy,Legacy,Nonreportable,nonreportable,trend26_z,NASDAQ-100,13w,449,-0.042322876625588673,-0.020050641637501324,-0.20886752406417738,-0.3570140019160316,0.7210813235638033,449,135,135,4.9709899138335345,5.80883838915868,-0.8378484753251456,76.29629629629629,73.33333333333333,-5.983158283845662,-5.396418304747902,0.020050641637501324,0.8378484753251456,none
legacy,Legacy,Nonreportable,nonreportable,trend26_z,NASDAQ-100,26w,436,0.05019904025027582,0.10189024271060994,0.3334311528297959,0.38448740616522603,0.7006172283557077,436,131,131,12.142892215913667,10.002975481571333,2.139916734342334,94.65648854961832,73.2824427480916,-7.213937876354231,-6.750662915697713,0.10189024271060994,2.139916734342334,weak/mixed
legacy,Legacy,Nonreportable,nonreportable,net_raw_bn,S&P 500,1w,538,-0.024934625411398417,-0.05905282735907822,-0.0031945634289702817,-0.6963791893009494,0.4861913922973395,538,162,162,0.38105051508246846,0.28869594005208704,0.09235457503038141,61.72839506172839,62.96296296296296,-0.9392350584191917,-1.2141806805394766,0.05905282735907822,0.09235457503038141,none
legacy,Legacy,Nonreportable,nonreportable,net_raw_bn,S&P 500,4w,535,-0.03853142450787562,-0.07826252544899151,-0.009705236828363616,-0.6697444443647366,0.5030207142803759,535,161,161,1.4679340644376988,1.302327508201006,0.16560655623669285,71.42857142857143,68.94409937888199,-2.1994162854818886,-2.457530790330971,0.07826252544899151,0.16560655623669285,none
legacy,Legacy,Nonreportable,nonreportable,net_raw_bn,S&P 500,13w,526,-0.018746780158900505,-0.0031326510734307213,-0.008228964066667675,-0.18717550543079703,0.8515230292583473,526,158,158,4.7924065799713675,4.008099516174975,0.7843070637963923,83.54430379746836,79.11392405063292,-4.207115704969392,-3.778504868863827,0.0031326510734307213,0.7843070637963923,none
legacy,Legacy,Nonreportable,nonreportable,net_raw_bn,S&P 500,26w,513,0.057817922543253325,0.027100026025667287,0.03477623666040366,0.5222740257516526,0.6014795512964204,513,154,154,8.859931440462452,7.75841732992346,1.101514110538992,85.06493506493507,87.66233766233766,-6.221117757790402,-4.296641818561102,0.027100026025667287,1.101514110538992,none
legacy,Legacy,Nonreportable,nonreportable,net_raw_bn,NASDAQ-100,1w,538,-0.040708234948175895,-0.07051368127684596,-0.006835690729184461,-1.0786670952291961,0.28073615924806183,538,162,162,0.5032146246601341,0.48104490991340176,0.02216971474673235,59.25925925925925,62.34567901234568,-1.325692831317084,-1.5319319359056227,0.07051368127684596,0.02216971474673235,none
legacy,Legacy,Nonreportable,nonreportable,net_raw_bn,NASDAQ-100,4w,535,-0.07353130211010026,-0.10050827454662005,-0.023393827964783127,-1.2174753343523619,0.22342341551702105,535,161,161,1.8797217194649707,1.9932665933108615,-0.11354487384589085,67.70186335403726,72.04968944099379,-3.0089898693476402,-3.016145003834933,0.10050827454662005,0.11354487384589085,none
legacy,Legacy,Nonreportable,nonreportable,net_raw_bn,NASDAQ-100,13w,526,-0.07244705173787315,-0.07065935413782833,-0.042638157371680196,-0.7073715407925902,0.4793356177902141,526,158,158,5.92922395701005,6.117794694996842,-0.18857073798679203,75.9493670886076,80.37974683544303,-5.663882415037654,-4.5377928523697255,0.07065935413782833,0.18857073798679203,none
legacy,Legacy,Nonreportable,nonreportable,net_raw_bn,NASDAQ-100,26w,513,0.000229413890268991,-0.0683106213165859,0.00019141374163404961,0.0020399097294148865,0.9983723886502797,513,154,154,11.08016549785423,12.157963706225917,-1.0777982083716875,88.31168831168831,83.11688311688312,-7.779774677810904,-5.148420523937406,0.0683106213165859,1.0777982083716875,none
legacy,Legacy,Nonreportable,nonreportable,trend13_raw_bn,S&P 500,1w,525,-0.06992548317414611,-0.06297017468932832,-0.01715331626939195,-1.5559386340012118,0.11972268540177841,525,158,158,0.2934561044970417,0.34021774238612296,-0.046761637889081276,61.39240506329114,61.39240506329114,-0.9358388082300871,-1.2732441970797503,0.06297017468932832,0.046761637889081276,weak/mixed
legacy,Legacy,Nonreportable,nonreportable,trend13_raw_bn,S&P 500,4w,522,-0.13652221796517805,-0.10749113062879681,-0.06527900199307929,-2.1881644016824087,0.028657629133878634,522,157,157,1.225459830684556,1.637996028507547,-0.4125361978229909,68.78980891719745,74.52229299363057,-2.058257309832595,-2.6489148544345342,0.10749113062879681,0.4125361978229909,weak/mixed
legacy,Legacy,Nonreportable,nonreportable,trend13_raw_bn,S&P 500,13w,513,-0.22485478528495265,-0.13615370503106014,-0.18391945481503216,-2.9340151772027587,0.0033460784621484633,513,154,154,3.5834081168887137,4.782313854286001,-1.1989057373972876,78.57142857142857,77.92207792207793,-4.008600911863821,-4.255748244953281,0.13615370503106014,1.1989057373972876,tentative
legacy,Legacy,Nonreportable,nonreportable,trend13_raw_bn,S&P 500,26w,500,-0.08340056464415416,0.07901762807051227,-0.09623155294327185,-0.6505599003977551,0.5153306227286227,500,150,150,8.99615715615863,6.749410425297047,2.2467467308615827,90.0,74.66666666666667,-5.340373818382519,-6.1338144234011285,0.07901762807051227,2.2467467308615827,weak/mixed
legacy,Legacy,Nonreportable,nonreportable,trend13_raw_bn,NASDAQ-100,1w,525,-0.10771943673901059,-0.09629167685998731,-0.03466828494338236,-2.504455354003697,0.012264008225589186,525,158,158,0.32334719000136314,0.6215382076377862,-0.2981910176364231,55.69620253164557,62.65822784810127,-1.414804620248878,-1.49880808926681,0.09629167685998731,0.2981910176364231,weak/mixed
legacy,Legacy,Nonreportable,nonreportable,trend13_raw_bn,NASDAQ-100,4w,522,-0.20529900591416267,-0.14751488661888895,-0.12392275004975747,-3.121714413470573,0.0017980126473538163,522,157,157,1.5222783400754958,2.5325962186653532,-1.0103178785898574,64.96815286624204,73.88535031847134,-2.945383862307582,-3.196109614071632,0.14751488661888895,1.0103178785898574,tentative
legacy,Legacy,Nonreportable,nonreportable,trend13_raw_bn,NASDAQ-100,13w,513,-0.27602605528696417,-0.15991305933852143,-0.3029205513673213,-3.852517649558997,0.00011690954700955224,513,154,154,4.501863020388248,6.950950483757384,-2.4490874633691364,73.37662337662337,75.97402597402598,-5.447528366852832,-5.456305994051357,0.15991305933852143,2.4490874633691364,supported
legacy,Legacy,Nonreportable,nonreportable,trend13_raw_bn,NASDAQ-100,26w,500,-0.10864910352157052,0.015534782139128556,-0.17394911554141057,-1.0438105841997127,0.29657303371633525,500,150,150,11.753641525883438,9.711920946292413,2.0417205795910256,93.33333333333333,70.66666666666667,-6.926137776379792,-7.577085500062223,0.015534782139128556,2.0417205795910256,weak/mixed
legacy,Legacy,Nonreportable,nonreportable,trend26_raw_bn,S&P 500,1w,512,-0.06699357059344702,-0.0846039005905174,-0.014747835360683222,-1.9459280087636572,0.051663387931666256,512,154,154,0.17307750012136122,0.4568779854524648,-0.2838004853311036,58.44155844155844,67.53246753246754,-1.05982754424088,-1.2864632806747112,0.0846039005905174,0.2838004853311036,weak/mixed
legacy,Legacy,Nonreportable,nonreportable,trend26_raw_bn,S&P 500,4w,509,-0.12239949877409917,-0.14231748854113682,-0.052871762207898326,-2.119323100409187,0.034063170710459154,509,153,153,0.7922281069029757,1.8826404751951742,-1.0904123682921985,67.97385620915033,75.16339869281046,-2.5012317189890467,-2.486484446388363,0.14231748854113682,1.0904123682921985,tentative
legacy,Legacy,Nonreportable,nonreportable,trend26_raw_bn,S&P 500,13w,500,-0.09588585961290234,-0.04114566858267433,-0.06829261768753225,-1.0015050538962706,0.3165826980082607,500,150,150,4.103552351426822,4.412078912496045,-0.3085265610692227,80.0,80.0,-4.492528592704175,-4.044494557384644,0.04114566858267433,0.3085265610692227,none
legacy,Legacy,Nonreportable,nonreportable,trend26_raw_bn,S&P 500,26w,487,0.026226291206118576,0.07962800886185947,0.024437770533295516,0.20225470796848508,0.8397176059887386,487,146,146,9.421988610692507,7.866322272021413,1.5556663386710943,89.04109589041096,82.1917808219178,-6.0669974782896485,-5.022135816052288,0.07962800886185947,1.5556663386710943,weak/mixed
legacy,Legacy,Nonreportable,nonreportable,trend26_raw_bn,NASDAQ-100,1w,512,-0.08280206531171509,-0.09732209018550944,-0.023918194980723947,-2.323404018788143,0.02015745842680744,512,154,154,0.16695877207080853,0.6918739493034965,-0.524915177232688,53.246753246753244,67.53246753246754,-1.4978886469829993,-1.5771808134941052,0.09732209018550944,0.524915177232688,weak/mixed
legacy,Legacy,Nonreportable,nonreportable,trend26_raw_bn,NASDAQ-100,4w,509,-0.15147720270372705,-0.1383556383430807,-0.0827539335643818,-2.4568322414317554,0.014016812453891725,509,153,153,0.9753955782221649,2.591376529799451,-1.6159809515772858,60.78431372549019,77.77777777777779,-3.3621747216377194,-3.108231000397019,0.1383556383430807,1.6159809515772858,tentative
legacy,Legacy,Nonreportable,nonreportable,trend26_raw_bn,NASDAQ-100,13w,500,-0.13091016430336877,-0.04705737222948892,-0.12521057719329984,-1.6398342117442044,0.10103964269201968,500,150,150,4.928423047518953,5.781659840549758,-0.8532367930308054,74.66666666666667,76.0,-6.023600284985925,-5.1722516983270905,0.04705737222948892,0.8532367930308054,weak/mixed
legacy,Legacy,Nonreportable,nonreportable,trend26_raw_bn,NASDAQ-100,26w,487,-0.005231659501908846,0.06211395077936074,-0.006762093903350213,-0.052594152596247286,0.9580552760764106,487,146,146,11.095224604736378,10.285802621174273,0.809421983562105,92.46575342465754,76.02739726027397,-7.864100790454061,-6.36428455898082,0.06211395077936074,0.809421983562105,none
