Loaded CFTC TFF Futures Only 2016
Loaded CFTC TFF Futures Only 2017
Loaded CFTC TFF Futures Only 2018
Loaded CFTC TFF Futures Only 2019
Loaded CFTC TFF Futures Only 2020
Loaded CFTC TFF Futures Only 2021
Loaded CFTC TFF Futures Only 2022
Loaded CFTC TFF Futures Only 2023
Loaded CFTC TFF Futures Only 2024
Loaded CFTC TFF Futures Only 2025
Loaded CFTC TFF Futures Only 2026
Loaded current CFTC TFF Futures Only weekly top-up

=== NASDAQ-100 Consolidated - CHICAGO MERCANTILE EXCHANGE ===
Using local FRED file: /home/runner/work/cot-report/cot-report/data/NASDAQ100.csv

Latest exact consolidated row:
date: 2026-09-29
CFTC source latest date: 2026-09-29
open_interest: 283,950
Asset Manager long: 109,589
Asset Manager short: 38,788
Asset Manager net: 70,801
Asset Manager net/OI: 24.93%
Dealer/Intermediary long: 49,637
Dealer/Intermediary short: 103,630
Dealer/Intermediary net: -53,993
Dealer/Intermediary net/OI: -19.01%
Leveraged Funds long: 44,814
Leveraged Funds short: 78,596
Leveraged Funds net: -33,782
Leveraged Funds net/OI: -11.90%
Non-Reportable long: 46,911
Non-Reportable short: 32,738
Non-Reportable net: 14,173
Non-Reportable net/OI: 4.99%
Other Reportables long: 11,068
Other Reportables short: 8,269
Other Reportables net: 2,799
Other Reportables net/OI: 0.99%

Correlation table:
        category                                                                           relationship                    position_metric  pearson_r  observations                    return_metric
       asset_mgr                       weekly change in asset manager net/OI pct vs weekly price return        asset_mgr_net_oi_pct_change     0.2911           560                              NaN
       asset_mgr                  weekly change in asset manager net/OI pct vs next monday close return        asset_mgr_net_oi_pct_change     0.0027           559          next_week_monday_return
       asset_mgr             weekly change in asset manager net/OI pct vs next monday single-day return        asset_mgr_net_oi_pct_change     0.0027           559    next_week_monday_daily_return
       asset_mgr                 weekly change in asset manager net/OI pct vs next tuesday close return        asset_mgr_net_oi_pct_change    -0.0328           559         next_week_tuesday_return
       asset_mgr            weekly change in asset manager net/OI pct vs next tuesday single-day return        asset_mgr_net_oi_pct_change    -0.0838           559   next_week_tuesday_daily_return
       asset_mgr               weekly change in asset manager net/OI pct vs next wednesday close return        asset_mgr_net_oi_pct_change    -0.0304           559       next_week_wednesday_return
       asset_mgr          weekly change in asset manager net/OI pct vs next wednesday single-day return        asset_mgr_net_oi_pct_change     0.0032           559 next_week_wednesday_daily_return
       asset_mgr                weekly change in asset manager net/OI pct vs next thursday close return        asset_mgr_net_oi_pct_change    -0.0204           559        next_week_thursday_return
       asset_mgr           weekly change in asset manager net/OI pct vs next thursday single-day return        asset_mgr_net_oi_pct_change     0.0142           559  next_week_thursday_daily_return
       asset_mgr                  weekly change in asset manager net/OI pct vs next friday close return        asset_mgr_net_oi_pct_change    -0.0092           559          next_week_friday_return
       asset_mgr             weekly change in asset manager net/OI pct vs next friday single-day return        asset_mgr_net_oi_pct_change     0.0236           559    next_week_friday_daily_return
       asset_mgr                    weekly change in asset manager net contracts vs weekly price return               asset_mgr_net_change     0.2811           560                              NaN
       asset_mgr               weekly change in asset manager net contracts vs next monday close return               asset_mgr_net_change    -0.0090           559          next_week_monday_return
       asset_mgr          weekly change in asset manager net contracts vs next monday single-day return               asset_mgr_net_change    -0.0090           559    next_week_monday_daily_return
       asset_mgr              weekly change in asset manager net contracts vs next tuesday close return               asset_mgr_net_change    -0.0388           559         next_week_tuesday_return
       asset_mgr         weekly change in asset manager net contracts vs next tuesday single-day return               asset_mgr_net_change    -0.0686           559   next_week_tuesday_daily_return
       asset_mgr            weekly change in asset manager net contracts vs next wednesday close return               asset_mgr_net_change    -0.0207           559       next_week_wednesday_return
       asset_mgr       weekly change in asset manager net contracts vs next wednesday single-day return               asset_mgr_net_change     0.0352           559 next_week_wednesday_daily_return
       asset_mgr             weekly change in asset manager net contracts vs next thursday close return               asset_mgr_net_change    -0.0023           559        next_week_thursday_return
       asset_mgr        weekly change in asset manager net contracts vs next thursday single-day return               asset_mgr_net_change     0.0362           559  next_week_thursday_daily_return
       asset_mgr               weekly change in asset manager net contracts vs next friday close return               asset_mgr_net_change     0.0073           559          next_week_friday_return
       asset_mgr          weekly change in asset manager net contracts vs next friday single-day return               asset_mgr_net_change     0.0229           559    next_week_friday_daily_return
       asset_mgr                                   asset manager net/OI pct vs next monday close return               asset_mgr_net_oi_pct     0.0048           560          next_week_monday_return
       asset_mgr                                asset manager net contracts vs next monday close return                      asset_mgr_net     0.0357           560          next_week_monday_return
       asset_mgr                                 asset manager short/OI pct vs next monday close return             asset_mgr_short_oi_pct    -0.0311           560          next_week_monday_return
       asset_mgr                              asset manager net/OI pct vs next monday single-day return               asset_mgr_net_oi_pct     0.0048           560    next_week_monday_daily_return
       asset_mgr                           asset manager net contracts vs next monday single-day return                      asset_mgr_net     0.0357           560    next_week_monday_daily_return
       asset_mgr                            asset manager short/OI pct vs next monday single-day return             asset_mgr_short_oi_pct    -0.0311           560    next_week_monday_daily_return
       asset_mgr                                  asset manager net/OI pct vs next tuesday close return               asset_mgr_net_oi_pct    -0.0261           560         next_week_tuesday_return
       asset_mgr                               asset manager net contracts vs next tuesday close return                      asset_mgr_net     0.0108           560         next_week_tuesday_return
       asset_mgr                                asset manager short/OI pct vs next tuesday close return             asset_mgr_short_oi_pct    -0.0087           560         next_week_tuesday_return
       asset_mgr                             asset manager net/OI pct vs next tuesday single-day return               asset_mgr_net_oi_pct    -0.0722           560   next_week_tuesday_daily_return
       asset_mgr                          asset manager net contracts vs next tuesday single-day return                      asset_mgr_net    -0.0577           560   next_week_tuesday_daily_return
       asset_mgr                           asset manager short/OI pct vs next tuesday single-day return             asset_mgr_short_oi_pct     0.0532           560   next_week_tuesday_daily_return
       asset_mgr                                asset manager net/OI pct vs next wednesday close return               asset_mgr_net_oi_pct    -0.0323           560       next_week_wednesday_return
       asset_mgr                             asset manager net contracts vs next wednesday close return                      asset_mgr_net     0.0018           560       next_week_wednesday_return
       asset_mgr                              asset manager short/OI pct vs next wednesday close return             asset_mgr_short_oi_pct     0.0131           560       next_week_wednesday_return
       asset_mgr                           asset manager net/OI pct vs next wednesday single-day return               asset_mgr_net_oi_pct    -0.0163           560 next_week_wednesday_daily_return
       asset_mgr                        asset manager net contracts vs next wednesday single-day return                      asset_mgr_net    -0.0170           560 next_week_wednesday_daily_return
       asset_mgr                         asset manager short/OI pct vs next wednesday single-day return             asset_mgr_short_oi_pct     0.0443           560 next_week_wednesday_daily_return
       asset_mgr                                 asset manager net/OI pct vs next thursday close return               asset_mgr_net_oi_pct    -0.0337           560        next_week_thursday_return
       asset_mgr                              asset manager net contracts vs next thursday close return                      asset_mgr_net     0.0065           560        next_week_thursday_return
       asset_mgr                               asset manager short/OI pct vs next thursday close return             asset_mgr_short_oi_pct     0.0066           560        next_week_thursday_return
       asset_mgr                            asset manager net/OI pct vs next thursday single-day return               asset_mgr_net_oi_pct    -0.0119           560  next_week_thursday_daily_return
       asset_mgr                         asset manager net contracts vs next thursday single-day return                      asset_mgr_net     0.0108           560  next_week_thursday_daily_return
       asset_mgr                          asset manager short/OI pct vs next thursday single-day return             asset_mgr_short_oi_pct    -0.0104           560  next_week_thursday_daily_return
       asset_mgr                                   asset manager net/OI pct vs next friday close return               asset_mgr_net_oi_pct    -0.0199           560          next_week_friday_return
       asset_mgr                                asset manager net contracts vs next friday close return                      asset_mgr_net     0.0126           560          next_week_friday_return
       asset_mgr                                 asset manager short/OI pct vs next friday close return             asset_mgr_short_oi_pct     0.0037           560          next_week_friday_return
       asset_mgr                              asset manager net/OI pct vs next friday single-day return               asset_mgr_net_oi_pct     0.0307           560    next_week_friday_daily_return
       asset_mgr                           asset manager net contracts vs next friday single-day return                      asset_mgr_net     0.0163           560    next_week_friday_daily_return
       asset_mgr                            asset manager short/OI pct vs next friday single-day return             asset_mgr_short_oi_pct    -0.0085           560    next_week_friday_daily_return
       asset_mgr                                    asset manager net/OI pct vs forward 1w price return               asset_mgr_net_oi_pct    -0.0166           560                forward_return_1w
       asset_mgr                                 asset manager net contracts vs forward 1w price return                      asset_mgr_net     0.0152           560                forward_return_1w
       asset_mgr                                    asset manager net/OI pct vs forward 2w price return               asset_mgr_net_oi_pct    -0.0105           559                forward_return_2w
       asset_mgr                                 asset manager net contracts vs forward 2w price return                      asset_mgr_net     0.0269           559                forward_return_2w
       asset_mgr                                    asset manager net/OI pct vs forward 3w price return               asset_mgr_net_oi_pct    -0.0057           558                forward_return_3w
       asset_mgr                                 asset manager net contracts vs forward 3w price return                      asset_mgr_net     0.0285           558                forward_return_3w
       asset_mgr                                    asset manager net/OI pct vs forward 4w price return               asset_mgr_net_oi_pct    -0.0054           557                forward_return_4w
       asset_mgr                                 asset manager net contracts vs forward 4w price return                      asset_mgr_net     0.0302           557                forward_return_4w
       asset_mgr                                   asset manager net/OI pct vs forward 13w price return               asset_mgr_net_oi_pct    -0.0170           548               forward_return_13w
       asset_mgr                                asset manager net contracts vs forward 13w price return                      asset_mgr_net     0.0112           548               forward_return_13w
       asset_mgr                                   asset manager net/OI pct vs forward 26w price return               asset_mgr_net_oi_pct     0.0717           535               forward_return_26w
       asset_mgr                                asset manager net contracts vs forward 26w price return                      asset_mgr_net     0.0638           535               forward_return_26w
       asset_mgr                                   asset manager net/OI pct vs forward 52w price return               asset_mgr_net_oi_pct     0.1781           509               forward_return_52w
       asset_mgr                                asset manager net contracts vs forward 52w price return                      asset_mgr_net     0.0728           509               forward_return_52w
          dealer                 weekly change in dealer/intermediary net/OI pct vs weekly price return           dealer_net_oi_pct_change     0.0181           560                              NaN
          dealer            weekly change in dealer/intermediary net/OI pct vs next monday close return           dealer_net_oi_pct_change    -0.0077           559          next_week_monday_return
          dealer       weekly change in dealer/intermediary net/OI pct vs next monday single-day return           dealer_net_oi_pct_change    -0.0077           559    next_week_monday_daily_return
          dealer           weekly change in dealer/intermediary net/OI pct vs next tuesday close return           dealer_net_oi_pct_change     0.0320           559         next_week_tuesday_return
          dealer      weekly change in dealer/intermediary net/OI pct vs next tuesday single-day return           dealer_net_oi_pct_change     0.0890           559   next_week_tuesday_daily_return
          dealer         weekly change in dealer/intermediary net/OI pct vs next wednesday close return           dealer_net_oi_pct_change     0.0142           559       next_week_wednesday_return
          dealer    weekly change in dealer/intermediary net/OI pct vs next wednesday single-day return           dealer_net_oi_pct_change    -0.0362           559 next_week_wednesday_daily_return
          dealer          weekly change in dealer/intermediary net/OI pct vs next thursday close return           dealer_net_oi_pct_change     0.0246           559        next_week_thursday_return
          dealer     weekly change in dealer/intermediary net/OI pct vs next thursday single-day return           dealer_net_oi_pct_change     0.0259           559  next_week_thursday_daily_return
          dealer            weekly change in dealer/intermediary net/OI pct vs next friday close return           dealer_net_oi_pct_change     0.0181           559          next_week_friday_return
          dealer       weekly change in dealer/intermediary net/OI pct vs next friday single-day return           dealer_net_oi_pct_change    -0.0103           559    next_week_friday_daily_return
          dealer              weekly change in dealer/intermediary net contracts vs weekly price return                  dealer_net_change     0.1244           560                              NaN
          dealer         weekly change in dealer/intermediary net contracts vs next monday close return                  dealer_net_change    -0.0266           559          next_week_monday_return
          dealer    weekly change in dealer/intermediary net contracts vs next monday single-day return                  dealer_net_change    -0.0266           559    next_week_monday_daily_return
          dealer        weekly change in dealer/intermediary net contracts vs next tuesday close return                  dealer_net_change    -0.0023           559         next_week_tuesday_return
          dealer   weekly change in dealer/intermediary net contracts vs next tuesday single-day return                  dealer_net_change     0.0540           559   next_week_tuesday_daily_return
          dealer      weekly change in dealer/intermediary net contracts vs next wednesday close return                  dealer_net_change    -0.0225           559       next_week_wednesday_return
          dealer weekly change in dealer/intermediary net contracts vs next wednesday single-day return                  dealer_net_change    -0.0469           559 next_week_wednesday_daily_return
          dealer       weekly change in dealer/intermediary net contracts vs next thursday close return                  dealer_net_change    -0.0191           559        next_week_thursday_return
          dealer  weekly change in dealer/intermediary net contracts vs next thursday single-day return                  dealer_net_change     0.0027           559  next_week_thursday_daily_return
          dealer         weekly change in dealer/intermediary net contracts vs next friday close return                  dealer_net_change    -0.0358           559          next_week_friday_return
          dealer    weekly change in dealer/intermediary net contracts vs next friday single-day return                  dealer_net_change    -0.0490           559    next_week_friday_daily_return
          dealer                             dealer/intermediary net/OI pct vs next monday close return                  dealer_net_oi_pct     0.0124           560          next_week_monday_return
          dealer                          dealer/intermediary net contracts vs next monday close return                         dealer_net    -0.0203           560          next_week_monday_return
          dealer                           dealer/intermediary short/OI pct vs next monday close return                dealer_short_oi_pct    -0.0176           560          next_week_monday_return
          dealer                        dealer/intermediary net/OI pct vs next monday single-day return                  dealer_net_oi_pct     0.0124           560    next_week_monday_daily_return
          dealer                     dealer/intermediary net contracts vs next monday single-day return                         dealer_net    -0.0203           560    next_week_monday_daily_return
          dealer                      dealer/intermediary short/OI pct vs next monday single-day return                dealer_short_oi_pct    -0.0176           560    next_week_monday_daily_return
          dealer                            dealer/intermediary net/OI pct vs next tuesday close return                  dealer_net_oi_pct     0.0302           560         next_week_tuesday_return
          dealer                         dealer/intermediary net contracts vs next tuesday close return                         dealer_net     0.0044           560         next_week_tuesday_return
          dealer                          dealer/intermediary short/OI pct vs next tuesday close return                dealer_short_oi_pct    -0.0354           560         next_week_tuesday_return
          dealer                       dealer/intermediary net/OI pct vs next tuesday single-day return                  dealer_net_oi_pct     0.0408           560   next_week_tuesday_daily_return
          dealer                    dealer/intermediary net contracts vs next tuesday single-day return                         dealer_net     0.0566           560   next_week_tuesday_daily_return
          dealer                     dealer/intermediary short/OI pct vs next tuesday single-day return                dealer_short_oi_pct    -0.0421           560   next_week_tuesday_daily_return
          dealer                          dealer/intermediary net/OI pct vs next wednesday close return                  dealer_net_oi_pct     0.0313           560       next_week_wednesday_return
          dealer                       dealer/intermediary net contracts vs next wednesday close return                         dealer_net     0.0005           560       next_week_wednesday_return
          dealer                        dealer/intermediary short/OI pct vs next wednesday close return                dealer_short_oi_pct    -0.0347           560       next_week_wednesday_return
          dealer                     dealer/intermediary net/OI pct vs next wednesday single-day return                  dealer_net_oi_pct     0.0068           560 next_week_wednesday_daily_return
          dealer                  dealer/intermediary net contracts vs next wednesday single-day return                         dealer_net    -0.0092           560 next_week_wednesday_daily_return
          dealer                   dealer/intermediary short/OI pct vs next wednesday single-day return                dealer_short_oi_pct    -0.0043           560 next_week_wednesday_daily_return
          dealer                           dealer/intermediary net/OI pct vs next thursday close return                  dealer_net_oi_pct     0.0512           560        next_week_thursday_return
          dealer                        dealer/intermediary net contracts vs next thursday close return                         dealer_net     0.0152           560        next_week_thursday_return
          dealer                         dealer/intermediary short/OI pct vs next thursday close return                dealer_short_oi_pct    -0.0557           560        next_week_thursday_return
          dealer                      dealer/intermediary net/OI pct vs next thursday single-day return                  dealer_net_oi_pct     0.0539           560  next_week_thursday_daily_return
          dealer                   dealer/intermediary net contracts vs next thursday single-day return                         dealer_net     0.0352           560  next_week_thursday_daily_return
          dealer                    dealer/intermediary short/OI pct vs next thursday single-day return                dealer_short_oi_pct    -0.0561           560  next_week_thursday_daily_return
          dealer                             dealer/intermediary net/OI pct vs next friday close return                  dealer_net_oi_pct     0.0350           560          next_week_friday_return
          dealer                          dealer/intermediary net contracts vs next friday close return                         dealer_net     0.0047           560          next_week_friday_return
          dealer                           dealer/intermediary short/OI pct vs next friday close return                dealer_short_oi_pct    -0.0444           560          next_week_friday_return
          dealer                        dealer/intermediary net/OI pct vs next friday single-day return                  dealer_net_oi_pct    -0.0338           560    next_week_friday_daily_return
          dealer                     dealer/intermediary net contracts vs next friday single-day return                         dealer_net    -0.0253           560    next_week_friday_daily_return
          dealer                      dealer/intermediary short/OI pct vs next friday single-day return                dealer_short_oi_pct     0.0194           560    next_week_friday_daily_return
          dealer                              dealer/intermediary net/OI pct vs forward 1w price return                  dealer_net_oi_pct     0.0275           560                forward_return_1w
          dealer                           dealer/intermediary net contracts vs forward 1w price return                         dealer_net     0.0010           560                forward_return_1w
          dealer                              dealer/intermediary net/OI pct vs forward 2w price return                  dealer_net_oi_pct     0.0245           559                forward_return_2w
          dealer                           dealer/intermediary net contracts vs forward 2w price return                         dealer_net    -0.0003           559                forward_return_2w
          dealer                              dealer/intermediary net/OI pct vs forward 3w price return                  dealer_net_oi_pct     0.0168           558                forward_return_3w
          dealer                           dealer/intermediary net contracts vs forward 3w price return                         dealer_net     0.0055           558                forward_return_3w
          dealer                              dealer/intermediary net/OI pct vs forward 4w price return                  dealer_net_oi_pct     0.0166           557                forward_return_4w
          dealer                           dealer/intermediary net contracts vs forward 4w price return                         dealer_net     0.0133           557                forward_return_4w
          dealer                             dealer/intermediary net/OI pct vs forward 13w price return                  dealer_net_oi_pct     0.0284           548               forward_return_13w
          dealer                          dealer/intermediary net contracts vs forward 13w price return                         dealer_net     0.0300           548               forward_return_13w
          dealer                             dealer/intermediary net/OI pct vs forward 26w price return                  dealer_net_oi_pct    -0.0395           535               forward_return_26w
          dealer                          dealer/intermediary net contracts vs forward 26w price return                         dealer_net    -0.0255           535               forward_return_26w
          dealer                             dealer/intermediary net/OI pct vs forward 52w price return                  dealer_net_oi_pct    -0.1165           509               forward_return_52w
          dealer                          dealer/intermediary net contracts vs forward 52w price return                         dealer_net    -0.0623           509               forward_return_52w
       lev_money                     weekly change in leveraged funds net/OI pct vs weekly price return        lev_money_net_oi_pct_change    -0.2585           560                              NaN
       lev_money                weekly change in leveraged funds net/OI pct vs next monday close return        lev_money_net_oi_pct_change     0.0083           559          next_week_monday_return
       lev_money           weekly change in leveraged funds net/OI pct vs next monday single-day return        lev_money_net_oi_pct_change     0.0083           559    next_week_monday_daily_return
       lev_money               weekly change in leveraged funds net/OI pct vs next tuesday close return        lev_money_net_oi_pct_change     0.0061           559         next_week_tuesday_return
       lev_money          weekly change in leveraged funds net/OI pct vs next tuesday single-day return        lev_money_net_oi_pct_change    -0.0031           559   next_week_tuesday_daily_return
       lev_money             weekly change in leveraged funds net/OI pct vs next wednesday close return        lev_money_net_oi_pct_change     0.0006           559       next_week_wednesday_return
       lev_money        weekly change in leveraged funds net/OI pct vs next wednesday single-day return        lev_money_net_oi_pct_change    -0.0086           559 next_week_wednesday_daily_return
       lev_money              weekly change in leveraged funds net/OI pct vs next thursday close return        lev_money_net_oi_pct_change    -0.0142           559        next_week_thursday_return
       lev_money         weekly change in leveraged funds net/OI pct vs next thursday single-day return        lev_money_net_oi_pct_change    -0.0303           559  next_week_thursday_daily_return
       lev_money                weekly change in leveraged funds net/OI pct vs next friday close return        lev_money_net_oi_pct_change    -0.0335           559          next_week_friday_return
       lev_money           weekly change in leveraged funds net/OI pct vs next friday single-day return        lev_money_net_oi_pct_change    -0.0515           559    next_week_friday_daily_return
       lev_money                  weekly change in leveraged funds net contracts vs weekly price return               lev_money_net_change    -0.2740           560                              NaN
       lev_money             weekly change in leveraged funds net contracts vs next monday close return               lev_money_net_change     0.0558           559          next_week_monday_return
       lev_money        weekly change in leveraged funds net contracts vs next monday single-day return               lev_money_net_change     0.0558           559    next_week_monday_daily_return
       lev_money            weekly change in leveraged funds net contracts vs next tuesday close return               lev_money_net_change     0.0496           559         next_week_tuesday_return
       lev_money       weekly change in leveraged funds net contracts vs next tuesday single-day return               lev_money_net_change    -0.0124           559   next_week_tuesday_daily_return
       lev_money          weekly change in leveraged funds net contracts vs next wednesday close return               lev_money_net_change     0.0358           559       next_week_wednesday_return
       lev_money     weekly change in leveraged funds net contracts vs next wednesday single-day return               lev_money_net_change    -0.0196           559 next_week_wednesday_daily_return
       lev_money           weekly change in leveraged funds net contracts vs next thursday close return               lev_money_net_change     0.0159           559        next_week_thursday_return
       lev_money      weekly change in leveraged funds net contracts vs next thursday single-day return               lev_money_net_change    -0.0368           559  next_week_thursday_daily_return
       lev_money             weekly change in leveraged funds net contracts vs next friday close return               lev_money_net_change     0.0159           559          next_week_friday_return
       lev_money        weekly change in leveraged funds net contracts vs next friday single-day return               lev_money_net_change     0.0065           559    next_week_friday_daily_return
       lev_money                                 leveraged funds net/OI pct vs next monday close return               lev_money_net_oi_pct    -0.0094           560          next_week_monday_return
       lev_money                              leveraged funds net contracts vs next monday close return                      lev_money_net    -0.0128           560          next_week_monday_return
       lev_money                               leveraged funds short/OI pct vs next monday close return             lev_money_short_oi_pct     0.0279           560          next_week_monday_return
       lev_money                            leveraged funds net/OI pct vs next monday single-day return               lev_money_net_oi_pct    -0.0094           560    next_week_monday_daily_return
       lev_money                         leveraged funds net contracts vs next monday single-day return                      lev_money_net    -0.0128           560    next_week_monday_daily_return
       lev_money                          leveraged funds short/OI pct vs next monday single-day return             lev_money_short_oi_pct     0.0279           560    next_week_monday_daily_return
       lev_money                                leveraged funds net/OI pct vs next tuesday close return               lev_money_net_oi_pct    -0.0005           560         next_week_tuesday_return
       lev_money                             leveraged funds net contracts vs next tuesday close return                      lev_money_net     0.0021           560         next_week_tuesday_return
       lev_money                              leveraged funds short/OI pct vs next tuesday close return             lev_money_short_oi_pct     0.0122           560         next_week_tuesday_return
       lev_money                           leveraged funds net/OI pct vs next tuesday single-day return               lev_money_net_oi_pct     0.0208           560   next_week_tuesday_daily_return
       lev_money                        leveraged funds net contracts vs next tuesday single-day return                      lev_money_net     0.0353           560   next_week_tuesday_daily_return
       lev_money                         leveraged funds short/OI pct vs next tuesday single-day return             lev_money_short_oi_pct    -0.0369           560   next_week_tuesday_daily_return
       lev_money                              leveraged funds net/OI pct vs next wednesday close return               lev_money_net_oi_pct    -0.0074           560       next_week_wednesday_return
       lev_money                           leveraged funds net contracts vs next wednesday close return                      lev_money_net     0.0089           560       next_week_wednesday_return
       lev_money                            leveraged funds short/OI pct vs next wednesday close return             lev_money_short_oi_pct     0.0192           560       next_week_wednesday_return
       lev_money                         leveraged funds net/OI pct vs next wednesday single-day return               lev_money_net_oi_pct    -0.0162           560 next_week_wednesday_daily_return
       lev_money                      leveraged funds net contracts vs next wednesday single-day return                      lev_money_net     0.0139           560 next_week_wednesday_daily_return
       lev_money                       leveraged funds short/OI pct vs next wednesday single-day return             lev_money_short_oi_pct     0.0180           560 next_week_wednesday_daily_return
       lev_money                               leveraged funds net/OI pct vs next thursday close return               lev_money_net_oi_pct    -0.0179           560        next_week_thursday_return
       lev_money                            leveraged funds net contracts vs next thursday close return                      lev_money_net    -0.0084           560        next_week_thursday_return
       lev_money                             leveraged funds short/OI pct vs next thursday close return             lev_money_short_oi_pct     0.0228           560        next_week_thursday_return
       lev_money                          leveraged funds net/OI pct vs next thursday single-day return               lev_money_net_oi_pct    -0.0252           560  next_week_thursday_daily_return
       lev_money                       leveraged funds net contracts vs next thursday single-day return                      lev_money_net    -0.0378           560  next_week_thursday_daily_return
       lev_money                        leveraged funds short/OI pct vs next thursday single-day return             lev_money_short_oi_pct     0.0122           560  next_week_thursday_daily_return
       lev_money                                 leveraged funds net/OI pct vs next friday close return               lev_money_net_oi_pct    -0.0134           560          next_week_friday_return
       lev_money                              leveraged funds net contracts vs next friday close return                      lev_money_net    -0.0061           560          next_week_friday_return
       lev_money                               leveraged funds short/OI pct vs next friday close return             lev_money_short_oi_pct     0.0324           560          next_week_friday_return
       lev_money                            leveraged funds net/OI pct vs next friday single-day return               lev_money_net_oi_pct     0.0093           560    next_week_friday_daily_return
       lev_money                         leveraged funds net contracts vs next friday single-day return                      lev_money_net     0.0060           560    next_week_friday_daily_return
       lev_money                          leveraged funds short/OI pct vs next friday single-day return             lev_money_short_oi_pct     0.0275           560    next_week_friday_daily_return
       lev_money                                  leveraged funds net/OI pct vs forward 1w price return               lev_money_net_oi_pct    -0.0047           560                forward_return_1w
       lev_money                               leveraged funds net contracts vs forward 1w price return                      lev_money_net    -0.0011           560                forward_return_1w
       lev_money                                  leveraged funds net/OI pct vs forward 2w price return               lev_money_net_oi_pct    -0.0037           559                forward_return_2w
       lev_money                               leveraged funds net contracts vs forward 2w price return                      lev_money_net    -0.0120           559                forward_return_2w
       lev_money                                  leveraged funds net/OI pct vs forward 3w price return               lev_money_net_oi_pct     0.0121           558                forward_return_3w
       lev_money                               leveraged funds net contracts vs forward 3w price return                      lev_money_net    -0.0071           558                forward_return_3w
       lev_money                                  leveraged funds net/OI pct vs forward 4w price return               lev_money_net_oi_pct     0.0055           557                forward_return_4w
       lev_money                               leveraged funds net contracts vs forward 4w price return                      lev_money_net    -0.0127           557                forward_return_4w
       lev_money                                 leveraged funds net/OI pct vs forward 13w price return               lev_money_net_oi_pct     0.0133           548               forward_return_13w
       lev_money                              leveraged funds net contracts vs forward 13w price return                      lev_money_net     0.0061           548               forward_return_13w
       lev_money                                 leveraged funds net/OI pct vs forward 26w price return               lev_money_net_oi_pct     0.0292           535               forward_return_26w
       lev_money                              leveraged funds net contracts vs forward 26w price return                      lev_money_net    -0.0156           535               forward_return_26w
       lev_money                                 leveraged funds net/OI pct vs forward 52w price return               lev_money_net_oi_pct     0.0382           509               forward_return_52w
       lev_money                              leveraged funds net contracts vs forward 52w price return                      lev_money_net    -0.0135           509               forward_return_52w
  non_reportable                      weekly change in non-reportable net/OI pct vs weekly price return   non_reportable_net_oi_pct_change    -0.2686           560                              NaN
  non_reportable                 weekly change in non-reportable net/OI pct vs next monday close return   non_reportable_net_oi_pct_change     0.0144           559          next_week_monday_return
  non_reportable            weekly change in non-reportable net/OI pct vs next monday single-day return   non_reportable_net_oi_pct_change     0.0144           559    next_week_monday_daily_return
  non_reportable                weekly change in non-reportable net/OI pct vs next tuesday close return   non_reportable_net_oi_pct_change    -0.0267           559         next_week_tuesday_return
  non_reportable           weekly change in non-reportable net/OI pct vs next tuesday single-day return   non_reportable_net_oi_pct_change    -0.0870           559   next_week_tuesday_daily_return
  non_reportable              weekly change in non-reportable net/OI pct vs next wednesday close return   non_reportable_net_oi_pct_change    -0.0005           559       next_week_wednesday_return
  non_reportable         weekly change in non-reportable net/OI pct vs next wednesday single-day return   non_reportable_net_oi_pct_change     0.0499           559 next_week_wednesday_daily_return
  non_reportable               weekly change in non-reportable net/OI pct vs next thursday close return   non_reportable_net_oi_pct_change    -0.0195           559        next_week_thursday_return
  non_reportable          weekly change in non-reportable net/OI pct vs next thursday single-day return   non_reportable_net_oi_pct_change    -0.0422           559  next_week_thursday_daily_return
  non_reportable                 weekly change in non-reportable net/OI pct vs next friday close return   non_reportable_net_oi_pct_change    -0.0089           559          next_week_friday_return
  non_reportable            weekly change in non-reportable net/OI pct vs next friday single-day return   non_reportable_net_oi_pct_change     0.0203           559    next_week_friday_daily_return
  non_reportable                   weekly change in non-reportable net contracts vs weekly price return          non_reportable_net_change    -0.2397           560                              NaN
  non_reportable              weekly change in non-reportable net contracts vs next monday close return          non_reportable_net_change    -0.0275           559          next_week_monday_return
  non_reportable         weekly change in non-reportable net contracts vs next monday single-day return          non_reportable_net_change    -0.0275           559    next_week_monday_daily_return
  non_reportable             weekly change in non-reportable net contracts vs next tuesday close return          non_reportable_net_change    -0.0526           559         next_week_tuesday_return
  non_reportable        weekly change in non-reportable net contracts vs next tuesday single-day return          non_reportable_net_change    -0.0536           559   next_week_tuesday_daily_return
  non_reportable           weekly change in non-reportable net contracts vs next wednesday close return          non_reportable_net_change    -0.0396           559       next_week_wednesday_return
  non_reportable      weekly change in non-reportable net contracts vs next wednesday single-day return          non_reportable_net_change     0.0200           559 next_week_wednesday_daily_return
  non_reportable            weekly change in non-reportable net contracts vs next thursday close return          non_reportable_net_change    -0.0526           559        next_week_thursday_return
  non_reportable       weekly change in non-reportable net contracts vs next thursday single-day return          non_reportable_net_change    -0.0383           559  next_week_thursday_daily_return
  non_reportable              weekly change in non-reportable net contracts vs next friday close return          non_reportable_net_change    -0.0318           559          next_week_friday_return
  non_reportable         weekly change in non-reportable net contracts vs next friday single-day return          non_reportable_net_change     0.0434           559    next_week_friday_daily_return
  non_reportable                                  non-reportable net/OI pct vs next monday close return          non_reportable_net_oi_pct    -0.0107           560          next_week_monday_return
  non_reportable                               non-reportable net contracts vs next monday close return                 non_reportable_net    -0.0310           560          next_week_monday_return
  non_reportable                                non-reportable short/OI pct vs next monday close return        non_reportable_short_oi_pct    -0.0094           560          next_week_monday_return
  non_reportable                             non-reportable net/OI pct vs next monday single-day return          non_reportable_net_oi_pct    -0.0107           560    next_week_monday_daily_return
  non_reportable                          non-reportable net contracts vs next monday single-day return                 non_reportable_net    -0.0310           560    next_week_monday_daily_return
  non_reportable                           non-reportable short/OI pct vs next monday single-day return        non_reportable_short_oi_pct    -0.0094           560    next_week_monday_daily_return
  non_reportable                                 non-reportable net/OI pct vs next tuesday close return          non_reportable_net_oi_pct    -0.0107           560         next_week_tuesday_return
  non_reportable                              non-reportable net contracts vs next tuesday close return                 non_reportable_net    -0.0438           560         next_week_tuesday_return
  non_reportable                               non-reportable short/OI pct vs next tuesday close return        non_reportable_short_oi_pct    -0.0033           560         next_week_tuesday_return
  non_reportable                            non-reportable net/OI pct vs next tuesday single-day return          non_reportable_net_oi_pct     0.0011           560   next_week_tuesday_daily_return
  non_reportable                         non-reportable net contracts vs next tuesday single-day return                 non_reportable_net    -0.0303           560   next_week_tuesday_daily_return
  non_reportable                          non-reportable short/OI pct vs next tuesday single-day return        non_reportable_short_oi_pct     0.0145           560   next_week_tuesday_daily_return
  non_reportable                               non-reportable net/OI pct vs next wednesday close return          non_reportable_net_oi_pct    -0.0102           560       next_week_wednesday_return
  non_reportable                            non-reportable net contracts vs next wednesday close return                 non_reportable_net    -0.0327           560       next_week_wednesday_return
  non_reportable                             non-reportable short/OI pct vs next wednesday close return        non_reportable_short_oi_pct     0.0035           560       next_week_wednesday_return
  non_reportable                          non-reportable net/OI pct vs next wednesday single-day return          non_reportable_net_oi_pct     0.0013           560 next_week_wednesday_daily_return
  non_reportable                       non-reportable net contracts vs next wednesday single-day return                 non_reportable_net     0.0219           560 next_week_wednesday_daily_return
  non_reportable                        non-reportable short/OI pct vs next wednesday single-day return        non_reportable_short_oi_pct     0.0145           560 next_week_wednesday_daily_return
  non_reportable                                non-reportable net/OI pct vs next thursday close return          non_reportable_net_oi_pct    -0.0349           560        next_week_thursday_return
  non_reportable                             non-reportable net contracts vs next thursday close return                 non_reportable_net    -0.0555           560        next_week_thursday_return
  non_reportable                              non-reportable short/OI pct vs next thursday close return        non_reportable_short_oi_pct     0.0188           560        next_week_thursday_return
  non_reportable                           non-reportable net/OI pct vs next thursday single-day return          non_reportable_net_oi_pct    -0.0583           560  next_week_thursday_daily_return
  non_reportable                        non-reportable net contracts vs next thursday single-day return                 non_reportable_net    -0.0593           560  next_week_thursday_daily_return
  non_reportable                         non-reportable short/OI pct vs next thursday single-day return        non_reportable_short_oi_pct     0.0352           560  next_week_thursday_daily_return
  non_reportable                                  non-reportable net/OI pct vs next friday close return          non_reportable_net_oi_pct    -0.0313           560          next_week_friday_return
  non_reportable                               non-reportable net contracts vs next friday close return                 non_reportable_net    -0.0540           560          next_week_friday_return
  non_reportable                                non-reportable short/OI pct vs next friday close return        non_reportable_short_oi_pct     0.0183           560          next_week_friday_return
  non_reportable                             non-reportable net/OI pct vs next friday single-day return          non_reportable_net_oi_pct     0.0039           560    next_week_friday_daily_return
  non_reportable                          non-reportable net contracts vs next friday single-day return                 non_reportable_net    -0.0058           560    next_week_friday_daily_return
  non_reportable                           non-reportable short/OI pct vs next friday single-day return        non_reportable_short_oi_pct     0.0017           560    next_week_friday_daily_return
  non_reportable                                   non-reportable net/OI pct vs forward 1w price return          non_reportable_net_oi_pct    -0.0121           560                forward_return_1w
  non_reportable                                non-reportable net contracts vs forward 1w price return                 non_reportable_net    -0.0421           560                forward_return_1w
  non_reportable                                   non-reportable net/OI pct vs forward 2w price return          non_reportable_net_oi_pct    -0.0076           559                forward_return_2w
  non_reportable                                non-reportable net contracts vs forward 2w price return                 non_reportable_net    -0.0477           559                forward_return_2w
  non_reportable                                   non-reportable net/OI pct vs forward 3w price return          non_reportable_net_oi_pct     0.0004           558                forward_return_3w
  non_reportable                                non-reportable net contracts vs forward 3w price return                 non_reportable_net    -0.0532           558                forward_return_3w
  non_reportable                                   non-reportable net/OI pct vs forward 4w price return          non_reportable_net_oi_pct     0.0132           557                forward_return_4w
  non_reportable                                non-reportable net contracts vs forward 4w price return                 non_reportable_net    -0.0600           557                forward_return_4w
  non_reportable                                  non-reportable net/OI pct vs forward 13w price return          non_reportable_net_oi_pct     0.0686           548               forward_return_13w
  non_reportable                               non-reportable net contracts vs forward 13w price return                 non_reportable_net    -0.0341           548               forward_return_13w
  non_reportable                                  non-reportable net/OI pct vs forward 26w price return          non_reportable_net_oi_pct     0.1081           535               forward_return_26w
  non_reportable                               non-reportable net contracts vs forward 26w price return                 non_reportable_net     0.0437           535               forward_return_26w
  non_reportable                                  non-reportable net/OI pct vs forward 52w price return          non_reportable_net_oi_pct     0.0430           509               forward_return_52w
  non_reportable                               non-reportable net contracts vs forward 52w price return                 non_reportable_net    -0.0155           509               forward_return_52w
other_reportable                   weekly change in other reportables net/OI pct vs weekly price return other_reportable_net_oi_pct_change     0.1100           560                              NaN
other_reportable              weekly change in other reportables net/OI pct vs next monday close return other_reportable_net_oi_pct_change    -0.0084           559          next_week_monday_return
other_reportable         weekly change in other reportables net/OI pct vs next monday single-day return other_reportable_net_oi_pct_change    -0.0084           559    next_week_monday_daily_return
other_reportable             weekly change in other reportables net/OI pct vs next tuesday close return other_reportable_net_oi_pct_change    -0.0196           559         next_week_tuesday_return
other_reportable        weekly change in other reportables net/OI pct vs next tuesday single-day return other_reportable_net_oi_pct_change    -0.0243           559   next_week_tuesday_daily_return
other_reportable           weekly change in other reportables net/OI pct vs next wednesday close return other_reportable_net_oi_pct_change     0.0119           559       next_week_wednesday_return
other_reportable      weekly change in other reportables net/OI pct vs next wednesday single-day return other_reportable_net_oi_pct_change     0.0638           559 next_week_wednesday_daily_return
other_reportable            weekly change in other reportables net/OI pct vs next thursday close return other_reportable_net_oi_pct_change     0.0084           559        next_week_thursday_return
other_reportable       weekly change in other reportables net/OI pct vs next thursday single-day return other_reportable_net_oi_pct_change    -0.0063           559  next_week_thursday_daily_return
other_reportable              weekly change in other reportables net/OI pct vs next friday close return other_reportable_net_oi_pct_change     0.0323           559          next_week_friday_return
other_reportable         weekly change in other reportables net/OI pct vs next friday single-day return other_reportable_net_oi_pct_change     0.0613           559    next_week_friday_daily_return
other_reportable                weekly change in other reportables net contracts vs weekly price return        other_reportable_net_change     0.1018           560                              NaN
other_reportable           weekly change in other reportables net contracts vs next monday close return        other_reportable_net_change    -0.0216           559          next_week_monday_return
other_reportable      weekly change in other reportables net contracts vs next monday single-day return        other_reportable_net_change    -0.0216           559    next_week_monday_daily_return
other_reportable          weekly change in other reportables net contracts vs next tuesday close return        other_reportable_net_change    -0.0099           559         next_week_tuesday_return
other_reportable     weekly change in other reportables net contracts vs next tuesday single-day return        other_reportable_net_change     0.0248           559   next_week_tuesday_daily_return
other_reportable        weekly change in other reportables net contracts vs next wednesday close return        other_reportable_net_change     0.0288           559       next_week_wednesday_return
other_reportable   weekly change in other reportables net contracts vs next wednesday single-day return        other_reportable_net_change     0.0807           559 next_week_wednesday_daily_return
other_reportable         weekly change in other reportables net contracts vs next thursday close return        other_reportable_net_change     0.0470           559        next_week_thursday_return
other_reportable    weekly change in other reportables net contracts vs next thursday single-day return        other_reportable_net_change     0.0483           559  next_week_thursday_daily_return
other_reportable           weekly change in other reportables net contracts vs next friday close return        other_reportable_net_change     0.0568           559          next_week_friday_return
other_reportable      weekly change in other reportables net contracts vs next friday single-day return        other_reportable_net_change     0.0342           559    next_week_friday_daily_return
other_reportable                               other reportables net/OI pct vs next monday close return        other_reportable_net_oi_pct    -0.0214           560          next_week_monday_return
other_reportable                            other reportables net contracts vs next monday close return               other_reportable_net    -0.0153           560          next_week_monday_return
other_reportable                             other reportables short/OI pct vs next monday close return      other_reportable_short_oi_pct     0.0308           560          next_week_monday_return
other_reportable                          other reportables net/OI pct vs next monday single-day return        other_reportable_net_oi_pct    -0.0214           560    next_week_monday_daily_return
other_reportable                       other reportables net contracts vs next monday single-day return               other_reportable_net    -0.0153           560    next_week_monday_daily_return
other_reportable                        other reportables short/OI pct vs next monday single-day return      other_reportable_short_oi_pct     0.0308           560    next_week_monday_daily_return
other_reportable                              other reportables net/OI pct vs next tuesday close return        other_reportable_net_oi_pct    -0.0352           560         next_week_tuesday_return
other_reportable                           other reportables net contracts vs next tuesday close return               other_reportable_net    -0.0273           560         next_week_tuesday_return
other_reportable                            other reportables short/OI pct vs next tuesday close return      other_reportable_short_oi_pct     0.0394           560         next_week_tuesday_return
other_reportable                         other reportables net/OI pct vs next tuesday single-day return        other_reportable_net_oi_pct    -0.0312           560   next_week_tuesday_daily_return
other_reportable                      other reportables net contracts vs next tuesday single-day return               other_reportable_net    -0.0271           560   next_week_tuesday_daily_return
other_reportable                       other reportables short/OI pct vs next tuesday single-day return      other_reportable_short_oi_pct     0.0194           560   next_week_tuesday_daily_return
other_reportable                            other reportables net/OI pct vs next wednesday close return        other_reportable_net_oi_pct    -0.0129           560       next_week_wednesday_return
other_reportable                         other reportables net contracts vs next wednesday close return               other_reportable_net    -0.0063           560       next_week_wednesday_return
other_reportable                          other reportables short/OI pct vs next wednesday close return      other_reportable_short_oi_pct     0.0204           560       next_week_wednesday_return
other_reportable                       other reportables net/OI pct vs next wednesday single-day return        other_reportable_net_oi_pct     0.0427           560 next_week_wednesday_daily_return
other_reportable                    other reportables net contracts vs next wednesday single-day return               other_reportable_net     0.0419           560 next_week_wednesday_daily_return
other_reportable                     other reportables short/OI pct vs next wednesday single-day return      other_reportable_short_oi_pct    -0.0346           560 next_week_wednesday_daily_return
other_reportable                             other reportables net/OI pct vs next thursday close return        other_reportable_net_oi_pct    -0.0339           560        next_week_thursday_return
other_reportable                          other reportables net contracts vs next thursday close return               other_reportable_net    -0.0130           560        next_week_thursday_return
other_reportable                           other reportables short/OI pct vs next thursday close return      other_reportable_short_oi_pct     0.0362           560        next_week_thursday_return
other_reportable                        other reportables net/OI pct vs next thursday single-day return        other_reportable_net_oi_pct    -0.0532           560  next_week_thursday_daily_return
other_reportable                     other reportables net contracts vs next thursday single-day return               other_reportable_net    -0.0189           560  next_week_thursday_daily_return
other_reportable                      other reportables short/OI pct vs next thursday single-day return      other_reportable_short_oi_pct     0.0425           560  next_week_thursday_daily_return
other_reportable                               other reportables net/OI pct vs next friday close return        other_reportable_net_oi_pct    -0.0217           560          next_week_friday_return
other_reportable                            other reportables net contracts vs next friday close return               other_reportable_net    -0.0091           560          next_week_friday_return
other_reportable                             other reportables short/OI pct vs next friday close return      other_reportable_short_oi_pct     0.0294           560          next_week_friday_return
other_reportable                          other reportables net/OI pct vs next friday single-day return        other_reportable_net_oi_pct     0.0240           560    next_week_friday_daily_return
other_reportable                       other reportables net contracts vs next friday single-day return               other_reportable_net     0.0088           560    next_week_friday_daily_return
other_reportable                        other reportables short/OI pct vs next friday single-day return      other_reportable_short_oi_pct    -0.0090           560    next_week_friday_daily_return
other_reportable                                other reportables net/OI pct vs forward 1w price return        other_reportable_net_oi_pct    -0.0355           560                forward_return_1w
other_reportable                             other reportables net contracts vs forward 1w price return               other_reportable_net    -0.0265           560                forward_return_1w
other_reportable                                other reportables net/OI pct vs forward 2w price return        other_reportable_net_oi_pct    -0.0431           559                forward_return_2w
other_reportable                             other reportables net contracts vs forward 2w price return               other_reportable_net    -0.0352           559                forward_return_2w
other_reportable                                other reportables net/OI pct vs forward 3w price return        other_reportable_net_oi_pct    -0.0660           558                forward_return_3w
other_reportable                             other reportables net contracts vs forward 3w price return               other_reportable_net    -0.0659           558                forward_return_3w
other_reportable                                other reportables net/OI pct vs forward 4w price return        other_reportable_net_oi_pct    -0.0611           557                forward_return_4w
other_reportable                             other reportables net contracts vs forward 4w price return               other_reportable_net    -0.0782           557                forward_return_4w
other_reportable                               other reportables net/OI pct vs forward 13w price return        other_reportable_net_oi_pct    -0.1273           548               forward_return_13w
other_reportable                            other reportables net contracts vs forward 13w price return               other_reportable_net    -0.1199           548               forward_return_13w
other_reportable                               other reportables net/OI pct vs forward 26w price return        other_reportable_net_oi_pct    -0.1416           535               forward_return_26w
other_reportable                            other reportables net contracts vs forward 26w price return               other_reportable_net    -0.1351           535               forward_return_26w
other_reportable                               other reportables net/OI pct vs forward 52w price return        other_reportable_net_oi_pct    -0.0806           509               forward_return_52w
other_reportable                            other reportables net contracts vs forward 52w price return               other_reportable_net    -0.0321           509               forward_return_52w

Saved:
cot_exact_output/nq_exact_consolidated_overlay_2016_2026.png
cot_exact_output/nq_exact_consolidated_rebased_2016_2026.png
cot_exact_output/nq_exact_consolidated_data_2016_2026.csv
cot_exact_output/nq_exact_consolidated_correlations_2016_2026.csv
cot_exact_output/nq_exact_consolidated_extremes_2016_2026.csv

=== S&P 500 Consolidated - CHICAGO MERCANTILE EXCHANGE ===
Using local FRED file: /home/runner/work/cot-report/cot-report/data/SP500.csv

Latest exact consolidated row:
date: 2026-09-29
CFTC source latest date: 2026-09-29
open_interest: 1,909,989
Asset Manager long: 1,106,843
Asset Manager short: 200,584
Asset Manager net: 906,259
Asset Manager net/OI: 47.45%
Dealer/Intermediary long: 178,986
Dealer/Intermediary short: 787,018
Dealer/Intermediary net: -608,032
Dealer/Intermediary net/OI: -31.83%
Leveraged Funds long: 126,466
Leveraged Funds short: 500,473
Leveraged Funds net: -374,007
Leveraged Funds net/OI: -19.58%
Non-Reportable long: 254,882
Non-Reportable short: 147,237
Non-Reportable net: 107,645
Non-Reportable net/OI: 5.64%
Other Reportables long: 55,473
Other Reportables short: 87,337
Other Reportables net: -31,864
Other Reportables net/OI: -1.67%

Correlation table:
        category                                                                           relationship                    position_metric  pearson_r  observations                    return_metric
       asset_mgr                       weekly change in asset manager net/OI pct vs weekly price return        asset_mgr_net_oi_pct_change     0.3290           538                              NaN
       asset_mgr                  weekly change in asset manager net/OI pct vs next monday close return        asset_mgr_net_oi_pct_change     0.0563           537          next_week_monday_return
       asset_mgr             weekly change in asset manager net/OI pct vs next monday single-day return        asset_mgr_net_oi_pct_change     0.0563           537    next_week_monday_daily_return
       asset_mgr                 weekly change in asset manager net/OI pct vs next tuesday close return        asset_mgr_net_oi_pct_change     0.0086           537         next_week_tuesday_return
       asset_mgr            weekly change in asset manager net/OI pct vs next tuesday single-day return        asset_mgr_net_oi_pct_change    -0.1137           537   next_week_tuesday_daily_return
       asset_mgr               weekly change in asset manager net/OI pct vs next wednesday close return        asset_mgr_net_oi_pct_change     0.0295           537       next_week_wednesday_return
       asset_mgr          weekly change in asset manager net/OI pct vs next wednesday single-day return        asset_mgr_net_oi_pct_change     0.0448           537 next_week_wednesday_daily_return
       asset_mgr                weekly change in asset manager net/OI pct vs next thursday close return        asset_mgr_net_oi_pct_change     0.0437           537        next_week_thursday_return
       asset_mgr           weekly change in asset manager net/OI pct vs next thursday single-day return        asset_mgr_net_oi_pct_change     0.0440           537  next_week_thursday_daily_return
       asset_mgr                  weekly change in asset manager net/OI pct vs next friday close return        asset_mgr_net_oi_pct_change     0.0471           537          next_week_friday_return
       asset_mgr             weekly change in asset manager net/OI pct vs next friday single-day return        asset_mgr_net_oi_pct_change     0.0076           537    next_week_friday_daily_return
       asset_mgr                    weekly change in asset manager net contracts vs weekly price return               asset_mgr_net_change     0.3426           538                              NaN
       asset_mgr               weekly change in asset manager net contracts vs next monday close return               asset_mgr_net_change     0.0323           537          next_week_monday_return
       asset_mgr          weekly change in asset manager net contracts vs next monday single-day return               asset_mgr_net_change     0.0323           537    next_week_monday_daily_return
       asset_mgr              weekly change in asset manager net contracts vs next tuesday close return               asset_mgr_net_change    -0.0020           537         next_week_tuesday_return
       asset_mgr         weekly change in asset manager net contracts vs next tuesday single-day return               asset_mgr_net_change    -0.0800           537   next_week_tuesday_daily_return
       asset_mgr            weekly change in asset manager net contracts vs next wednesday close return               asset_mgr_net_change     0.0135           537       next_week_wednesday_return
       asset_mgr       weekly change in asset manager net contracts vs next wednesday single-day return               asset_mgr_net_change     0.0299           537 next_week_wednesday_daily_return
       asset_mgr             weekly change in asset manager net contracts vs next thursday close return               asset_mgr_net_change     0.0090           537        next_week_thursday_return
       asset_mgr        weekly change in asset manager net contracts vs next thursday single-day return               asset_mgr_net_change    -0.0051           537  next_week_thursday_daily_return
       asset_mgr               weekly change in asset manager net contracts vs next friday close return               asset_mgr_net_change     0.0115           537          next_week_friday_return
       asset_mgr          weekly change in asset manager net contracts vs next friday single-day return               asset_mgr_net_change     0.0020           537    next_week_friday_daily_return
       asset_mgr                                   asset manager net/OI pct vs next monday close return               asset_mgr_net_oi_pct     0.0194           538          next_week_monday_return
       asset_mgr                                asset manager net contracts vs next monday close return                      asset_mgr_net     0.0340           538          next_week_monday_return
       asset_mgr                                 asset manager short/OI pct vs next monday close return             asset_mgr_short_oi_pct     0.0194           538          next_week_monday_return
       asset_mgr                              asset manager net/OI pct vs next monday single-day return               asset_mgr_net_oi_pct     0.0194           538    next_week_monday_daily_return
       asset_mgr                           asset manager net contracts vs next monday single-day return                      asset_mgr_net     0.0340           538    next_week_monday_daily_return
       asset_mgr                            asset manager short/OI pct vs next monday single-day return             asset_mgr_short_oi_pct     0.0194           538    next_week_monday_daily_return
       asset_mgr                                  asset manager net/OI pct vs next tuesday close return               asset_mgr_net_oi_pct    -0.0118           538         next_week_tuesday_return
       asset_mgr                               asset manager net contracts vs next tuesday close return                      asset_mgr_net     0.0177           538         next_week_tuesday_return
       asset_mgr                                asset manager short/OI pct vs next tuesday close return             asset_mgr_short_oi_pct     0.0330           538         next_week_tuesday_return
       asset_mgr                             asset manager net/OI pct vs next tuesday single-day return               asset_mgr_net_oi_pct    -0.0754           538   next_week_tuesday_daily_return
       asset_mgr                          asset manager net contracts vs next tuesday single-day return                      asset_mgr_net    -0.0421           538   next_week_tuesday_daily_return
       asset_mgr                           asset manager short/OI pct vs next tuesday single-day return             asset_mgr_short_oi_pct     0.0299           538   next_week_tuesday_daily_return
       asset_mgr                                asset manager net/OI pct vs next wednesday close return               asset_mgr_net_oi_pct     0.0019           538       next_week_wednesday_return
       asset_mgr                             asset manager net contracts vs next wednesday close return                      asset_mgr_net     0.0243           538       next_week_wednesday_return
       asset_mgr                              asset manager short/OI pct vs next wednesday close return             asset_mgr_short_oi_pct     0.0290           538       next_week_wednesday_return
       asset_mgr                           asset manager net/OI pct vs next wednesday single-day return               asset_mgr_net_oi_pct     0.0291           538 next_week_wednesday_daily_return
       asset_mgr                        asset manager net contracts vs next wednesday single-day return                      asset_mgr_net     0.0195           538 next_week_wednesday_daily_return
       asset_mgr                         asset manager short/OI pct vs next wednesday single-day return             asset_mgr_short_oi_pct    -0.0054           538 next_week_wednesday_daily_return
       asset_mgr                                 asset manager net/OI pct vs next thursday close return               asset_mgr_net_oi_pct    -0.0141           538        next_week_thursday_return
       asset_mgr                              asset manager net contracts vs next thursday close return                      asset_mgr_net     0.0184           538        next_week_thursday_return
       asset_mgr                               asset manager short/OI pct vs next thursday close return             asset_mgr_short_oi_pct     0.0431           538        next_week_thursday_return
       asset_mgr                            asset manager net/OI pct vs next thursday single-day return               asset_mgr_net_oi_pct    -0.0377           538  next_week_thursday_daily_return
       asset_mgr                         asset manager net contracts vs next thursday single-day return                      asset_mgr_net    -0.0084           538  next_week_thursday_daily_return
       asset_mgr                          asset manager short/OI pct vs next thursday single-day return             asset_mgr_short_oi_pct     0.0416           538  next_week_thursday_daily_return
       asset_mgr                                   asset manager net/OI pct vs next friday close return               asset_mgr_net_oi_pct    -0.0102           538          next_week_friday_return
       asset_mgr                                asset manager net contracts vs next friday close return                      asset_mgr_net     0.0140           538          next_week_friday_return
       asset_mgr                                 asset manager short/OI pct vs next friday close return             asset_mgr_short_oi_pct     0.0484           538          next_week_friday_return
       asset_mgr                              asset manager net/OI pct vs next friday single-day return               asset_mgr_net_oi_pct     0.0072           538    next_week_friday_daily_return
       asset_mgr                           asset manager net contracts vs next friday single-day return                      asset_mgr_net    -0.0071           538    next_week_friday_daily_return
       asset_mgr                            asset manager short/OI pct vs next friday single-day return             asset_mgr_short_oi_pct     0.0208           538    next_week_friday_daily_return
       asset_mgr                                    asset manager net/OI pct vs forward 1w price return               asset_mgr_net_oi_pct    -0.0054           538                forward_return_1w
       asset_mgr                                 asset manager net contracts vs forward 1w price return                      asset_mgr_net     0.0209           538                forward_return_1w
       asset_mgr                                    asset manager net/OI pct vs forward 2w price return               asset_mgr_net_oi_pct    -0.0095           537                forward_return_2w
       asset_mgr                                 asset manager net contracts vs forward 2w price return                      asset_mgr_net     0.0298           537                forward_return_2w
       asset_mgr                                    asset manager net/OI pct vs forward 3w price return               asset_mgr_net_oi_pct    -0.0194           536                forward_return_3w
       asset_mgr                                 asset manager net contracts vs forward 3w price return                      asset_mgr_net     0.0355           536                forward_return_3w
       asset_mgr                                    asset manager net/OI pct vs forward 4w price return               asset_mgr_net_oi_pct    -0.0390           535                forward_return_4w
       asset_mgr                                 asset manager net contracts vs forward 4w price return                      asset_mgr_net     0.0402           535                forward_return_4w
       asset_mgr                                   asset manager net/OI pct vs forward 13w price return               asset_mgr_net_oi_pct    -0.0327           526               forward_return_13w
       asset_mgr                                asset manager net contracts vs forward 13w price return                      asset_mgr_net     0.0866           526               forward_return_13w
       asset_mgr                                   asset manager net/OI pct vs forward 26w price return               asset_mgr_net_oi_pct     0.0132           513               forward_return_26w
       asset_mgr                                asset manager net contracts vs forward 26w price return                      asset_mgr_net     0.1603           513               forward_return_26w
       asset_mgr                                   asset manager net/OI pct vs forward 52w price return               asset_mgr_net_oi_pct    -0.0632           487               forward_return_52w
       asset_mgr                                asset manager net contracts vs forward 52w price return                      asset_mgr_net     0.1890           487               forward_return_52w
          dealer                 weekly change in dealer/intermediary net/OI pct vs weekly price return           dealer_net_oi_pct_change     0.1239           538                              NaN
          dealer            weekly change in dealer/intermediary net/OI pct vs next monday close return           dealer_net_oi_pct_change    -0.0225           537          next_week_monday_return
          dealer       weekly change in dealer/intermediary net/OI pct vs next monday single-day return           dealer_net_oi_pct_change    -0.0225           537    next_week_monday_daily_return
          dealer           weekly change in dealer/intermediary net/OI pct vs next tuesday close return           dealer_net_oi_pct_change    -0.0100           537         next_week_tuesday_return
          dealer      weekly change in dealer/intermediary net/OI pct vs next tuesday single-day return           dealer_net_oi_pct_change     0.0334           537   next_week_tuesday_daily_return
          dealer         weekly change in dealer/intermediary net/OI pct vs next wednesday close return           dealer_net_oi_pct_change    -0.0189           537       next_week_wednesday_return
          dealer    weekly change in dealer/intermediary net/OI pct vs next wednesday single-day return           dealer_net_oi_pct_change    -0.0206           537 next_week_wednesday_daily_return
          dealer          weekly change in dealer/intermediary net/OI pct vs next thursday close return           dealer_net_oi_pct_change    -0.0208           537        next_week_thursday_return
          dealer     weekly change in dealer/intermediary net/OI pct vs next thursday single-day return           dealer_net_oi_pct_change    -0.0142           537  next_week_thursday_daily_return
          dealer            weekly change in dealer/intermediary net/OI pct vs next friday close return           dealer_net_oi_pct_change    -0.0094           537          next_week_friday_return
          dealer       weekly change in dealer/intermediary net/OI pct vs next friday single-day return           dealer_net_oi_pct_change     0.0297           537    next_week_friday_daily_return
          dealer              weekly change in dealer/intermediary net contracts vs weekly price return                  dealer_net_change     0.1500           538                              NaN
          dealer         weekly change in dealer/intermediary net contracts vs next monday close return                  dealer_net_change     0.0112           537          next_week_monday_return
          dealer    weekly change in dealer/intermediary net contracts vs next monday single-day return                  dealer_net_change     0.0112           537    next_week_monday_daily_return
          dealer        weekly change in dealer/intermediary net contracts vs next tuesday close return                  dealer_net_change    -0.0028           537         next_week_tuesday_return
          dealer   weekly change in dealer/intermediary net contracts vs next tuesday single-day return                  dealer_net_change    -0.0285           537   next_week_tuesday_daily_return
          dealer      weekly change in dealer/intermediary net contracts vs next wednesday close return                  dealer_net_change    -0.0230           537       next_week_wednesday_return
          dealer weekly change in dealer/intermediary net contracts vs next wednesday single-day return                  dealer_net_change    -0.0419           537 next_week_wednesday_daily_return
          dealer       weekly change in dealer/intermediary net contracts vs next thursday close return                  dealer_net_change    -0.0214           537        next_week_thursday_return
          dealer  weekly change in dealer/intermediary net contracts vs next thursday single-day return                  dealer_net_change    -0.0041           537  next_week_thursday_daily_return
          dealer         weekly change in dealer/intermediary net contracts vs next friday close return                  dealer_net_change    -0.0299           537          next_week_friday_return
          dealer    weekly change in dealer/intermediary net contracts vs next friday single-day return                  dealer_net_change    -0.0256           537    next_week_friday_daily_return
          dealer                             dealer/intermediary net/OI pct vs next monday close return                  dealer_net_oi_pct     0.0157           538          next_week_monday_return
          dealer                          dealer/intermediary net contracts vs next monday close return                         dealer_net    -0.0157           538          next_week_monday_return
          dealer                           dealer/intermediary short/OI pct vs next monday close return                dealer_short_oi_pct     0.0117           538          next_week_monday_return
          dealer                        dealer/intermediary net/OI pct vs next monday single-day return                  dealer_net_oi_pct     0.0157           538    next_week_monday_daily_return
          dealer                     dealer/intermediary net contracts vs next monday single-day return                         dealer_net    -0.0157           538    next_week_monday_daily_return
          dealer                      dealer/intermediary short/OI pct vs next monday single-day return                dealer_short_oi_pct     0.0117           538    next_week_monday_daily_return
          dealer                            dealer/intermediary net/OI pct vs next tuesday close return                  dealer_net_oi_pct     0.0104           538         next_week_tuesday_return
          dealer                         dealer/intermediary net contracts vs next tuesday close return                         dealer_net    -0.0117           538         next_week_tuesday_return
          dealer                          dealer/intermediary short/OI pct vs next tuesday close return                dealer_short_oi_pct     0.0053           538         next_week_tuesday_return
          dealer                       dealer/intermediary net/OI pct vs next tuesday single-day return                  dealer_net_oi_pct    -0.0087           538   next_week_tuesday_daily_return
          dealer                    dealer/intermediary net contracts vs next tuesday single-day return                         dealer_net     0.0138           538   next_week_tuesday_daily_return
          dealer                     dealer/intermediary short/OI pct vs next tuesday single-day return                dealer_short_oi_pct    -0.0195           538   next_week_tuesday_daily_return
          dealer                          dealer/intermediary net/OI pct vs next wednesday close return                  dealer_net_oi_pct    -0.0023           538       next_week_wednesday_return
          dealer                       dealer/intermediary net contracts vs next wednesday close return                         dealer_net    -0.0260           538       next_week_wednesday_return
          dealer                        dealer/intermediary short/OI pct vs next wednesday close return                dealer_short_oi_pct     0.0205           538       next_week_wednesday_return
          dealer                     dealer/intermediary net/OI pct vs next wednesday single-day return                  dealer_net_oi_pct    -0.0278           538 next_week_wednesday_daily_return
          dealer                  dealer/intermediary net contracts vs next wednesday single-day return                         dealer_net    -0.0358           538 next_week_wednesday_daily_return
          dealer                   dealer/intermediary short/OI pct vs next wednesday single-day return                dealer_short_oi_pct     0.0362           538 next_week_wednesday_daily_return
          dealer                           dealer/intermediary net/OI pct vs next thursday close return                  dealer_net_oi_pct     0.0205           538        next_week_thursday_return
          dealer                        dealer/intermediary net contracts vs next thursday close return                         dealer_net    -0.0103           538        next_week_thursday_return
          dealer                         dealer/intermediary short/OI pct vs next thursday close return                dealer_short_oi_pct    -0.0011           538        next_week_thursday_return
          dealer                      dealer/intermediary net/OI pct vs next thursday single-day return                  dealer_net_oi_pct     0.0544           538  next_week_thursday_daily_return
          dealer                   dealer/intermediary net contracts vs next thursday single-day return                         dealer_net     0.0306           538  next_week_thursday_daily_return
          dealer                    dealer/intermediary short/OI pct vs next thursday single-day return                dealer_short_oi_pct    -0.0463           538  next_week_thursday_daily_return
          dealer                             dealer/intermediary net/OI pct vs next friday close return                  dealer_net_oi_pct     0.0216           538          next_week_friday_return
          dealer                          dealer/intermediary net contracts vs next friday close return                         dealer_net    -0.0031           538          next_week_friday_return
          dealer                           dealer/intermediary short/OI pct vs next friday close return                dealer_short_oi_pct    -0.0004           538          next_week_friday_return
          dealer                        dealer/intermediary net/OI pct vs next friday single-day return                  dealer_net_oi_pct     0.0050           538    next_week_friday_daily_return
          dealer                     dealer/intermediary net contracts vs next friday single-day return                         dealer_net     0.0156           538    next_week_friday_daily_return
          dealer                      dealer/intermediary short/OI pct vs next friday single-day return                dealer_short_oi_pct     0.0024           538    next_week_friday_daily_return
          dealer                              dealer/intermediary net/OI pct vs forward 1w price return                  dealer_net_oi_pct     0.0098           538                forward_return_1w
          dealer                           dealer/intermediary net contracts vs forward 1w price return                         dealer_net    -0.0135           538                forward_return_1w
          dealer                              dealer/intermediary net/OI pct vs forward 2w price return                  dealer_net_oi_pct     0.0154           537                forward_return_2w
          dealer                           dealer/intermediary net contracts vs forward 2w price return                         dealer_net    -0.0184           537                forward_return_2w
          dealer                              dealer/intermediary net/OI pct vs forward 3w price return                  dealer_net_oi_pct     0.0187           536                forward_return_3w
          dealer                           dealer/intermediary net contracts vs forward 3w price return                         dealer_net    -0.0198           536                forward_return_3w
          dealer                              dealer/intermediary net/OI pct vs forward 4w price return                  dealer_net_oi_pct     0.0350           535                forward_return_4w
          dealer                           dealer/intermediary net contracts vs forward 4w price return                         dealer_net    -0.0198           535                forward_return_4w
          dealer                             dealer/intermediary net/OI pct vs forward 13w price return                  dealer_net_oi_pct     0.0385           526               forward_return_13w
          dealer                          dealer/intermediary net contracts vs forward 13w price return                         dealer_net    -0.0687           526               forward_return_13w
          dealer                             dealer/intermediary net/OI pct vs forward 26w price return                  dealer_net_oi_pct     0.0207           513               forward_return_26w
          dealer                          dealer/intermediary net contracts vs forward 26w price return                         dealer_net    -0.1259           513               forward_return_26w
          dealer                             dealer/intermediary net/OI pct vs forward 52w price return                  dealer_net_oi_pct     0.1813           487               forward_return_52w
          dealer                          dealer/intermediary net contracts vs forward 52w price return                         dealer_net    -0.0952           487               forward_return_52w
       lev_money                     weekly change in leveraged funds net/OI pct vs weekly price return        lev_money_net_oi_pct_change    -0.5049           538                              NaN
       lev_money                weekly change in leveraged funds net/OI pct vs next monday close return        lev_money_net_oi_pct_change     0.0114           537          next_week_monday_return
       lev_money           weekly change in leveraged funds net/OI pct vs next monday single-day return        lev_money_net_oi_pct_change     0.0114           537    next_week_monday_daily_return
       lev_money               weekly change in leveraged funds net/OI pct vs next tuesday close return        lev_money_net_oi_pct_change     0.0360           537         next_week_tuesday_return
       lev_money          weekly change in leveraged funds net/OI pct vs next tuesday single-day return        lev_money_net_oi_pct_change     0.0538           537   next_week_tuesday_daily_return
       lev_money             weekly change in leveraged funds net/OI pct vs next wednesday close return        lev_money_net_oi_pct_change     0.0077           537       next_week_wednesday_return
       lev_money        weekly change in leveraged funds net/OI pct vs next wednesday single-day return        lev_money_net_oi_pct_change    -0.0540           537 next_week_wednesday_daily_return
       lev_money              weekly change in leveraged funds net/OI pct vs next thursday close return        lev_money_net_oi_pct_change    -0.0152           537        next_week_thursday_return
       lev_money         weekly change in leveraged funds net/OI pct vs next thursday single-day return        lev_money_net_oi_pct_change    -0.0509           537  next_week_thursday_daily_return
       lev_money                weekly change in leveraged funds net/OI pct vs next friday close return        lev_money_net_oi_pct_change    -0.0463           537          next_week_friday_return
       lev_money           weekly change in leveraged funds net/OI pct vs next friday single-day return        lev_money_net_oi_pct_change    -0.0770           537    next_week_friday_daily_return
       lev_money                  weekly change in leveraged funds net contracts vs weekly price return               lev_money_net_change    -0.3404           538                              NaN
       lev_money             weekly change in leveraged funds net contracts vs next monday close return               lev_money_net_change    -0.0134           537          next_week_monday_return
       lev_money        weekly change in leveraged funds net contracts vs next monday single-day return               lev_money_net_change    -0.0134           537    next_week_monday_daily_return
       lev_money            weekly change in leveraged funds net contracts vs next tuesday close return               lev_money_net_change     0.0208           537         next_week_tuesday_return
       lev_money       weekly change in leveraged funds net contracts vs next tuesday single-day return               lev_money_net_change     0.0750           537   next_week_tuesday_daily_return
       lev_money          weekly change in leveraged funds net contracts vs next wednesday close return               lev_money_net_change     0.0105           537       next_week_wednesday_return
       lev_money     weekly change in leveraged funds net contracts vs next wednesday single-day return               lev_money_net_change    -0.0196           537 next_week_wednesday_daily_return
       lev_money           weekly change in leveraged funds net contracts vs next thursday close return               lev_money_net_change     0.0105           537        next_week_thursday_return
       lev_money      weekly change in leveraged funds net contracts vs next thursday single-day return               lev_money_net_change     0.0021           537  next_week_thursday_daily_return
       lev_money             weekly change in leveraged funds net contracts vs next friday close return               lev_money_net_change    -0.0025           537          next_week_friday_return
       lev_money        weekly change in leveraged funds net contracts vs next friday single-day return               lev_money_net_change    -0.0283           537    next_week_friday_daily_return
       lev_money                                 leveraged funds net/OI pct vs next monday close return               lev_money_net_oi_pct    -0.0443           538          next_week_monday_return
       lev_money                              leveraged funds net contracts vs next monday close return                      lev_money_net    -0.0443           538          next_week_monday_return
       lev_money                               leveraged funds short/OI pct vs next monday close return             lev_money_short_oi_pct     0.0417           538          next_week_monday_return
       lev_money                            leveraged funds net/OI pct vs next monday single-day return               lev_money_net_oi_pct    -0.0443           538    next_week_monday_daily_return
       lev_money                         leveraged funds net contracts vs next monday single-day return                      lev_money_net    -0.0443           538    next_week_monday_daily_return
       lev_money                          leveraged funds short/OI pct vs next monday single-day return             lev_money_short_oi_pct     0.0417           538    next_week_monday_daily_return
       lev_money                                leveraged funds net/OI pct vs next tuesday close return               lev_money_net_oi_pct     0.0152           538         next_week_tuesday_return
       lev_money                             leveraged funds net contracts vs next tuesday close return                      lev_money_net    -0.0125           538         next_week_tuesday_return
       lev_money                              leveraged funds short/OI pct vs next tuesday close return             lev_money_short_oi_pct    -0.0139           538         next_week_tuesday_return
       lev_money                           leveraged funds net/OI pct vs next tuesday single-day return               lev_money_net_oi_pct     0.1357           538   next_week_tuesday_daily_return
       lev_money                        leveraged funds net contracts vs next tuesday single-day return                      lev_money_net     0.0757           538   next_week_tuesday_daily_return
       lev_money                         leveraged funds short/OI pct vs next tuesday single-day return             lev_money_short_oi_pct    -0.1287           538   next_week_tuesday_daily_return
       lev_money                              leveraged funds net/OI pct vs next wednesday close return               lev_money_net_oi_pct     0.0068           538       next_week_wednesday_return
       lev_money                           leveraged funds net contracts vs next wednesday close return                      lev_money_net    -0.0126           538       next_week_wednesday_return
       lev_money                            leveraged funds short/OI pct vs next wednesday close return             lev_money_short_oi_pct    -0.0040           538       next_week_wednesday_return
       lev_money                         leveraged funds net/OI pct vs next wednesday single-day return               lev_money_net_oi_pct    -0.0176           538 next_week_wednesday_daily_return
       lev_money                      leveraged funds net contracts vs next wednesday single-day return                      lev_money_net    -0.0045           538 next_week_wednesday_daily_return
       lev_money                       leveraged funds short/OI pct vs next wednesday single-day return             lev_money_short_oi_pct     0.0208           538 next_week_wednesday_daily_return
       lev_money                               leveraged funds net/OI pct vs next thursday close return               lev_money_net_oi_pct    -0.0048           538        next_week_thursday_return
       lev_money                            leveraged funds net contracts vs next thursday close return                      lev_money_net    -0.0179           538        next_week_thursday_return
       lev_money                             leveraged funds short/OI pct vs next thursday close return             lev_money_short_oi_pct     0.0003           538        next_week_thursday_return
       lev_money                          leveraged funds net/OI pct vs next thursday single-day return               lev_money_net_oi_pct    -0.0252           538  next_week_thursday_daily_return
       lev_money                       leveraged funds net contracts vs next thursday single-day return                      lev_money_net    -0.0149           538  next_week_thursday_daily_return
       lev_money                        leveraged funds short/OI pct vs next thursday single-day return             lev_money_short_oi_pct     0.0093           538  next_week_thursday_daily_return
       lev_money                                 leveraged funds net/OI pct vs next friday close return               lev_money_net_oi_pct    -0.0051           538          next_week_friday_return
       lev_money                              leveraged funds net contracts vs next friday close return                      lev_money_net    -0.0140           538          next_week_friday_return
       lev_money                               leveraged funds short/OI pct vs next friday close return             lev_money_short_oi_pct     0.0026           538          next_week_friday_return
       lev_money                            leveraged funds net/OI pct vs next friday single-day return               lev_money_net_oi_pct     0.0003           538    next_week_friday_daily_return
       lev_money                         leveraged funds net contracts vs next friday single-day return                      lev_money_net     0.0064           538    next_week_friday_daily_return
       lev_money                          leveraged funds short/OI pct vs next friday single-day return             lev_money_short_oi_pct     0.0047           538    next_week_friday_daily_return
       lev_money                                  leveraged funds net/OI pct vs forward 1w price return               lev_money_net_oi_pct     0.0073           538                forward_return_1w
       lev_money                               leveraged funds net contracts vs forward 1w price return                      lev_money_net    -0.0165           538                forward_return_1w
       lev_money                                  leveraged funds net/OI pct vs forward 2w price return               lev_money_net_oi_pct     0.0024           537                forward_return_2w
       lev_money                               leveraged funds net contracts vs forward 2w price return                      lev_money_net    -0.0266           537                forward_return_2w
       lev_money                                  leveraged funds net/OI pct vs forward 3w price return               lev_money_net_oi_pct     0.0167           536                forward_return_3w
       lev_money                               leveraged funds net contracts vs forward 3w price return                      lev_money_net    -0.0322           536                forward_return_3w
       lev_money                                  leveraged funds net/OI pct vs forward 4w price return               lev_money_net_oi_pct     0.0249           535                forward_return_4w
       lev_money                               leveraged funds net contracts vs forward 4w price return                      lev_money_net    -0.0393           535                forward_return_4w
       lev_money                                 leveraged funds net/OI pct vs forward 13w price return               lev_money_net_oi_pct    -0.0372           526               forward_return_13w
       lev_money                              leveraged funds net contracts vs forward 13w price return                      lev_money_net    -0.0876           526               forward_return_13w
       lev_money                                 leveraged funds net/OI pct vs forward 26w price return               lev_money_net_oi_pct    -0.1669           513               forward_return_26w
       lev_money                              leveraged funds net contracts vs forward 26w price return                      lev_money_net    -0.1831           513               forward_return_26w
       lev_money                                 leveraged funds net/OI pct vs forward 52w price return               lev_money_net_oi_pct    -0.3465           487               forward_return_52w
       lev_money                              leveraged funds net contracts vs forward 52w price return                      lev_money_net    -0.2926           487               forward_return_52w
  non_reportable                      weekly change in non-reportable net/OI pct vs weekly price return   non_reportable_net_oi_pct_change     0.0247           538                              NaN
  non_reportable                 weekly change in non-reportable net/OI pct vs next monday close return   non_reportable_net_oi_pct_change    -0.0288           537          next_week_monday_return
  non_reportable            weekly change in non-reportable net/OI pct vs next monday single-day return   non_reportable_net_oi_pct_change    -0.0288           537    next_week_monday_daily_return
  non_reportable                weekly change in non-reportable net/OI pct vs next tuesday close return   non_reportable_net_oi_pct_change    -0.0505           537         next_week_tuesday_return
  non_reportable           weekly change in non-reportable net/OI pct vs next tuesday single-day return   non_reportable_net_oi_pct_change    -0.0447           537   next_week_tuesday_daily_return
  non_reportable              weekly change in non-reportable net/OI pct vs next wednesday close return   non_reportable_net_oi_pct_change    -0.0331           537       next_week_wednesday_return
  non_reportable         weekly change in non-reportable net/OI pct vs next wednesday single-day return   non_reportable_net_oi_pct_change     0.0283           537 next_week_wednesday_daily_return
  non_reportable               weekly change in non-reportable net/OI pct vs next thursday close return   non_reportable_net_oi_pct_change    -0.0119           537        next_week_thursday_return
  non_reportable          weekly change in non-reportable net/OI pct vs next thursday single-day return   non_reportable_net_oi_pct_change     0.0430           537  next_week_thursday_daily_return
  non_reportable                 weekly change in non-reportable net/OI pct vs next friday close return   non_reportable_net_oi_pct_change    -0.0121           537          next_week_friday_return
  non_reportable            weekly change in non-reportable net/OI pct vs next friday single-day return   non_reportable_net_oi_pct_change    -0.0029           537    next_week_friday_daily_return
  non_reportable                   weekly change in non-reportable net contracts vs weekly price return          non_reportable_net_change     0.0902           538                              NaN
  non_reportable              weekly change in non-reportable net contracts vs next monday close return          non_reportable_net_change    -0.0395           537          next_week_monday_return
  non_reportable         weekly change in non-reportable net contracts vs next monday single-day return          non_reportable_net_change    -0.0395           537    next_week_monday_daily_return
  non_reportable             weekly change in non-reportable net contracts vs next tuesday close return          non_reportable_net_change    -0.0685           537         next_week_tuesday_return
  non_reportable        weekly change in non-reportable net contracts vs next tuesday single-day return          non_reportable_net_change    -0.0579           537   next_week_tuesday_daily_return
  non_reportable           weekly change in non-reportable net contracts vs next wednesday close return          non_reportable_net_change    -0.0600           537       next_week_wednesday_return
  non_reportable      weekly change in non-reportable net contracts vs next wednesday single-day return          non_reportable_net_change     0.0044           537 next_week_wednesday_daily_return
  non_reportable            weekly change in non-reportable net contracts vs next thursday close return          non_reportable_net_change    -0.0391           537        next_week_thursday_return
  non_reportable       weekly change in non-reportable net contracts vs next thursday single-day return          non_reportable_net_change     0.0343           537  next_week_thursday_daily_return
  non_reportable              weekly change in non-reportable net contracts vs next friday close return          non_reportable_net_change    -0.0221           537          next_week_friday_return
  non_reportable         weekly change in non-reportable net contracts vs next friday single-day return          non_reportable_net_change     0.0364           537    next_week_friday_daily_return
  non_reportable                                  non-reportable net/OI pct vs next monday close return          non_reportable_net_oi_pct    -0.0280           538          next_week_monday_return
  non_reportable                               non-reportable net contracts vs next monday close return                 non_reportable_net    -0.0106           538          next_week_monday_return
  non_reportable                                non-reportable short/OI pct vs next monday close return        non_reportable_short_oi_pct    -0.0159           538          next_week_monday_return
  non_reportable                             non-reportable net/OI pct vs next monday single-day return          non_reportable_net_oi_pct    -0.0280           538    next_week_monday_daily_return
  non_reportable                          non-reportable net contracts vs next monday single-day return                 non_reportable_net    -0.0106           538    next_week_monday_daily_return
  non_reportable                           non-reportable short/OI pct vs next monday single-day return        non_reportable_short_oi_pct    -0.0159           538    next_week_monday_daily_return
  non_reportable                                 non-reportable net/OI pct vs next tuesday close return          non_reportable_net_oi_pct    -0.0362           538         next_week_tuesday_return
  non_reportable                              non-reportable net contracts vs next tuesday close return                 non_reportable_net    -0.0250           538         next_week_tuesday_return
  non_reportable                               non-reportable short/OI pct vs next tuesday close return        non_reportable_short_oi_pct     0.0260           538         next_week_tuesday_return
  non_reportable                            non-reportable net/OI pct vs next tuesday single-day return          non_reportable_net_oi_pct    -0.0191           538   next_week_tuesday_daily_return
  non_reportable                         non-reportable net contracts vs next tuesday single-day return                 non_reportable_net    -0.0335           538   next_week_tuesday_daily_return
  non_reportable                          non-reportable short/OI pct vs next tuesday single-day return        non_reportable_short_oi_pct     0.1004           538   next_week_tuesday_daily_return
  non_reportable                               non-reportable net/OI pct vs next wednesday close return          non_reportable_net_oi_pct    -0.0321           538       next_week_wednesday_return
  non_reportable                            non-reportable net contracts vs next wednesday close return                 non_reportable_net    -0.0164           538       next_week_wednesday_return
  non_reportable                             non-reportable short/OI pct vs next wednesday close return        non_reportable_short_oi_pct     0.0201           538       next_week_wednesday_return
  non_reportable                          non-reportable net/OI pct vs next wednesday single-day return          non_reportable_net_oi_pct     0.0043           538 next_week_wednesday_daily_return
  non_reportable                       non-reportable net contracts vs next wednesday single-day return                 non_reportable_net     0.0162           538 next_week_wednesday_daily_return
  non_reportable                        non-reportable short/OI pct vs next wednesday single-day return        non_reportable_short_oi_pct    -0.0128           538 next_week_wednesday_daily_return
  non_reportable                                non-reportable net/OI pct vs next thursday close return          non_reportable_net_oi_pct    -0.0432           538        next_week_thursday_return
  non_reportable                             non-reportable net contracts vs next thursday close return                 non_reportable_net    -0.0274           538        next_week_thursday_return
  non_reportable                              non-reportable short/OI pct vs next thursday close return        non_reportable_short_oi_pct     0.0188           538        next_week_thursday_return
  non_reportable                           non-reportable net/OI pct vs next thursday single-day return          non_reportable_net_oi_pct    -0.0351           538  next_week_thursday_daily_return
  non_reportable                        non-reportable net contracts vs next thursday single-day return                 non_reportable_net    -0.0304           538  next_week_thursday_daily_return
  non_reportable                         non-reportable short/OI pct vs next thursday single-day return        non_reportable_short_oi_pct     0.0034           538  next_week_thursday_daily_return
  non_reportable                                  non-reportable net/OI pct vs next friday close return          non_reportable_net_oi_pct    -0.0405           538          next_week_friday_return
  non_reportable                               non-reportable net contracts vs next friday close return                 non_reportable_net    -0.0302           538          next_week_friday_return
  non_reportable                                non-reportable short/OI pct vs next friday close return        non_reportable_short_oi_pct     0.0215           538          next_week_friday_return
  non_reportable                             non-reportable net/OI pct vs next friday single-day return          non_reportable_net_oi_pct    -0.0001           538    next_week_friday_daily_return
  non_reportable                          non-reportable net contracts vs next friday single-day return                 non_reportable_net    -0.0114           538    next_week_friday_daily_return
  non_reportable                           non-reportable short/OI pct vs next friday single-day return        non_reportable_short_oi_pct     0.0124           538    next_week_friday_daily_return
  non_reportable                                   non-reportable net/OI pct vs forward 1w price return          non_reportable_net_oi_pct    -0.0391           538                forward_return_1w
  non_reportable                                non-reportable net contracts vs forward 1w price return                 non_reportable_net    -0.0245           538                forward_return_1w
  non_reportable                                   non-reportable net/OI pct vs forward 2w price return          non_reportable_net_oi_pct    -0.0444           537                forward_return_2w
  non_reportable                                non-reportable net contracts vs forward 2w price return                 non_reportable_net    -0.0265           537                forward_return_2w
  non_reportable                                   non-reportable net/OI pct vs forward 3w price return          non_reportable_net_oi_pct    -0.0572           536                forward_return_3w
  non_reportable                                non-reportable net contracts vs forward 3w price return                 non_reportable_net    -0.0345           536                forward_return_3w
  non_reportable                                   non-reportable net/OI pct vs forward 4w price return          non_reportable_net_oi_pct    -0.0740           535                forward_return_4w
  non_reportable                                non-reportable net contracts vs forward 4w price return                 non_reportable_net    -0.0437           535                forward_return_4w
  non_reportable                                  non-reportable net/OI pct vs forward 13w price return          non_reportable_net_oi_pct    -0.0914           526               forward_return_13w
  non_reportable                               non-reportable net contracts vs forward 13w price return                 non_reportable_net    -0.0222           526               forward_return_13w
  non_reportable                                  non-reportable net/OI pct vs forward 26w price return          non_reportable_net_oi_pct    -0.0634           513               forward_return_26w
  non_reportable                               non-reportable net contracts vs forward 26w price return                 non_reportable_net     0.0454           513               forward_return_26w
  non_reportable                                  non-reportable net/OI pct vs forward 52w price return          non_reportable_net_oi_pct    -0.1541           487               forward_return_52w
  non_reportable                               non-reportable net contracts vs forward 52w price return                 non_reportable_net     0.0168           487               forward_return_52w
other_reportable                   weekly change in other reportables net/OI pct vs weekly price return other_reportable_net_oi_pct_change    -0.2836           538                              NaN
other_reportable              weekly change in other reportables net/OI pct vs next monday close return other_reportable_net_oi_pct_change    -0.1206           537          next_week_monday_return
other_reportable         weekly change in other reportables net/OI pct vs next monday single-day return other_reportable_net_oi_pct_change    -0.1206           537    next_week_monday_daily_return
other_reportable             weekly change in other reportables net/OI pct vs next tuesday close return other_reportable_net_oi_pct_change    -0.0437           537         next_week_tuesday_return
other_reportable        weekly change in other reportables net/OI pct vs next tuesday single-day return other_reportable_net_oi_pct_change     0.1783           537   next_week_tuesday_daily_return
other_reportable           weekly change in other reportables net/OI pct vs next wednesday close return other_reportable_net_oi_pct_change    -0.0352           537       next_week_wednesday_return
other_reportable      weekly change in other reportables net/OI pct vs next wednesday single-day return other_reportable_net_oi_pct_change     0.0144           537 next_week_wednesday_daily_return
other_reportable            weekly change in other reportables net/OI pct vs next thursday close return other_reportable_net_oi_pct_change    -0.0386           537        next_week_thursday_return
other_reportable       weekly change in other reportables net/OI pct vs next thursday single-day return other_reportable_net_oi_pct_change    -0.0172           537  next_week_thursday_daily_return
other_reportable              weekly change in other reportables net/OI pct vs next friday close return other_reportable_net_oi_pct_change    -0.0124           537          next_week_friday_return
other_reportable         weekly change in other reportables net/OI pct vs next friday single-day return other_reportable_net_oi_pct_change     0.0655           537    next_week_friday_daily_return
other_reportable                weekly change in other reportables net contracts vs weekly price return        other_reportable_net_change    -0.2284           538                              NaN
other_reportable           weekly change in other reportables net contracts vs next monday close return        other_reportable_net_change    -0.0304           537          next_week_monday_return
other_reportable      weekly change in other reportables net contracts vs next monday single-day return        other_reportable_net_change    -0.0304           537    next_week_monday_daily_return
other_reportable          weekly change in other reportables net contracts vs next tuesday close return        other_reportable_net_change    -0.0005           537         next_week_tuesday_return
other_reportable     weekly change in other reportables net contracts vs next tuesday single-day return        other_reportable_net_change     0.0683           537   next_week_tuesday_daily_return
other_reportable        weekly change in other reportables net contracts vs next wednesday close return        other_reportable_net_change     0.0212           537       next_week_wednesday_return
other_reportable   weekly change in other reportables net contracts vs next wednesday single-day return        other_reportable_net_change     0.0513           537 next_week_wednesday_daily_return
other_reportable         weekly change in other reportables net contracts vs next thursday close return        other_reportable_net_change     0.0167           537        next_week_thursday_return
other_reportable    weekly change in other reportables net contracts vs next thursday single-day return        other_reportable_net_change    -0.0042           537  next_week_thursday_daily_return
other_reportable           weekly change in other reportables net contracts vs next friday close return        other_reportable_net_change     0.0432           537          next_week_friday_return
other_reportable      weekly change in other reportables net contracts vs next friday single-day return        other_reportable_net_change     0.0755           537    next_week_friday_daily_return
other_reportable                               other reportables net/OI pct vs next monday close return        other_reportable_net_oi_pct    -0.0233           538          next_week_monday_return
other_reportable                            other reportables net contracts vs next monday close return               other_reportable_net    -0.0162           538          next_week_monday_return
other_reportable                             other reportables short/OI pct vs next monday close return      other_reportable_short_oi_pct     0.0059           538          next_week_monday_return
other_reportable                          other reportables net/OI pct vs next monday single-day return        other_reportable_net_oi_pct    -0.0233           538    next_week_monday_daily_return
other_reportable                       other reportables net contracts vs next monday single-day return               other_reportable_net    -0.0162           538    next_week_monday_daily_return
other_reportable                        other reportables short/OI pct vs next monday single-day return      other_reportable_short_oi_pct     0.0059           538    next_week_monday_daily_return
other_reportable                              other reportables net/OI pct vs next tuesday close return        other_reportable_net_oi_pct    -0.0027           538         next_week_tuesday_return
other_reportable                           other reportables net contracts vs next tuesday close return               other_reportable_net    -0.0016           538         next_week_tuesday_return
other_reportable                            other reportables short/OI pct vs next tuesday close return      other_reportable_short_oi_pct    -0.0054           538         next_week_tuesday_return
other_reportable                         other reportables net/OI pct vs next tuesday single-day return        other_reportable_net_oi_pct     0.0492           538   next_week_tuesday_daily_return
other_reportable                      other reportables net contracts vs next tuesday single-day return               other_reportable_net     0.0344           538   next_week_tuesday_daily_return
other_reportable                       other reportables short/OI pct vs next tuesday single-day return      other_reportable_short_oi_pct    -0.0276           538   next_week_tuesday_daily_return
other_reportable                            other reportables net/OI pct vs next wednesday close return        other_reportable_net_oi_pct     0.0100           538       next_week_wednesday_return
other_reportable                         other reportables net contracts vs next wednesday close return               other_reportable_net     0.0312           538       next_week_wednesday_return
other_reportable                          other reportables short/OI pct vs next wednesday close return      other_reportable_short_oi_pct    -0.0056           538       next_week_wednesday_return
other_reportable                       other reportables net/OI pct vs next wednesday single-day return        other_reportable_net_oi_pct     0.0316           538 next_week_wednesday_daily_return
other_reportable                    other reportables net contracts vs next wednesday single-day return               other_reportable_net     0.0772           538 next_week_wednesday_daily_return
other_reportable                     other reportables short/OI pct vs next wednesday single-day return      other_reportable_short_oi_pct    -0.0031           538 next_week_wednesday_daily_return
other_reportable                             other reportables net/OI pct vs next thursday close return        other_reportable_net_oi_pct     0.0072           538        next_week_thursday_return
other_reportable                          other reportables net contracts vs next thursday close return               other_reportable_net     0.0051           538        next_week_thursday_return
other_reportable                           other reportables short/OI pct vs next thursday close return      other_reportable_short_oi_pct    -0.0076           538        next_week_thursday_return
other_reportable                        other reportables net/OI pct vs next thursday single-day return        other_reportable_net_oi_pct    -0.0073           538  next_week_thursday_daily_return
other_reportable                     other reportables net contracts vs next thursday single-day return               other_reportable_net    -0.0538           538  next_week_thursday_daily_return
other_reportable                      other reportables short/OI pct vs next thursday single-day return      other_reportable_short_oi_pct    -0.0026           538  next_week_thursday_daily_return
other_reportable                               other reportables net/OI pct vs next friday close return        other_reportable_net_oi_pct    -0.0095           538          next_week_friday_return
other_reportable                            other reportables net contracts vs next friday close return               other_reportable_net    -0.0180           538          next_week_friday_return
other_reportable                             other reportables short/OI pct vs next friday close return      other_reportable_short_oi_pct     0.0038           538          next_week_friday_return
other_reportable                          other reportables net/OI pct vs next friday single-day return        other_reportable_net_oi_pct    -0.0392           538    next_week_friday_daily_return
other_reportable                       other reportables net contracts vs next friday single-day return               other_reportable_net    -0.0556           538    next_week_friday_daily_return
other_reportable                        other reportables short/OI pct vs next friday single-day return      other_reportable_short_oi_pct     0.0258           538    next_week_friday_daily_return
other_reportable                                other reportables net/OI pct vs forward 1w price return        other_reportable_net_oi_pct    -0.0055           538                forward_return_1w
other_reportable                             other reportables net contracts vs forward 1w price return               other_reportable_net    -0.0034           538                forward_return_1w
other_reportable                                other reportables net/OI pct vs forward 2w price return        other_reportable_net_oi_pct    -0.0009           537                forward_return_2w
other_reportable                             other reportables net contracts vs forward 2w price return               other_reportable_net    -0.0078           537                forward_return_2w
other_reportable                                other reportables net/OI pct vs forward 3w price return        other_reportable_net_oi_pct     0.0026           536                forward_return_3w
other_reportable                             other reportables net contracts vs forward 3w price return               other_reportable_net    -0.0189           536                forward_return_3w
other_reportable                                other reportables net/OI pct vs forward 4w price return        other_reportable_net_oi_pct     0.0035           535                forward_return_4w
other_reportable                             other reportables net contracts vs forward 4w price return               other_reportable_net    -0.0243           535                forward_return_4w
other_reportable                               other reportables net/OI pct vs forward 13w price return        other_reportable_net_oi_pct     0.0825           526               forward_return_13w
other_reportable                            other reportables net contracts vs forward 13w price return               other_reportable_net     0.0596           526               forward_return_13w
other_reportable                               other reportables net/OI pct vs forward 26w price return        other_reportable_net_oi_pct     0.1956           513               forward_return_26w
other_reportable                            other reportables net contracts vs forward 26w price return               other_reportable_net     0.0857           513               forward_return_26w
other_reportable                               other reportables net/OI pct vs forward 52w price return        other_reportable_net_oi_pct     0.2019           487               forward_return_52w
other_reportable                            other reportables net contracts vs forward 52w price return               other_reportable_net     0.0188           487               forward_return_52w

Saved:
cot_exact_output/sp500_exact_consolidated_overlay_2016_2026.png
cot_exact_output/sp500_exact_consolidated_rebased_2016_2026.png
cot_exact_output/sp500_exact_consolidated_data_2016_2026.csv
cot_exact_output/sp500_exact_consolidated_correlations_2016_2026.csv
cot_exact_output/sp500_exact_consolidated_extremes_2016_2026.csv

=== VIX FUTURES - CBOE FUTURES EXCHANGE ===
Using local FRED file: /home/runner/work/cot-report/cot-report/data/VIXCLS.csv

Latest exact consolidated row:
date: 2026-09-29
CFTC source latest date: 2026-09-29
open_interest: 421,113
Asset Manager long: 42,134
Asset Manager short: 108,634
Asset Manager net: -66,500
Asset Manager net/OI: -15.79%
Dealer/Intermediary long: 102,887
Dealer/Intermediary short: 32,923
Dealer/Intermediary net: 69,964
Dealer/Intermediary net/OI: 16.61%
Leveraged Funds long: 89,206
Leveraged Funds short: 96,673
Leveraged Funds net: -7,467
Leveraged Funds net/OI: -1.77%
Non-Reportable long: 25,744
Non-Reportable short: 24,063
Non-Reportable net: 1,681
Non-Reportable net/OI: 0.40%
Other Reportables long: 4,201
Other Reportables short: 1,879
Other Reportables net: 2,322
Other Reportables net/OI: 0.55%

Correlation table:
        category                                                                           relationship                    position_metric  pearson_r  observations                    return_metric
       asset_mgr                       weekly change in asset manager net/OI pct vs weekly price return        asset_mgr_net_oi_pct_change     0.3459           560                              NaN
       asset_mgr                  weekly change in asset manager net/OI pct vs next monday close return        asset_mgr_net_oi_pct_change    -0.0467           559          next_week_monday_return
       asset_mgr             weekly change in asset manager net/OI pct vs next monday single-day return        asset_mgr_net_oi_pct_change    -0.0467           559    next_week_monday_daily_return
       asset_mgr                 weekly change in asset manager net/OI pct vs next tuesday close return        asset_mgr_net_oi_pct_change    -0.0810           559         next_week_tuesday_return
       asset_mgr            weekly change in asset manager net/OI pct vs next tuesday single-day return        asset_mgr_net_oi_pct_change    -0.0715           559   next_week_tuesday_daily_return
       asset_mgr               weekly change in asset manager net/OI pct vs next wednesday close return        asset_mgr_net_oi_pct_change    -0.0849           559       next_week_wednesday_return
       asset_mgr          weekly change in asset manager net/OI pct vs next wednesday single-day return        asset_mgr_net_oi_pct_change    -0.0400           559 next_week_wednesday_daily_return
       asset_mgr                weekly change in asset manager net/OI pct vs next thursday close return        asset_mgr_net_oi_pct_change    -0.0530           559        next_week_thursday_return
       asset_mgr           weekly change in asset manager net/OI pct vs next thursday single-day return        asset_mgr_net_oi_pct_change     0.0390           559  next_week_thursday_daily_return
       asset_mgr                  weekly change in asset manager net/OI pct vs next friday close return        asset_mgr_net_oi_pct_change    -0.0395           559          next_week_friday_return
       asset_mgr             weekly change in asset manager net/OI pct vs next friday single-day return        asset_mgr_net_oi_pct_change     0.0282           559    next_week_friday_daily_return
       asset_mgr                    weekly change in asset manager net contracts vs weekly price return               asset_mgr_net_change     0.3474           560                              NaN
       asset_mgr               weekly change in asset manager net contracts vs next monday close return               asset_mgr_net_change    -0.0136           559          next_week_monday_return
       asset_mgr          weekly change in asset manager net contracts vs next monday single-day return               asset_mgr_net_change    -0.0136           559    next_week_monday_daily_return
       asset_mgr              weekly change in asset manager net contracts vs next tuesday close return               asset_mgr_net_change    -0.0404           559         next_week_tuesday_return
       asset_mgr         weekly change in asset manager net contracts vs next tuesday single-day return               asset_mgr_net_change    -0.0571           559   next_week_tuesday_daily_return
       asset_mgr            weekly change in asset manager net contracts vs next wednesday close return               asset_mgr_net_change    -0.0532           559       next_week_wednesday_return
       asset_mgr       weekly change in asset manager net contracts vs next wednesday single-day return               asset_mgr_net_change    -0.0511           559 next_week_wednesday_daily_return
       asset_mgr             weekly change in asset manager net contracts vs next thursday close return               asset_mgr_net_change    -0.0204           559        next_week_thursday_return
       asset_mgr        weekly change in asset manager net contracts vs next thursday single-day return               asset_mgr_net_change     0.0521           559  next_week_thursday_daily_return
       asset_mgr               weekly change in asset manager net contracts vs next friday close return               asset_mgr_net_change    -0.0130           559          next_week_friday_return
       asset_mgr          weekly change in asset manager net contracts vs next friday single-day return               asset_mgr_net_change     0.0208           559    next_week_friday_daily_return
       asset_mgr                                   asset manager net/OI pct vs next monday close return               asset_mgr_net_oi_pct    -0.1128           560          next_week_monday_return
       asset_mgr                                asset manager net contracts vs next monday close return                      asset_mgr_net    -0.0940           560          next_week_monday_return
       asset_mgr                                 asset manager short/OI pct vs next monday close return             asset_mgr_short_oi_pct     0.1304           560          next_week_monday_return
       asset_mgr                              asset manager net/OI pct vs next monday single-day return               asset_mgr_net_oi_pct    -0.1128           560    next_week_monday_daily_return
       asset_mgr                           asset manager net contracts vs next monday single-day return                      asset_mgr_net    -0.0940           560    next_week_monday_daily_return
       asset_mgr                            asset manager short/OI pct vs next monday single-day return             asset_mgr_short_oi_pct     0.1304           560    next_week_monday_daily_return
       asset_mgr                                  asset manager net/OI pct vs next tuesday close return               asset_mgr_net_oi_pct    -0.1334           560         next_week_tuesday_return
       asset_mgr                               asset manager net contracts vs next tuesday close return                      asset_mgr_net    -0.1114           560         next_week_tuesday_return
       asset_mgr                                asset manager short/OI pct vs next tuesday close return             asset_mgr_short_oi_pct     0.1502           560         next_week_tuesday_return
       asset_mgr                             asset manager net/OI pct vs next tuesday single-day return               asset_mgr_net_oi_pct    -0.0460           560   next_week_tuesday_daily_return
       asset_mgr                          asset manager net contracts vs next tuesday single-day return                      asset_mgr_net    -0.0403           560   next_week_tuesday_daily_return
       asset_mgr                           asset manager short/OI pct vs next tuesday single-day return             asset_mgr_short_oi_pct     0.0410           560   next_week_tuesday_daily_return
       asset_mgr                                asset manager net/OI pct vs next wednesday close return               asset_mgr_net_oi_pct    -0.1647           560       next_week_wednesday_return
       asset_mgr                             asset manager net contracts vs next wednesday close return                      asset_mgr_net    -0.1377           560       next_week_wednesday_return
       asset_mgr                              asset manager short/OI pct vs next wednesday close return             asset_mgr_short_oi_pct     0.1537           560       next_week_wednesday_return
       asset_mgr                           asset manager net/OI pct vs next wednesday single-day return               asset_mgr_net_oi_pct    -0.0950           560 next_week_wednesday_daily_return
       asset_mgr                        asset manager net contracts vs next wednesday single-day return                      asset_mgr_net    -0.0846           560 next_week_wednesday_daily_return
       asset_mgr                         asset manager short/OI pct vs next wednesday single-day return             asset_mgr_short_oi_pct     0.0391           560 next_week_wednesday_daily_return
       asset_mgr                                 asset manager net/OI pct vs next thursday close return               asset_mgr_net_oi_pct    -0.1462           560        next_week_thursday_return
       asset_mgr                              asset manager net contracts vs next thursday close return                      asset_mgr_net    -0.1197           560        next_week_thursday_return
       asset_mgr                               asset manager short/OI pct vs next thursday close return             asset_mgr_short_oi_pct     0.1397           560        next_week_thursday_return
       asset_mgr                            asset manager net/OI pct vs next thursday single-day return               asset_mgr_net_oi_pct    -0.0086           560  next_week_thursday_daily_return
       asset_mgr                         asset manager net contracts vs next thursday single-day return                      asset_mgr_net    -0.0014           560  next_week_thursday_daily_return
       asset_mgr                          asset manager short/OI pct vs next thursday single-day return             asset_mgr_short_oi_pct     0.0275           560  next_week_thursday_daily_return
       asset_mgr                                   asset manager net/OI pct vs next friday close return               asset_mgr_net_oi_pct    -0.1523           560          next_week_friday_return
       asset_mgr                                asset manager net contracts vs next friday close return                      asset_mgr_net    -0.1275           560          next_week_friday_return
       asset_mgr                                 asset manager short/OI pct vs next friday close return             asset_mgr_short_oi_pct     0.1478           560          next_week_friday_return
       asset_mgr                              asset manager net/OI pct vs next friday single-day return               asset_mgr_net_oi_pct    -0.0399           560    next_week_friday_daily_return
       asset_mgr                           asset manager net contracts vs next friday single-day return                      asset_mgr_net    -0.0336           560    next_week_friday_daily_return
       asset_mgr                            asset manager short/OI pct vs next friday single-day return             asset_mgr_short_oi_pct     0.0336           560    next_week_friday_daily_return
       asset_mgr                                    asset manager net/OI pct vs forward 1w price return               asset_mgr_net_oi_pct    -0.1296           560                forward_return_1w
       asset_mgr                                 asset manager net contracts vs forward 1w price return                      asset_mgr_net    -0.1067           560                forward_return_1w
       asset_mgr                                    asset manager net/OI pct vs forward 2w price return               asset_mgr_net_oi_pct    -0.1557           559                forward_return_2w
       asset_mgr                                 asset manager net contracts vs forward 2w price return                      asset_mgr_net    -0.1337           559                forward_return_2w
       asset_mgr                                    asset manager net/OI pct vs forward 3w price return               asset_mgr_net_oi_pct    -0.2020           558                forward_return_3w
       asset_mgr                                 asset manager net contracts vs forward 3w price return                      asset_mgr_net    -0.1789           558                forward_return_3w
       asset_mgr                                    asset manager net/OI pct vs forward 4w price return               asset_mgr_net_oi_pct    -0.2217           557                forward_return_4w
       asset_mgr                                 asset manager net contracts vs forward 4w price return                      asset_mgr_net    -0.1997           557                forward_return_4w
       asset_mgr                                   asset manager net/OI pct vs forward 13w price return               asset_mgr_net_oi_pct    -0.2593           548               forward_return_13w
       asset_mgr                                asset manager net contracts vs forward 13w price return                      asset_mgr_net    -0.2433           548               forward_return_13w
       asset_mgr                                   asset manager net/OI pct vs forward 26w price return               asset_mgr_net_oi_pct    -0.3152           535               forward_return_26w
       asset_mgr                                asset manager net contracts vs forward 26w price return                      asset_mgr_net    -0.2942           535               forward_return_26w
       asset_mgr                                   asset manager net/OI pct vs forward 52w price return               asset_mgr_net_oi_pct    -0.3799           509               forward_return_52w
       asset_mgr                                asset manager net contracts vs forward 52w price return                      asset_mgr_net    -0.3348           509               forward_return_52w
          dealer                 weekly change in dealer/intermediary net/OI pct vs weekly price return           dealer_net_oi_pct_change    -0.0132           560                              NaN
          dealer            weekly change in dealer/intermediary net/OI pct vs next monday close return           dealer_net_oi_pct_change    -0.0219           559          next_week_monday_return
          dealer       weekly change in dealer/intermediary net/OI pct vs next monday single-day return           dealer_net_oi_pct_change    -0.0219           559    next_week_monday_daily_return
          dealer           weekly change in dealer/intermediary net/OI pct vs next tuesday close return           dealer_net_oi_pct_change     0.0089           559         next_week_tuesday_return
          dealer      weekly change in dealer/intermediary net/OI pct vs next tuesday single-day return           dealer_net_oi_pct_change     0.0416           559   next_week_tuesday_daily_return
          dealer         weekly change in dealer/intermediary net/OI pct vs next wednesday close return           dealer_net_oi_pct_change    -0.0276           559       next_week_wednesday_return
          dealer    weekly change in dealer/intermediary net/OI pct vs next wednesday single-day return           dealer_net_oi_pct_change    -0.0455           559 next_week_wednesday_daily_return
          dealer          weekly change in dealer/intermediary net/OI pct vs next thursday close return           dealer_net_oi_pct_change    -0.0484           559        next_week_thursday_return
          dealer     weekly change in dealer/intermediary net/OI pct vs next thursday single-day return           dealer_net_oi_pct_change    -0.0442           559  next_week_thursday_daily_return
          dealer            weekly change in dealer/intermediary net/OI pct vs next friday close return           dealer_net_oi_pct_change    -0.0321           559          next_week_friday_return
          dealer       weekly change in dealer/intermediary net/OI pct vs next friday single-day return           dealer_net_oi_pct_change     0.0142           559    next_week_friday_daily_return
          dealer              weekly change in dealer/intermediary net contracts vs weekly price return                  dealer_net_change    -0.0778           560                              NaN
          dealer         weekly change in dealer/intermediary net contracts vs next monday close return                  dealer_net_change    -0.0356           559          next_week_monday_return
          dealer    weekly change in dealer/intermediary net contracts vs next monday single-day return                  dealer_net_change    -0.0356           559    next_week_monday_daily_return
          dealer        weekly change in dealer/intermediary net contracts vs next tuesday close return                  dealer_net_change     0.0071           559         next_week_tuesday_return
          dealer   weekly change in dealer/intermediary net contracts vs next tuesday single-day return                  dealer_net_change     0.0631           559   next_week_tuesday_daily_return
          dealer      weekly change in dealer/intermediary net contracts vs next wednesday close return                  dealer_net_change    -0.0088           559       next_week_wednesday_return
          dealer weekly change in dealer/intermediary net contracts vs next wednesday single-day return                  dealer_net_change    -0.0097           559 next_week_wednesday_daily_return
          dealer       weekly change in dealer/intermediary net contracts vs next thursday close return                  dealer_net_change    -0.0303           559        next_week_thursday_return
          dealer  weekly change in dealer/intermediary net contracts vs next thursday single-day return                  dealer_net_change    -0.0285           559  next_week_thursday_daily_return
          dealer         weekly change in dealer/intermediary net contracts vs next friday close return                  dealer_net_change    -0.0191           559          next_week_friday_return
          dealer    weekly change in dealer/intermediary net contracts vs next friday single-day return                  dealer_net_change    -0.0052           559    next_week_friday_daily_return
          dealer                             dealer/intermediary net/OI pct vs next monday close return                  dealer_net_oi_pct     0.0558           560          next_week_monday_return
          dealer                          dealer/intermediary net contracts vs next monday close return                         dealer_net     0.0606           560          next_week_monday_return
          dealer                           dealer/intermediary short/OI pct vs next monday close return                dealer_short_oi_pct    -0.0827           560          next_week_monday_return
          dealer                        dealer/intermediary net/OI pct vs next monday single-day return                  dealer_net_oi_pct     0.0558           560    next_week_monday_daily_return
          dealer                     dealer/intermediary net contracts vs next monday single-day return                         dealer_net     0.0606           560    next_week_monday_daily_return
          dealer                      dealer/intermediary short/OI pct vs next monday single-day return                dealer_short_oi_pct    -0.0827           560    next_week_monday_daily_return
          dealer                            dealer/intermediary net/OI pct vs next tuesday close return                  dealer_net_oi_pct     0.0822           560         next_week_tuesday_return
          dealer                         dealer/intermediary net contracts vs next tuesday close return                         dealer_net     0.0896           560         next_week_tuesday_return
          dealer                          dealer/intermediary short/OI pct vs next tuesday close return                dealer_short_oi_pct    -0.0967           560         next_week_tuesday_return
          dealer                       dealer/intermediary net/OI pct vs next tuesday single-day return                  dealer_net_oi_pct     0.0521           560   next_week_tuesday_daily_return
          dealer                    dealer/intermediary net contracts vs next tuesday single-day return                         dealer_net     0.0584           560   next_week_tuesday_daily_return
          dealer                     dealer/intermediary short/OI pct vs next tuesday single-day return                dealer_short_oi_pct    -0.0244           560   next_week_tuesday_daily_return
          dealer                          dealer/intermediary net/OI pct vs next wednesday close return                  dealer_net_oi_pct     0.0964           560       next_week_wednesday_return
          dealer                       dealer/intermediary net contracts vs next wednesday close return                         dealer_net     0.1158           560       next_week_wednesday_return
          dealer                        dealer/intermediary short/OI pct vs next wednesday close return                dealer_short_oi_pct    -0.0972           560       next_week_wednesday_return
          dealer                     dealer/intermediary net/OI pct vs next wednesday single-day return                  dealer_net_oi_pct     0.0344           560 next_week_wednesday_daily_return
          dealer                  dealer/intermediary net contracts vs next wednesday single-day return                         dealer_net     0.0591           560 next_week_wednesday_daily_return
          dealer                   dealer/intermediary short/OI pct vs next wednesday single-day return                dealer_short_oi_pct    -0.0162           560 next_week_wednesday_daily_return
          dealer                           dealer/intermediary net/OI pct vs next thursday close return                  dealer_net_oi_pct     0.0889           560        next_week_thursday_return
          dealer                        dealer/intermediary net contracts vs next thursday close return                         dealer_net     0.1060           560        next_week_thursday_return
          dealer                         dealer/intermediary short/OI pct vs next thursday close return                dealer_short_oi_pct    -0.1007           560        next_week_thursday_return
          dealer                      dealer/intermediary net/OI pct vs next thursday single-day return                  dealer_net_oi_pct     0.0251           560  next_week_thursday_daily_return
          dealer                   dealer/intermediary net contracts vs next thursday single-day return                         dealer_net     0.0234           560  next_week_thursday_daily_return
          dealer                    dealer/intermediary short/OI pct vs next thursday single-day return                dealer_short_oi_pct    -0.0532           560  next_week_thursday_daily_return
          dealer                             dealer/intermediary net/OI pct vs next friday close return                  dealer_net_oi_pct     0.1015           560          next_week_friday_return
          dealer                          dealer/intermediary net contracts vs next friday close return                         dealer_net     0.1117           560          next_week_friday_return
          dealer                           dealer/intermediary short/OI pct vs next friday close return                dealer_short_oi_pct    -0.1170           560          next_week_friday_return
          dealer                        dealer/intermediary net/OI pct vs next friday single-day return                  dealer_net_oi_pct     0.0592           560    next_week_friday_daily_return
          dealer                     dealer/intermediary net contracts vs next friday single-day return                         dealer_net     0.0464           560    next_week_friday_daily_return
          dealer                      dealer/intermediary short/OI pct vs next friday single-day return                dealer_short_oi_pct    -0.0489           560    next_week_friday_daily_return
          dealer                              dealer/intermediary net/OI pct vs forward 1w price return                  dealer_net_oi_pct     0.0744           560                forward_return_1w
          dealer                           dealer/intermediary net contracts vs forward 1w price return                         dealer_net     0.0823           560                forward_return_1w
          dealer                              dealer/intermediary net/OI pct vs forward 2w price return                  dealer_net_oi_pct     0.1011           559                forward_return_2w
          dealer                           dealer/intermediary net contracts vs forward 2w price return                         dealer_net     0.1142           559                forward_return_2w
          dealer                              dealer/intermediary net/OI pct vs forward 3w price return                  dealer_net_oi_pct     0.1499           558                forward_return_3w
          dealer                           dealer/intermediary net contracts vs forward 3w price return                         dealer_net     0.1595           558                forward_return_3w
          dealer                              dealer/intermediary net/OI pct vs forward 4w price return                  dealer_net_oi_pct     0.1769           557                forward_return_4w
          dealer                           dealer/intermediary net contracts vs forward 4w price return                         dealer_net     0.1812           557                forward_return_4w
          dealer                             dealer/intermediary net/OI pct vs forward 13w price return                  dealer_net_oi_pct     0.2503           548               forward_return_13w
          dealer                          dealer/intermediary net contracts vs forward 13w price return                         dealer_net     0.2640           548               forward_return_13w
          dealer                             dealer/intermediary net/OI pct vs forward 26w price return                  dealer_net_oi_pct     0.3038           535               forward_return_26w
          dealer                          dealer/intermediary net contracts vs forward 26w price return                         dealer_net     0.3222           535               forward_return_26w
          dealer                             dealer/intermediary net/OI pct vs forward 52w price return                  dealer_net_oi_pct     0.3296           509               forward_return_52w
          dealer                          dealer/intermediary net contracts vs forward 52w price return                         dealer_net     0.3551           509               forward_return_52w
       lev_money                     weekly change in leveraged funds net/OI pct vs weekly price return        lev_money_net_oi_pct_change    -0.2586           560                              NaN
       lev_money                weekly change in leveraged funds net/OI pct vs next monday close return        lev_money_net_oi_pct_change     0.0470           559          next_week_monday_return
       lev_money           weekly change in leveraged funds net/OI pct vs next monday single-day return        lev_money_net_oi_pct_change     0.0470           559    next_week_monday_daily_return
       lev_money               weekly change in leveraged funds net/OI pct vs next tuesday close return        lev_money_net_oi_pct_change     0.0539           559         next_week_tuesday_return
       lev_money          weekly change in leveraged funds net/OI pct vs next tuesday single-day return        lev_money_net_oi_pct_change     0.0235           559   next_week_tuesday_daily_return
       lev_money             weekly change in leveraged funds net/OI pct vs next wednesday close return        lev_money_net_oi_pct_change     0.0909           559       next_week_wednesday_return
       lev_money        weekly change in leveraged funds net/OI pct vs next wednesday single-day return        lev_money_net_oi_pct_change     0.0800           559 next_week_wednesday_daily_return
       lev_money              weekly change in leveraged funds net/OI pct vs next thursday close return        lev_money_net_oi_pct_change     0.0687           559        next_week_thursday_return
       lev_money         weekly change in leveraged funds net/OI pct vs next thursday single-day return        lev_money_net_oi_pct_change    -0.0267           559  next_week_thursday_daily_return
       lev_money                weekly change in leveraged funds net/OI pct vs next friday close return        lev_money_net_oi_pct_change     0.0458           559          next_week_friday_return
       lev_money           weekly change in leveraged funds net/OI pct vs next friday single-day return        lev_money_net_oi_pct_change    -0.0299           559    next_week_friday_daily_return
       lev_money                  weekly change in leveraged funds net contracts vs weekly price return               lev_money_net_change    -0.1968           560                              NaN
       lev_money             weekly change in leveraged funds net contracts vs next monday close return               lev_money_net_change     0.0197           559          next_week_monday_return
       lev_money        weekly change in leveraged funds net contracts vs next monday single-day return               lev_money_net_change     0.0197           559    next_week_monday_daily_return
       lev_money            weekly change in leveraged funds net contracts vs next tuesday close return               lev_money_net_change     0.0107           559         next_week_tuesday_return
       lev_money       weekly change in leveraged funds net contracts vs next tuesday single-day return               lev_money_net_change    -0.0069           559   next_week_tuesday_daily_return
       lev_money          weekly change in leveraged funds net contracts vs next wednesday close return               lev_money_net_change     0.0398           559       next_week_wednesday_return
       lev_money     weekly change in leveraged funds net contracts vs next wednesday single-day return               lev_money_net_change     0.0577           559 next_week_wednesday_daily_return
       lev_money           weekly change in leveraged funds net contracts vs next thursday close return               lev_money_net_change     0.0189           559        next_week_thursday_return
       lev_money      weekly change in leveraged funds net contracts vs next thursday single-day return               lev_money_net_change    -0.0495           559  next_week_thursday_daily_return
       lev_money             weekly change in leveraged funds net contracts vs next friday close return               lev_money_net_change     0.0063           559          next_week_friday_return
       lev_money        weekly change in leveraged funds net contracts vs next friday single-day return               lev_money_net_change    -0.0078           559    next_week_friday_daily_return
       lev_money                                 leveraged funds net/OI pct vs next monday close return               lev_money_net_oi_pct     0.0416           560          next_week_monday_return
       lev_money                              leveraged funds net contracts vs next monday close return                      lev_money_net     0.0010           560          next_week_monday_return
       lev_money                               leveraged funds short/OI pct vs next monday close return             lev_money_short_oi_pct    -0.0387           560          next_week_monday_return
       lev_money                            leveraged funds net/OI pct vs next monday single-day return               lev_money_net_oi_pct     0.0416           560    next_week_monday_daily_return
       lev_money                         leveraged funds net contracts vs next monday single-day return                      lev_money_net     0.0010           560    next_week_monday_daily_return
       lev_money                          leveraged funds short/OI pct vs next monday single-day return             lev_money_short_oi_pct    -0.0387           560    next_week_monday_daily_return
       lev_money                                leveraged funds net/OI pct vs next tuesday close return               lev_money_net_oi_pct     0.0403           560         next_week_tuesday_return
       lev_money                             leveraged funds net contracts vs next tuesday close return                      lev_money_net    -0.0091           560         next_week_tuesday_return
       lev_money                              leveraged funds short/OI pct vs next tuesday close return             lev_money_short_oi_pct    -0.0449           560         next_week_tuesday_return
       lev_money                           leveraged funds net/OI pct vs next tuesday single-day return               lev_money_net_oi_pct     0.0010           560   next_week_tuesday_daily_return
       lev_money                        leveraged funds net contracts vs next tuesday single-day return                      lev_money_net    -0.0184           560   next_week_tuesday_daily_return
       lev_money                         leveraged funds short/OI pct vs next tuesday single-day return             lev_money_short_oi_pct    -0.0191           560   next_week_tuesday_daily_return
       lev_money                              leveraged funds net/OI pct vs next wednesday close return               lev_money_net_oi_pct     0.0528           560       next_week_wednesday_return
       lev_money                           leveraged funds net contracts vs next wednesday close return                      lev_money_net    -0.0166           560       next_week_wednesday_return
       lev_money                            leveraged funds short/OI pct vs next wednesday close return             lev_money_short_oi_pct    -0.0440           560       next_week_wednesday_return
       lev_money                         leveraged funds net/OI pct vs next wednesday single-day return               lev_money_net_oi_pct     0.0433           560 next_week_wednesday_daily_return
       lev_money                      leveraged funds net contracts vs next wednesday single-day return                      lev_money_net    -0.0031           560 next_week_wednesday_daily_return
       lev_money                       leveraged funds short/OI pct vs next wednesday single-day return             lev_money_short_oi_pct    -0.0166           560 next_week_wednesday_daily_return
       lev_money                               leveraged funds net/OI pct vs next thursday close return               lev_money_net_oi_pct     0.0426           560        next_week_thursday_return
       lev_money                            leveraged funds net contracts vs next thursday close return                      lev_money_net    -0.0220           560        next_week_thursday_return
       lev_money                             leveraged funds short/OI pct vs next thursday close return             lev_money_short_oi_pct    -0.0267           560        next_week_thursday_return
       lev_money                          leveraged funds net/OI pct vs next thursday single-day return               lev_money_net_oi_pct    -0.0170           560  next_week_thursday_daily_return
       lev_money                       leveraged funds net contracts vs next thursday single-day return                      lev_money_net    -0.0260           560  next_week_thursday_daily_return
       lev_money                        leveraged funds short/OI pct vs next thursday single-day return             lev_money_short_oi_pct     0.0312           560  next_week_thursday_daily_return
       lev_money                                 leveraged funds net/OI pct vs next friday close return               lev_money_net_oi_pct     0.0390           560          next_week_friday_return
       lev_money                              leveraged funds net contracts vs next friday close return                      lev_money_net    -0.0181           560          next_week_friday_return
       lev_money                               leveraged funds short/OI pct vs next friday close return             lev_money_short_oi_pct    -0.0380           560          next_week_friday_return
       lev_money                            leveraged funds net/OI pct vs next friday single-day return               lev_money_net_oi_pct    -0.0111           560    next_week_friday_daily_return
       lev_money                         leveraged funds net contracts vs next friday single-day return                      lev_money_net    -0.0100           560    next_week_friday_daily_return
       lev_money                          leveraged funds short/OI pct vs next friday single-day return             lev_money_short_oi_pct    -0.0165           560    next_week_friday_daily_return
       lev_money                                  leveraged funds net/OI pct vs forward 1w price return               lev_money_net_oi_pct     0.0428           560                forward_return_1w
       lev_money                               leveraged funds net contracts vs forward 1w price return                      lev_money_net    -0.0066           560                forward_return_1w
       lev_money                                  leveraged funds net/OI pct vs forward 2w price return               lev_money_net_oi_pct     0.0442           559                forward_return_2w
       lev_money                               leveraged funds net contracts vs forward 2w price return                      lev_money_net    -0.0142           559                forward_return_2w
       lev_money                                  leveraged funds net/OI pct vs forward 3w price return               lev_money_net_oi_pct     0.0410           558                forward_return_3w
       lev_money                               leveraged funds net contracts vs forward 3w price return                      lev_money_net    -0.0244           558                forward_return_3w
       lev_money                                  leveraged funds net/OI pct vs forward 4w price return               lev_money_net_oi_pct     0.0364           557                forward_return_4w
       lev_money                               leveraged funds net contracts vs forward 4w price return                      lev_money_net    -0.0288           557                forward_return_4w
       lev_money                                 leveraged funds net/OI pct vs forward 13w price return               lev_money_net_oi_pct     0.0079           548               forward_return_13w
       lev_money                              leveraged funds net contracts vs forward 13w price return                      lev_money_net    -0.0731           548               forward_return_13w
       lev_money                                 leveraged funds net/OI pct vs forward 26w price return               lev_money_net_oi_pct     0.0063           535               forward_return_26w
       lev_money                              leveraged funds net contracts vs forward 26w price return                      lev_money_net    -0.0960           535               forward_return_26w
       lev_money                                 leveraged funds net/OI pct vs forward 52w price return               lev_money_net_oi_pct     0.0078           509               forward_return_52w
       lev_money                              leveraged funds net contracts vs forward 52w price return                      lev_money_net    -0.1250           509               forward_return_52w
  non_reportable                      weekly change in non-reportable net/OI pct vs weekly price return   non_reportable_net_oi_pct_change    -0.1029           560                              NaN
  non_reportable                 weekly change in non-reportable net/OI pct vs next monday close return   non_reportable_net_oi_pct_change     0.0396           559          next_week_monday_return
  non_reportable            weekly change in non-reportable net/OI pct vs next monday single-day return   non_reportable_net_oi_pct_change     0.0396           559    next_week_monday_daily_return
  non_reportable                weekly change in non-reportable net/OI pct vs next tuesday close return   non_reportable_net_oi_pct_change     0.0277           559         next_week_tuesday_return
  non_reportable           weekly change in non-reportable net/OI pct vs next tuesday single-day return   non_reportable_net_oi_pct_change    -0.0130           559   next_week_tuesday_daily_return
  non_reportable              weekly change in non-reportable net/OI pct vs next wednesday close return   non_reportable_net_oi_pct_change     0.0377           559       next_week_wednesday_return
  non_reportable         weekly change in non-reportable net/OI pct vs next wednesday single-day return   non_reportable_net_oi_pct_change     0.0239           559 next_week_wednesday_daily_return
  non_reportable               weekly change in non-reportable net/OI pct vs next thursday close return   non_reportable_net_oi_pct_change     0.0570           559        next_week_thursday_return
  non_reportable          weekly change in non-reportable net/OI pct vs next thursday single-day return   non_reportable_net_oi_pct_change     0.0679           559  next_week_thursday_daily_return
  non_reportable                 weekly change in non-reportable net/OI pct vs next friday close return   non_reportable_net_oi_pct_change     0.0646           559          next_week_friday_return
  non_reportable            weekly change in non-reportable net/OI pct vs next friday single-day return   non_reportable_net_oi_pct_change    -0.0041           559    next_week_friday_daily_return
  non_reportable                   weekly change in non-reportable net contracts vs weekly price return          non_reportable_net_change    -0.1467           560                              NaN
  non_reportable              weekly change in non-reportable net contracts vs next monday close return          non_reportable_net_change     0.0358           559          next_week_monday_return
  non_reportable         weekly change in non-reportable net contracts vs next monday single-day return          non_reportable_net_change     0.0358           559    next_week_monday_daily_return
  non_reportable             weekly change in non-reportable net contracts vs next tuesday close return          non_reportable_net_change     0.0282           559         next_week_tuesday_return
  non_reportable        weekly change in non-reportable net contracts vs next tuesday single-day return          non_reportable_net_change    -0.0019           559   next_week_tuesday_daily_return
  non_reportable           weekly change in non-reportable net contracts vs next wednesday close return          non_reportable_net_change     0.0409           559       next_week_wednesday_return
  non_reportable      weekly change in non-reportable net contracts vs next wednesday single-day return          non_reportable_net_change     0.0374           559 next_week_wednesday_daily_return
  non_reportable            weekly change in non-reportable net contracts vs next thursday close return          non_reportable_net_change     0.0560           559        next_week_thursday_return
  non_reportable       weekly change in non-reportable net contracts vs next thursday single-day return          non_reportable_net_change     0.0552           559  next_week_thursday_daily_return
  non_reportable              weekly change in non-reportable net contracts vs next friday close return          non_reportable_net_change     0.0543           559          next_week_friday_return
  non_reportable         weekly change in non-reportable net contracts vs next friday single-day return          non_reportable_net_change    -0.0213           559    next_week_friday_daily_return
  non_reportable                                  non-reportable net/OI pct vs next monday close return          non_reportable_net_oi_pct     0.0384           560          next_week_monday_return
  non_reportable                               non-reportable net contracts vs next monday close return                 non_reportable_net     0.0262           560          next_week_monday_return
  non_reportable                                non-reportable short/OI pct vs next monday close return        non_reportable_short_oi_pct    -0.0880           560          next_week_monday_return
  non_reportable                             non-reportable net/OI pct vs next monday single-day return          non_reportable_net_oi_pct     0.0384           560    next_week_monday_daily_return
  non_reportable                          non-reportable net contracts vs next monday single-day return                 non_reportable_net     0.0262           560    next_week_monday_daily_return
  non_reportable                           non-reportable short/OI pct vs next monday single-day return        non_reportable_short_oi_pct    -0.0880           560    next_week_monday_daily_return
  non_reportable                                 non-reportable net/OI pct vs next tuesday close return          non_reportable_net_oi_pct     0.0367           560         next_week_tuesday_return
  non_reportable                              non-reportable net contracts vs next tuesday close return                 non_reportable_net     0.0270           560         next_week_tuesday_return
  non_reportable                               non-reportable short/OI pct vs next tuesday close return        non_reportable_short_oi_pct    -0.1033           560         next_week_tuesday_return
  non_reportable                            non-reportable net/OI pct vs next tuesday single-day return          non_reportable_net_oi_pct    -0.0104           560   next_week_tuesday_daily_return
  non_reportable                         non-reportable net contracts vs next tuesday single-day return                 non_reportable_net    -0.0046           560   next_week_tuesday_daily_return
  non_reportable                          non-reportable short/OI pct vs next tuesday single-day return        non_reportable_short_oi_pct    -0.0404           560   next_week_tuesday_daily_return
  non_reportable                               non-reportable net/OI pct vs next wednesday close return          non_reportable_net_oi_pct     0.0429           560       next_week_wednesday_return
  non_reportable                            non-reportable net contracts vs next wednesday close return                 non_reportable_net     0.0340           560       next_week_wednesday_return
  non_reportable                             non-reportable short/OI pct vs next wednesday close return        non_reportable_short_oi_pct    -0.1155           560       next_week_wednesday_return
  non_reportable                          non-reportable net/OI pct vs next wednesday single-day return          non_reportable_net_oi_pct     0.0460           560 next_week_wednesday_daily_return
  non_reportable                       non-reportable net contracts vs next wednesday single-day return                 non_reportable_net     0.0506           560 next_week_wednesday_daily_return
  non_reportable                        non-reportable short/OI pct vs next wednesday single-day return        non_reportable_short_oi_pct    -0.0437           560 next_week_wednesday_daily_return
  non_reportable                                non-reportable net/OI pct vs next thursday close return          non_reportable_net_oi_pct     0.0540           560        next_week_thursday_return
  non_reportable                             non-reportable net contracts vs next thursday close return                 non_reportable_net     0.0518           560        next_week_thursday_return
  non_reportable                              non-reportable short/OI pct vs next thursday close return        non_reportable_short_oi_pct    -0.1222           560        next_week_thursday_return
  non_reportable                           non-reportable net/OI pct vs next thursday single-day return          non_reportable_net_oi_pct     0.0303           560  next_week_thursday_daily_return
  non_reportable                        non-reportable net contracts vs next thursday single-day return                 non_reportable_net     0.0463           560  next_week_thursday_daily_return
  non_reportable                         non-reportable short/OI pct vs next thursday single-day return        non_reportable_short_oi_pct    -0.0533           560  next_week_thursday_daily_return
  non_reportable                                  non-reportable net/OI pct vs next friday close return          non_reportable_net_oi_pct     0.0578           560          next_week_friday_return
  non_reportable                               non-reportable net contracts vs next friday close return                 non_reportable_net     0.0475           560          next_week_friday_return
  non_reportable                                non-reportable short/OI pct vs next friday close return        non_reportable_short_oi_pct    -0.1260           560          next_week_friday_return
  non_reportable                             non-reportable net/OI pct vs next friday single-day return          non_reportable_net_oi_pct     0.0157           560    next_week_friday_daily_return
  non_reportable                          non-reportable net contracts vs next friday single-day return                 non_reportable_net    -0.0055           560    next_week_friday_daily_return
  non_reportable                           non-reportable short/OI pct vs next friday single-day return        non_reportable_short_oi_pct    -0.0347           560    next_week_friday_daily_return
  non_reportable                                   non-reportable net/OI pct vs forward 1w price return          non_reportable_net_oi_pct     0.0391           560                forward_return_1w
  non_reportable                                non-reportable net contracts vs forward 1w price return                 non_reportable_net     0.0295           560                forward_return_1w
  non_reportable                                   non-reportable net/OI pct vs forward 2w price return          non_reportable_net_oi_pct     0.0301           559                forward_return_2w
  non_reportable                                non-reportable net contracts vs forward 2w price return                 non_reportable_net     0.0111           559                forward_return_2w
  non_reportable                                   non-reportable net/OI pct vs forward 3w price return          non_reportable_net_oi_pct     0.0146           558                forward_return_3w
  non_reportable                                non-reportable net contracts vs forward 3w price return                 non_reportable_net    -0.0068           558                forward_return_3w
  non_reportable                                   non-reportable net/OI pct vs forward 4w price return          non_reportable_net_oi_pct    -0.0220           557                forward_return_4w
  non_reportable                                non-reportable net contracts vs forward 4w price return                 non_reportable_net    -0.0433           557                forward_return_4w
  non_reportable                                  non-reportable net/OI pct vs forward 13w price return          non_reportable_net_oi_pct    -0.0862           548               forward_return_13w
  non_reportable                               non-reportable net contracts vs forward 13w price return                 non_reportable_net    -0.1413           548               forward_return_13w
  non_reportable                                  non-reportable net/OI pct vs forward 26w price return          non_reportable_net_oi_pct    -0.0848           535               forward_return_26w
  non_reportable                               non-reportable net contracts vs forward 26w price return                 non_reportable_net    -0.1343           535               forward_return_26w
  non_reportable                                  non-reportable net/OI pct vs forward 52w price return          non_reportable_net_oi_pct     0.0574           509               forward_return_52w
  non_reportable                               non-reportable net contracts vs forward 52w price return                 non_reportable_net    -0.0279           509               forward_return_52w
other_reportable                   weekly change in other reportables net/OI pct vs weekly price return other_reportable_net_oi_pct_change    -0.1314           560                              NaN
other_reportable              weekly change in other reportables net/OI pct vs next monday close return other_reportable_net_oi_pct_change     0.0134           559          next_week_monday_return
other_reportable         weekly change in other reportables net/OI pct vs next monday single-day return other_reportable_net_oi_pct_change     0.0134           559    next_week_monday_daily_return
other_reportable             weekly change in other reportables net/OI pct vs next tuesday close return other_reportable_net_oi_pct_change     0.0376           559         next_week_tuesday_return
other_reportable        weekly change in other reportables net/OI pct vs next tuesday single-day return other_reportable_net_oi_pct_change     0.0707           559   next_week_tuesday_daily_return
other_reportable           weekly change in other reportables net/OI pct vs next wednesday close return other_reportable_net_oi_pct_change    -0.0027           559       next_week_wednesday_return
other_reportable      weekly change in other reportables net/OI pct vs next wednesday single-day return other_reportable_net_oi_pct_change    -0.0672           559 next_week_wednesday_daily_return
other_reportable            weekly change in other reportables net/OI pct vs next thursday close return other_reportable_net_oi_pct_change     0.0109           559        next_week_thursday_return
other_reportable       weekly change in other reportables net/OI pct vs next thursday single-day return other_reportable_net_oi_pct_change     0.0270           559  next_week_thursday_daily_return
other_reportable              weekly change in other reportables net/OI pct vs next friday close return other_reportable_net_oi_pct_change    -0.0060           559          next_week_friday_return
other_reportable         weekly change in other reportables net/OI pct vs next friday single-day return other_reportable_net_oi_pct_change    -0.0268           559    next_week_friday_daily_return
other_reportable                weekly change in other reportables net contracts vs weekly price return        other_reportable_net_change    -0.1279           560                              NaN
other_reportable           weekly change in other reportables net contracts vs next monday close return        other_reportable_net_change     0.0472           559          next_week_monday_return
other_reportable      weekly change in other reportables net contracts vs next monday single-day return        other_reportable_net_change     0.0472           559    next_week_monday_daily_return
other_reportable          weekly change in other reportables net contracts vs next tuesday close return        other_reportable_net_change     0.0622           559         next_week_tuesday_return
other_reportable     weekly change in other reportables net contracts vs next tuesday single-day return        other_reportable_net_change     0.0556           559   next_week_tuesday_daily_return
other_reportable        weekly change in other reportables net contracts vs next wednesday close return        other_reportable_net_change     0.0244           559       next_week_wednesday_return
other_reportable   weekly change in other reportables net contracts vs next wednesday single-day return        other_reportable_net_change    -0.0571           559 next_week_wednesday_daily_return
other_reportable         weekly change in other reportables net contracts vs next thursday close return        other_reportable_net_change     0.0359           559        next_week_thursday_return
other_reportable    weekly change in other reportables net contracts vs next thursday single-day return        other_reportable_net_change     0.0315           559  next_week_thursday_daily_return
other_reportable           weekly change in other reportables net contracts vs next friday close return        other_reportable_net_change     0.0245           559          next_week_friday_return
other_reportable      weekly change in other reportables net contracts vs next friday single-day return        other_reportable_net_change    -0.0079           559    next_week_friday_daily_return
other_reportable                               other reportables net/OI pct vs next monday close return        other_reportable_net_oi_pct     0.0680           560          next_week_monday_return
other_reportable                            other reportables net contracts vs next monday close return               other_reportable_net     0.1002           560          next_week_monday_return
other_reportable                             other reportables short/OI pct vs next monday close return      other_reportable_short_oi_pct    -0.0465           560          next_week_monday_return
other_reportable                          other reportables net/OI pct vs next monday single-day return        other_reportable_net_oi_pct     0.0680           560    next_week_monday_daily_return
other_reportable                       other reportables net contracts vs next monday single-day return               other_reportable_net     0.1002           560    next_week_monday_daily_return
other_reportable                        other reportables short/OI pct vs next monday single-day return      other_reportable_short_oi_pct    -0.0465           560    next_week_monday_daily_return
other_reportable                              other reportables net/OI pct vs next tuesday close return        other_reportable_net_oi_pct     0.0528           560         next_week_tuesday_return
other_reportable                           other reportables net contracts vs next tuesday close return               other_reportable_net     0.0790           560         next_week_tuesday_return
other_reportable                            other reportables short/OI pct vs next tuesday close return      other_reportable_short_oi_pct    -0.0600           560         next_week_tuesday_return
other_reportable                         other reportables net/OI pct vs next tuesday single-day return        other_reportable_net_oi_pct    -0.0142           560   next_week_tuesday_daily_return
other_reportable                      other reportables net contracts vs next tuesday single-day return               other_reportable_net    -0.0208           560   next_week_tuesday_daily_return
other_reportable                       other reportables short/OI pct vs next tuesday single-day return      other_reportable_short_oi_pct    -0.0525           560   next_week_tuesday_daily_return
other_reportable                            other reportables net/OI pct vs next wednesday close return        other_reportable_net_oi_pct     0.0764           560       next_week_wednesday_return
other_reportable                         other reportables net contracts vs next wednesday close return               other_reportable_net     0.1050           560       next_week_wednesday_return
other_reportable                          other reportables short/OI pct vs next wednesday close return      other_reportable_short_oi_pct    -0.0953           560       next_week_wednesday_return
other_reportable                       other reportables net/OI pct vs next wednesday single-day return        other_reportable_net_oi_pct     0.0627           560 next_week_wednesday_daily_return
other_reportable                    other reportables net contracts vs next wednesday single-day return               other_reportable_net     0.0680           560 next_week_wednesday_daily_return
other_reportable                     other reportables short/OI pct vs next wednesday single-day return      other_reportable_short_oi_pct    -0.0704           560 next_week_wednesday_daily_return
other_reportable                             other reportables net/OI pct vs next thursday close return        other_reportable_net_oi_pct     0.0657           560        next_week_thursday_return
other_reportable                          other reportables net contracts vs next thursday close return               other_reportable_net     0.0981           560        next_week_thursday_return
other_reportable                           other reportables short/OI pct vs next thursday close return      other_reportable_short_oi_pct    -0.0728           560        next_week_thursday_return
other_reportable                        other reportables net/OI pct vs next thursday single-day return        other_reportable_net_oi_pct     0.0018           560  next_week_thursday_daily_return
other_reportable                     other reportables net contracts vs next thursday single-day return               other_reportable_net     0.0164           560  next_week_thursday_daily_return
other_reportable                      other reportables short/OI pct vs next thursday single-day return      other_reportable_short_oi_pct     0.0186           560  next_week_thursday_daily_return
other_reportable                               other reportables net/OI pct vs next friday close return        other_reportable_net_oi_pct     0.0501           560          next_week_friday_return
other_reportable                            other reportables net contracts vs next friday close return               other_reportable_net     0.0740           560          next_week_friday_return
other_reportable                             other reportables short/OI pct vs next friday close return      other_reportable_short_oi_pct    -0.0844           560          next_week_friday_return
other_reportable                          other reportables net/OI pct vs next friday single-day return        other_reportable_net_oi_pct    -0.0331           560    next_week_friday_daily_return
other_reportable                       other reportables net contracts vs next friday single-day return               other_reportable_net    -0.0443           560    next_week_friday_daily_return
other_reportable                        other reportables short/OI pct vs next friday single-day return      other_reportable_short_oi_pct    -0.0420           560    next_week_friday_daily_return
other_reportable                                other reportables net/OI pct vs forward 1w price return        other_reportable_net_oi_pct     0.0551           560                forward_return_1w
other_reportable                             other reportables net contracts vs forward 1w price return               other_reportable_net     0.0814           560                forward_return_1w
other_reportable                                other reportables net/OI pct vs forward 2w price return        other_reportable_net_oi_pct     0.0570           559                forward_return_2w
other_reportable                             other reportables net contracts vs forward 2w price return               other_reportable_net     0.0872           559                forward_return_2w
other_reportable                                other reportables net/OI pct vs forward 3w price return        other_reportable_net_oi_pct     0.0989           558                forward_return_3w
other_reportable                             other reportables net contracts vs forward 3w price return               other_reportable_net     0.1264           558                forward_return_3w
other_reportable                                other reportables net/OI pct vs forward 4w price return        other_reportable_net_oi_pct     0.1261           557                forward_return_4w
other_reportable                             other reportables net contracts vs forward 4w price return               other_reportable_net     0.1563           557                forward_return_4w
other_reportable                               other reportables net/OI pct vs forward 13w price return        other_reportable_net_oi_pct     0.1456           548               forward_return_13w
other_reportable                            other reportables net contracts vs forward 13w price return               other_reportable_net     0.2163           548               forward_return_13w
other_reportable                               other reportables net/OI pct vs forward 26w price return        other_reportable_net_oi_pct     0.1536           535               forward_return_26w
other_reportable                            other reportables net contracts vs forward 26w price return               other_reportable_net     0.2376           535               forward_return_26w
other_reportable                               other reportables net/OI pct vs forward 52w price return        other_reportable_net_oi_pct     0.1912           509               forward_return_52w
other_reportable                            other reportables net contracts vs forward 52w price return               other_reportable_net     0.3028           509               forward_return_52w

Saved:
cot_exact_output/vix_exact_consolidated_overlay_2016_2026.png
cot_exact_output/vix_exact_consolidated_rebased_2016_2026.png
cot_exact_output/vix_exact_consolidated_data_2016_2026.csv
cot_exact_output/vix_exact_consolidated_correlations_2016_2026.csv
cot_exact_output/vix_exact_consolidated_extremes_2016_2026.csv

=== RUSSELL E-MINI - CHICAGO MERCANTILE EXCHANGE ===
Refreshing Yahoo price cache: /home/runner/work/cot-report/cot-report/data/RUT.csv

Latest exact consolidated row:
date: 2026-09-29
CFTC source latest date: 2026-09-29
open_interest: 428,048
Asset Manager long: 151,227
Asset Manager short: 111,459
Asset Manager net: 39,768
Asset Manager net/OI: 9.29%
Dealer/Intermediary long: 120,936
Dealer/Intermediary short: 43,245
Dealer/Intermediary net: 77,691
Dealer/Intermediary net/OI: 18.15%
Leveraged Funds long: 78,186
Leveraged Funds short: 192,740
Leveraged Funds net: -114,554
Leveraged Funds net/OI: -26.76%
Non-Reportable long: 30,027
Non-Reportable short: 22,799
Non-Reportable net: 7,228
Non-Reportable net/OI: 1.69%
Other Reportables long: 2,616
Other Reportables short: 12,749
Other Reportables net: -10,133
Other Reportables net/OI: -2.37%

Correlation table:
        category                                                                           relationship                    position_metric  pearson_r  observations                    return_metric
       asset_mgr                       weekly change in asset manager net/OI pct vs weekly price return        asset_mgr_net_oi_pct_change     0.5105           242                              NaN
       asset_mgr                  weekly change in asset manager net/OI pct vs next monday close return        asset_mgr_net_oi_pct_change    -0.0936           241          next_week_monday_return
       asset_mgr             weekly change in asset manager net/OI pct vs next monday single-day return        asset_mgr_net_oi_pct_change    -0.0936           241    next_week_monday_daily_return
       asset_mgr                 weekly change in asset manager net/OI pct vs next tuesday close return        asset_mgr_net_oi_pct_change    -0.1030           241         next_week_tuesday_return
       asset_mgr            weekly change in asset manager net/OI pct vs next tuesday single-day return        asset_mgr_net_oi_pct_change    -0.0364           241   next_week_tuesday_daily_return
       asset_mgr               weekly change in asset manager net/OI pct vs next wednesday close return        asset_mgr_net_oi_pct_change    -0.1262           241       next_week_wednesday_return
       asset_mgr          weekly change in asset manager net/OI pct vs next wednesday single-day return        asset_mgr_net_oi_pct_change    -0.0572           241 next_week_wednesday_daily_return
       asset_mgr                weekly change in asset manager net/OI pct vs next thursday close return        asset_mgr_net_oi_pct_change    -0.0902           241        next_week_thursday_return
       asset_mgr           weekly change in asset manager net/OI pct vs next thursday single-day return        asset_mgr_net_oi_pct_change     0.0544           241  next_week_thursday_daily_return
       asset_mgr                  weekly change in asset manager net/OI pct vs next friday close return        asset_mgr_net_oi_pct_change    -0.0414           241          next_week_friday_return
       asset_mgr             weekly change in asset manager net/OI pct vs next friday single-day return        asset_mgr_net_oi_pct_change     0.1054           241    next_week_friday_daily_return
       asset_mgr                    weekly change in asset manager net contracts vs weekly price return               asset_mgr_net_change     0.5557           242                              NaN
       asset_mgr               weekly change in asset manager net contracts vs next monday close return               asset_mgr_net_change    -0.0829           241          next_week_monday_return
       asset_mgr          weekly change in asset manager net contracts vs next monday single-day return               asset_mgr_net_change    -0.0829           241    next_week_monday_daily_return
       asset_mgr              weekly change in asset manager net contracts vs next tuesday close return               asset_mgr_net_change    -0.0934           241         next_week_tuesday_return
       asset_mgr         weekly change in asset manager net contracts vs next tuesday single-day return               asset_mgr_net_change    -0.0373           241   next_week_tuesday_daily_return
       asset_mgr            weekly change in asset manager net contracts vs next wednesday close return               asset_mgr_net_change    -0.1211           241       next_week_wednesday_return
       asset_mgr       weekly change in asset manager net contracts vs next wednesday single-day return               asset_mgr_net_change    -0.0651           241 next_week_wednesday_daily_return
       asset_mgr             weekly change in asset manager net contracts vs next thursday close return               asset_mgr_net_change    -0.0844           241        next_week_thursday_return
       asset_mgr        weekly change in asset manager net contracts vs next thursday single-day return               asset_mgr_net_change     0.0576           241  next_week_thursday_daily_return
       asset_mgr               weekly change in asset manager net contracts vs next friday close return               asset_mgr_net_change    -0.0407           241          next_week_friday_return
       asset_mgr          weekly change in asset manager net contracts vs next friday single-day return               asset_mgr_net_change     0.0930           241    next_week_friday_daily_return
       asset_mgr                                   asset manager net/OI pct vs next monday close return               asset_mgr_net_oi_pct    -0.0440           242          next_week_monday_return
       asset_mgr                                asset manager net contracts vs next monday close return                      asset_mgr_net    -0.0446           242          next_week_monday_return
       asset_mgr                                 asset manager short/OI pct vs next monday close return             asset_mgr_short_oi_pct    -0.0051           242          next_week_monday_return
       asset_mgr                              asset manager net/OI pct vs next monday single-day return               asset_mgr_net_oi_pct    -0.0440           242    next_week_monday_daily_return
       asset_mgr                           asset manager net contracts vs next monday single-day return                      asset_mgr_net    -0.0446           242    next_week_monday_daily_return
       asset_mgr                            asset manager short/OI pct vs next monday single-day return             asset_mgr_short_oi_pct    -0.0051           242    next_week_monday_daily_return
       asset_mgr                                  asset manager net/OI pct vs next tuesday close return               asset_mgr_net_oi_pct    -0.0815           242         next_week_tuesday_return
       asset_mgr                               asset manager net contracts vs next tuesday close return                      asset_mgr_net    -0.0814           242         next_week_tuesday_return
       asset_mgr                                asset manager short/OI pct vs next tuesday close return             asset_mgr_short_oi_pct     0.0241           242         next_week_tuesday_return
       asset_mgr                             asset manager net/OI pct vs next tuesday single-day return               asset_mgr_net_oi_pct    -0.0934           242   next_week_tuesday_daily_return
       asset_mgr                          asset manager net contracts vs next tuesday single-day return                      asset_mgr_net    -0.0919           242   next_week_tuesday_daily_return
       asset_mgr                           asset manager short/OI pct vs next tuesday single-day return             asset_mgr_short_oi_pct     0.0662           242   next_week_tuesday_daily_return
       asset_mgr                                asset manager net/OI pct vs next wednesday close return               asset_mgr_net_oi_pct    -0.0586           242       next_week_wednesday_return
       asset_mgr                             asset manager net contracts vs next wednesday close return                      asset_mgr_net    -0.0640           242       next_week_wednesday_return
       asset_mgr                              asset manager short/OI pct vs next wednesday close return             asset_mgr_short_oi_pct     0.0178           242       next_week_wednesday_return
       asset_mgr                           asset manager net/OI pct vs next wednesday single-day return               asset_mgr_net_oi_pct     0.0395           242 next_week_wednesday_daily_return
       asset_mgr                        asset manager net contracts vs next wednesday single-day return                      asset_mgr_net     0.0277           242 next_week_wednesday_daily_return
       asset_mgr                         asset manager short/OI pct vs next wednesday single-day return             asset_mgr_short_oi_pct    -0.0094           242 next_week_wednesday_daily_return
       asset_mgr                                 asset manager net/OI pct vs next thursday close return               asset_mgr_net_oi_pct    -0.0833           242        next_week_thursday_return
       asset_mgr                              asset manager net contracts vs next thursday close return                      asset_mgr_net    -0.0849           242        next_week_thursday_return
       asset_mgr                               asset manager short/OI pct vs next thursday close return             asset_mgr_short_oi_pct     0.0346           242        next_week_thursday_return
       asset_mgr                            asset manager net/OI pct vs next thursday single-day return               asset_mgr_net_oi_pct    -0.0702           242  next_week_thursday_daily_return
       asset_mgr                         asset manager net contracts vs next thursday single-day return                      asset_mgr_net    -0.0622           242  next_week_thursday_daily_return
       asset_mgr                          asset manager short/OI pct vs next thursday single-day return             asset_mgr_short_oi_pct     0.0448           242  next_week_thursday_daily_return
       asset_mgr                                   asset manager net/OI pct vs next friday close return               asset_mgr_net_oi_pct    -0.0911           242          next_week_friday_return
       asset_mgr                                asset manager net contracts vs next friday close return                      asset_mgr_net    -0.0933           242          next_week_friday_return
       asset_mgr                                 asset manager short/OI pct vs next friday close return             asset_mgr_short_oi_pct     0.0364           242          next_week_friday_return
       asset_mgr                              asset manager net/OI pct vs next friday single-day return               asset_mgr_net_oi_pct    -0.0351           242    next_week_friday_daily_return
       asset_mgr                           asset manager net contracts vs next friday single-day return                      asset_mgr_net    -0.0370           242    next_week_friday_daily_return
       asset_mgr                            asset manager short/OI pct vs next friday single-day return             asset_mgr_short_oi_pct     0.0104           242    next_week_friday_daily_return
       asset_mgr                                    asset manager net/OI pct vs forward 1w price return               asset_mgr_net_oi_pct    -0.0819           242                forward_return_1w
       asset_mgr                                 asset manager net contracts vs forward 1w price return                      asset_mgr_net    -0.0817           242                forward_return_1w
       asset_mgr                                    asset manager net/OI pct vs forward 2w price return               asset_mgr_net_oi_pct    -0.1003           241                forward_return_2w
       asset_mgr                                 asset manager net contracts vs forward 2w price return                      asset_mgr_net    -0.1021           241                forward_return_2w
       asset_mgr                                    asset manager net/OI pct vs forward 3w price return               asset_mgr_net_oi_pct    -0.1148           240                forward_return_3w
       asset_mgr                                 asset manager net contracts vs forward 3w price return                      asset_mgr_net    -0.1184           240                forward_return_3w
       asset_mgr                                    asset manager net/OI pct vs forward 4w price return               asset_mgr_net_oi_pct    -0.1245           239                forward_return_4w
       asset_mgr                                 asset manager net contracts vs forward 4w price return                      asset_mgr_net    -0.1259           239                forward_return_4w
       asset_mgr                                   asset manager net/OI pct vs forward 13w price return               asset_mgr_net_oi_pct    -0.1631           230               forward_return_13w
       asset_mgr                                asset manager net contracts vs forward 13w price return                      asset_mgr_net    -0.1619           230               forward_return_13w
       asset_mgr                                   asset manager net/OI pct vs forward 26w price return               asset_mgr_net_oi_pct    -0.0586           217               forward_return_26w
       asset_mgr                                asset manager net contracts vs forward 26w price return                      asset_mgr_net    -0.0565           217               forward_return_26w
       asset_mgr                                   asset manager net/OI pct vs forward 52w price return               asset_mgr_net_oi_pct     0.1597           191               forward_return_52w
       asset_mgr                                asset manager net contracts vs forward 52w price return                      asset_mgr_net     0.1587           191               forward_return_52w
          dealer                 weekly change in dealer/intermediary net/OI pct vs weekly price return           dealer_net_oi_pct_change    -0.3003           242                              NaN
          dealer            weekly change in dealer/intermediary net/OI pct vs next monday close return           dealer_net_oi_pct_change     0.0819           241          next_week_monday_return
          dealer       weekly change in dealer/intermediary net/OI pct vs next monday single-day return           dealer_net_oi_pct_change     0.0819           241    next_week_monday_daily_return
          dealer           weekly change in dealer/intermediary net/OI pct vs next tuesday close return           dealer_net_oi_pct_change     0.1086           241         next_week_tuesday_return
          dealer      weekly change in dealer/intermediary net/OI pct vs next tuesday single-day return           dealer_net_oi_pct_change     0.0762           241   next_week_tuesday_daily_return
          dealer         weekly change in dealer/intermediary net/OI pct vs next wednesday close return           dealer_net_oi_pct_change     0.1327           241       next_week_wednesday_return
          dealer    weekly change in dealer/intermediary net/OI pct vs next wednesday single-day return           dealer_net_oi_pct_change     0.0592           241 next_week_wednesday_daily_return
          dealer          weekly change in dealer/intermediary net/OI pct vs next thursday close return           dealer_net_oi_pct_change     0.0604           241        next_week_thursday_return
          dealer     weekly change in dealer/intermediary net/OI pct vs next thursday single-day return           dealer_net_oi_pct_change    -0.1399           241  next_week_thursday_daily_return
          dealer            weekly change in dealer/intermediary net/OI pct vs next friday close return           dealer_net_oi_pct_change    -0.0157           241          next_week_friday_return
          dealer       weekly change in dealer/intermediary net/OI pct vs next friday single-day return           dealer_net_oi_pct_change    -0.1878           241    next_week_friday_daily_return
          dealer              weekly change in dealer/intermediary net contracts vs weekly price return                  dealer_net_change    -0.3828           242                              NaN
          dealer         weekly change in dealer/intermediary net contracts vs next monday close return                  dealer_net_change     0.0922           241          next_week_monday_return
          dealer    weekly change in dealer/intermediary net contracts vs next monday single-day return                  dealer_net_change     0.0922           241    next_week_monday_daily_return
          dealer        weekly change in dealer/intermediary net contracts vs next tuesday close return                  dealer_net_change     0.1157           241         next_week_tuesday_return
          dealer   weekly change in dealer/intermediary net contracts vs next tuesday single-day return                  dealer_net_change     0.0697           241   next_week_tuesday_daily_return
          dealer      weekly change in dealer/intermediary net contracts vs next wednesday close return                  dealer_net_change     0.1323           241       next_week_wednesday_return
          dealer weekly change in dealer/intermediary net contracts vs next wednesday single-day return                  dealer_net_change     0.0434           241 next_week_wednesday_daily_return
          dealer       weekly change in dealer/intermediary net contracts vs next thursday close return                  dealer_net_change     0.0530           241        next_week_thursday_return
          dealer  weekly change in dealer/intermediary net contracts vs next thursday single-day return                  dealer_net_change    -0.1568           241  next_week_thursday_daily_return
          dealer         weekly change in dealer/intermediary net contracts vs next friday close return                  dealer_net_change    -0.0224           241          next_week_friday_return
          dealer    weekly change in dealer/intermediary net contracts vs next friday single-day return                  dealer_net_change    -0.1869           241    next_week_friday_daily_return
          dealer                             dealer/intermediary net/OI pct vs next monday close return                  dealer_net_oi_pct    -0.0207           242          next_week_monday_return
          dealer                          dealer/intermediary net contracts vs next monday close return                         dealer_net    -0.0186           242          next_week_monday_return
          dealer                           dealer/intermediary short/OI pct vs next monday close return                dealer_short_oi_pct     0.0323           242          next_week_monday_return
          dealer                        dealer/intermediary net/OI pct vs next monday single-day return                  dealer_net_oi_pct    -0.0207           242    next_week_monday_daily_return
          dealer                     dealer/intermediary net contracts vs next monday single-day return                         dealer_net    -0.0186           242    next_week_monday_daily_return
          dealer                      dealer/intermediary short/OI pct vs next monday single-day return                dealer_short_oi_pct     0.0323           242    next_week_monday_daily_return
          dealer                            dealer/intermediary net/OI pct vs next tuesday close return                  dealer_net_oi_pct     0.0164           242         next_week_tuesday_return
          dealer                         dealer/intermediary net contracts vs next tuesday close return                         dealer_net     0.0176           242         next_week_tuesday_return
          dealer                          dealer/intermediary short/OI pct vs next tuesday close return                dealer_short_oi_pct    -0.0097           242         next_week_tuesday_return
          dealer                       dealer/intermediary net/OI pct vs next tuesday single-day return                  dealer_net_oi_pct     0.0808           242   next_week_tuesday_daily_return
          dealer                    dealer/intermediary net contracts vs next tuesday single-day return                         dealer_net     0.0795           242   next_week_tuesday_daily_return
          dealer                     dealer/intermediary short/OI pct vs next tuesday single-day return                dealer_short_oi_pct    -0.0908           242   next_week_tuesday_daily_return
          dealer                          dealer/intermediary net/OI pct vs next wednesday close return                  dealer_net_oi_pct     0.0028           242       next_week_wednesday_return
          dealer                       dealer/intermediary net contracts vs next wednesday close return                         dealer_net     0.0055           242       next_week_wednesday_return
          dealer                        dealer/intermediary short/OI pct vs next wednesday close return                dealer_short_oi_pct     0.0076           242       next_week_wednesday_return
          dealer                     dealer/intermediary net/OI pct vs next wednesday single-day return                  dealer_net_oi_pct    -0.0265           242 next_week_wednesday_daily_return
          dealer                  dealer/intermediary net contracts vs next wednesday single-day return                         dealer_net    -0.0225           242 next_week_wednesday_daily_return
          dealer                   dealer/intermediary short/OI pct vs next wednesday single-day return                dealer_short_oi_pct     0.0347           242 next_week_wednesday_daily_return
          dealer                           dealer/intermediary net/OI pct vs next thursday close return                  dealer_net_oi_pct     0.0136           242        next_week_thursday_return
          dealer                        dealer/intermediary net contracts vs next thursday close return                         dealer_net     0.0133           242        next_week_thursday_return
          dealer                         dealer/intermediary short/OI pct vs next thursday close return                dealer_short_oi_pct    -0.0083           242        next_week_thursday_return
          dealer                      dealer/intermediary net/OI pct vs next thursday single-day return                  dealer_net_oi_pct     0.0276           242  next_week_thursday_daily_return
          dealer                   dealer/intermediary net contracts vs next thursday single-day return                         dealer_net     0.0205           242  next_week_thursday_daily_return
          dealer                    dealer/intermediary short/OI pct vs next thursday single-day return                dealer_short_oi_pct    -0.0377           242  next_week_thursday_daily_return
          dealer                             dealer/intermediary net/OI pct vs next friday close return                  dealer_net_oi_pct     0.0058           242          next_week_friday_return
          dealer                          dealer/intermediary net contracts vs next friday close return                         dealer_net     0.0084           242          next_week_friday_return
          dealer                           dealer/intermediary short/OI pct vs next friday close return                dealer_short_oi_pct     0.0013           242          next_week_friday_return
          dealer                        dealer/intermediary net/OI pct vs next friday single-day return                  dealer_net_oi_pct    -0.0176           242    next_week_friday_daily_return
          dealer                     dealer/intermediary net contracts vs next friday single-day return                         dealer_net    -0.0102           242    next_week_friday_daily_return
          dealer                      dealer/intermediary short/OI pct vs next friday single-day return                dealer_short_oi_pct     0.0241           242    next_week_friday_daily_return
          dealer                              dealer/intermediary net/OI pct vs forward 1w price return                  dealer_net_oi_pct     0.0156           242                forward_return_1w
          dealer                           dealer/intermediary net contracts vs forward 1w price return                         dealer_net     0.0169           242                forward_return_1w
          dealer                              dealer/intermediary net/OI pct vs forward 2w price return                  dealer_net_oi_pct     0.0059           241                forward_return_2w
          dealer                           dealer/intermediary net contracts vs forward 2w price return                         dealer_net     0.0069           241                forward_return_2w
          dealer                              dealer/intermediary net/OI pct vs forward 3w price return                  dealer_net_oi_pct     0.0182           240                forward_return_3w
          dealer                           dealer/intermediary net contracts vs forward 3w price return                         dealer_net     0.0207           240                forward_return_3w
          dealer                              dealer/intermediary net/OI pct vs forward 4w price return                  dealer_net_oi_pct     0.0222           239                forward_return_4w
          dealer                           dealer/intermediary net contracts vs forward 4w price return                         dealer_net     0.0246           239                forward_return_4w
          dealer                             dealer/intermediary net/OI pct vs forward 13w price return                  dealer_net_oi_pct     0.0802           230               forward_return_13w
          dealer                          dealer/intermediary net contracts vs forward 13w price return                         dealer_net     0.0619           230               forward_return_13w
          dealer                             dealer/intermediary net/OI pct vs forward 26w price return                  dealer_net_oi_pct     0.0074           217               forward_return_26w
          dealer                          dealer/intermediary net contracts vs forward 26w price return                         dealer_net    -0.0193           217               forward_return_26w
          dealer                             dealer/intermediary net/OI pct vs forward 52w price return                  dealer_net_oi_pct    -0.2678           191               forward_return_52w
          dealer                          dealer/intermediary net contracts vs forward 52w price return                         dealer_net    -0.2828           191               forward_return_52w
       lev_money                     weekly change in leveraged funds net/OI pct vs weekly price return        lev_money_net_oi_pct_change    -0.2200           242                              NaN
       lev_money                weekly change in leveraged funds net/OI pct vs next monday close return        lev_money_net_oi_pct_change     0.0090           241          next_week_monday_return
       lev_money           weekly change in leveraged funds net/OI pct vs next monday single-day return        lev_money_net_oi_pct_change     0.0090           241    next_week_monday_daily_return
       lev_money               weekly change in leveraged funds net/OI pct vs next tuesday close return        lev_money_net_oi_pct_change    -0.0078           241         next_week_tuesday_return
       lev_money          weekly change in leveraged funds net/OI pct vs next tuesday single-day return        lev_money_net_oi_pct_change    -0.0404           241   next_week_tuesday_daily_return
       lev_money             weekly change in leveraged funds net/OI pct vs next wednesday close return        lev_money_net_oi_pct_change    -0.0311           241       next_week_wednesday_return
       lev_money        weekly change in leveraged funds net/OI pct vs next wednesday single-day return        lev_money_net_oi_pct_change    -0.0487           241 next_week_wednesday_daily_return
       lev_money              weekly change in leveraged funds net/OI pct vs next thursday close return        lev_money_net_oi_pct_change     0.0105           241        next_week_thursday_return
       lev_money         weekly change in leveraged funds net/OI pct vs next thursday single-day return        lev_money_net_oi_pct_change     0.0921           241  next_week_thursday_daily_return
       lev_money                weekly change in leveraged funds net/OI pct vs next friday close return        lev_money_net_oi_pct_change     0.0267           241          next_week_friday_return
       lev_money           weekly change in leveraged funds net/OI pct vs next friday single-day return        lev_money_net_oi_pct_change     0.0501           241    next_week_friday_daily_return
       lev_money                  weekly change in leveraged funds net contracts vs weekly price return               lev_money_net_change    -0.2061           242                              NaN
       lev_money             weekly change in leveraged funds net contracts vs next monday close return               lev_money_net_change    -0.0091           241          next_week_monday_return
       lev_money        weekly change in leveraged funds net contracts vs next monday single-day return               lev_money_net_change    -0.0091           241    next_week_monday_daily_return
       lev_money            weekly change in leveraged funds net contracts vs next tuesday close return               lev_money_net_change    -0.0247           241         next_week_tuesday_return
       lev_money       weekly change in leveraged funds net contracts vs next tuesday single-day return               lev_money_net_change    -0.0399           241   next_week_tuesday_daily_return
       lev_money          weekly change in leveraged funds net contracts vs next wednesday close return               lev_money_net_change    -0.0385           241       next_week_wednesday_return
       lev_money     weekly change in leveraged funds net contracts vs next wednesday single-day return               lev_money_net_change    -0.0305           241 next_week_wednesday_daily_return
       lev_money           weekly change in leveraged funds net contracts vs next thursday close return               lev_money_net_change     0.0107           241        next_week_thursday_return
       lev_money      weekly change in leveraged funds net contracts vs next thursday single-day return               lev_money_net_change     0.1090           241  next_week_thursday_daily_return
       lev_money             weekly change in leveraged funds net contracts vs next friday close return               lev_money_net_change     0.0316           241          next_week_friday_return
       lev_money        weekly change in leveraged funds net contracts vs next friday single-day return               lev_money_net_change     0.0625           241    next_week_friday_daily_return
       lev_money                                 leveraged funds net/OI pct vs next monday close return               lev_money_net_oi_pct     0.0829           242          next_week_monday_return
       lev_money                              leveraged funds net contracts vs next monday close return                      lev_money_net     0.0965           242          next_week_monday_return
       lev_money                               leveraged funds short/OI pct vs next monday close return             lev_money_short_oi_pct     0.0170           242          next_week_monday_return
       lev_money                            leveraged funds net/OI pct vs next monday single-day return               lev_money_net_oi_pct     0.0829           242    next_week_monday_daily_return
       lev_money                         leveraged funds net contracts vs next monday single-day return                      lev_money_net     0.0965           242    next_week_monday_daily_return
       lev_money                          leveraged funds short/OI pct vs next monday single-day return             lev_money_short_oi_pct     0.0170           242    next_week_monday_daily_return
       lev_money                                leveraged funds net/OI pct vs next tuesday close return               lev_money_net_oi_pct     0.0823           242         next_week_tuesday_return
       lev_money                             leveraged funds net contracts vs next tuesday close return                      lev_money_net     0.0946           242         next_week_tuesday_return
       lev_money                              leveraged funds short/OI pct vs next tuesday close return             lev_money_short_oi_pct     0.0379           242         next_week_tuesday_return
       lev_money                           leveraged funds net/OI pct vs next tuesday single-day return               lev_money_net_oi_pct     0.0144           242   next_week_tuesday_daily_return
       lev_money                        leveraged funds net contracts vs next tuesday single-day return                      lev_money_net     0.0136           242   next_week_tuesday_daily_return
       lev_money                         leveraged funds short/OI pct vs next tuesday single-day return             lev_money_short_oi_pct     0.0507           242   next_week_tuesday_daily_return
       lev_money                              leveraged funds net/OI pct vs next wednesday close return               lev_money_net_oi_pct     0.0746           242       next_week_wednesday_return
       lev_money                           leveraged funds net contracts vs next wednesday close return                      lev_money_net     0.0957           242       next_week_wednesday_return
       lev_money                            leveraged funds short/OI pct vs next wednesday close return             lev_money_short_oi_pct     0.0415           242       next_week_wednesday_return
       lev_money                         leveraged funds net/OI pct vs next wednesday single-day return               lev_money_net_oi_pct    -0.0069           242 next_week_wednesday_daily_return
       lev_money                      leveraged funds net contracts vs next wednesday single-day return                      lev_money_net     0.0116           242 next_week_wednesday_daily_return
       lev_money                       leveraged funds short/OI pct vs next wednesday single-day return             lev_money_short_oi_pct     0.0056           242 next_week_wednesday_daily_return
       lev_money                               leveraged funds net/OI pct vs next thursday close return               lev_money_net_oi_pct     0.0774           242        next_week_thursday_return
       lev_money                            leveraged funds net contracts vs next thursday close return                      lev_money_net     0.0988           242        next_week_thursday_return
       lev_money                             leveraged funds short/OI pct vs next thursday close return             lev_money_short_oi_pct     0.0736           242        next_week_thursday_return
       lev_money                          leveraged funds net/OI pct vs next thursday single-day return               lev_money_net_oi_pct     0.0206           242  next_week_thursday_daily_return
       lev_money                       leveraged funds net contracts vs next thursday single-day return                      lev_money_net     0.0266           242  next_week_thursday_daily_return
       lev_money                        leveraged funds short/OI pct vs next thursday single-day return             lev_money_short_oi_pct     0.0858           242  next_week_thursday_daily_return
       lev_money                                 leveraged funds net/OI pct vs next friday close return               lev_money_net_oi_pct     0.1024           242          next_week_friday_return
       lev_money                              leveraged funds net contracts vs next friday close return                      lev_money_net     0.1208           242          next_week_friday_return
       lev_money                               leveraged funds short/OI pct vs next friday close return             lev_money_short_oi_pct     0.0537           242          next_week_friday_return
       lev_money                            leveraged funds net/OI pct vs next friday single-day return               lev_money_net_oi_pct     0.0769           242    next_week_friday_daily_return
       lev_money                         leveraged funds net contracts vs next friday single-day return                      lev_money_net     0.0733           242    next_week_friday_daily_return
       lev_money                          leveraged funds short/OI pct vs next friday single-day return             lev_money_short_oi_pct    -0.0377           242    next_week_friday_daily_return
       lev_money                                  leveraged funds net/OI pct vs forward 1w price return               lev_money_net_oi_pct     0.0851           242                forward_return_1w
       lev_money                               leveraged funds net contracts vs forward 1w price return                      lev_money_net     0.0975           242                forward_return_1w
       lev_money                                  leveraged funds net/OI pct vs forward 2w price return               lev_money_net_oi_pct     0.1260           241                forward_return_2w
       lev_money                               leveraged funds net contracts vs forward 2w price return                      lev_money_net     0.1511           241                forward_return_2w
       lev_money                                  leveraged funds net/OI pct vs forward 3w price return               lev_money_net_oi_pct     0.1238           240                forward_return_3w
       lev_money                               leveraged funds net contracts vs forward 3w price return                      lev_money_net     0.1514           240                forward_return_3w
       lev_money                                  leveraged funds net/OI pct vs forward 4w price return               lev_money_net_oi_pct     0.1267           239                forward_return_4w
       lev_money                               leveraged funds net contracts vs forward 4w price return                      lev_money_net     0.1509           239                forward_return_4w
       lev_money                                 leveraged funds net/OI pct vs forward 13w price return               lev_money_net_oi_pct     0.0666           230               forward_return_13w
       lev_money                              leveraged funds net contracts vs forward 13w price return                      lev_money_net     0.1267           230               forward_return_13w
       lev_money                                 leveraged funds net/OI pct vs forward 26w price return               lev_money_net_oi_pct     0.0596           217               forward_return_26w
       lev_money                              leveraged funds net contracts vs forward 26w price return                      lev_money_net     0.1433           217               forward_return_26w
       lev_money                                 leveraged funds net/OI pct vs forward 52w price return               lev_money_net_oi_pct     0.2567           191               forward_return_52w
       lev_money                              leveraged funds net contracts vs forward 52w price return                      lev_money_net     0.3547           191               forward_return_52w
  non_reportable                      weekly change in non-reportable net/OI pct vs weekly price return   non_reportable_net_oi_pct_change     0.1472           242                              NaN
  non_reportable                 weekly change in non-reportable net/OI pct vs next monday close return   non_reportable_net_oi_pct_change    -0.0686           241          next_week_monday_return
  non_reportable            weekly change in non-reportable net/OI pct vs next monday single-day return   non_reportable_net_oi_pct_change    -0.0686           241    next_week_monday_daily_return
  non_reportable                weekly change in non-reportable net/OI pct vs next tuesday close return   non_reportable_net_oi_pct_change    -0.0761           241         next_week_tuesday_return
  non_reportable           weekly change in non-reportable net/OI pct vs next tuesday single-day return   non_reportable_net_oi_pct_change    -0.0302           241   next_week_tuesday_daily_return
  non_reportable              weekly change in non-reportable net/OI pct vs next wednesday close return   non_reportable_net_oi_pct_change    -0.0424           241       next_week_wednesday_return
  non_reportable         weekly change in non-reportable net/OI pct vs next wednesday single-day return   non_reportable_net_oi_pct_change     0.0690           241 next_week_wednesday_daily_return
  non_reportable               weekly change in non-reportable net/OI pct vs next thursday close return   non_reportable_net_oi_pct_change    -0.0217           241        next_week_thursday_return
  non_reportable          weekly change in non-reportable net/OI pct vs next thursday single-day return   non_reportable_net_oi_pct_change     0.0376           241  next_week_thursday_daily_return
  non_reportable                 weekly change in non-reportable net/OI pct vs next friday close return   non_reportable_net_oi_pct_change     0.0537           241          next_week_friday_return
  non_reportable            weekly change in non-reportable net/OI pct vs next friday single-day return   non_reportable_net_oi_pct_change     0.1897           241    next_week_friday_daily_return
  non_reportable                   weekly change in non-reportable net contracts vs weekly price return          non_reportable_net_change     0.1409           242                              NaN
  non_reportable              weekly change in non-reportable net contracts vs next monday close return          non_reportable_net_change    -0.0622           241          next_week_monday_return
  non_reportable         weekly change in non-reportable net contracts vs next monday single-day return          non_reportable_net_change    -0.0622           241    next_week_monday_daily_return
  non_reportable             weekly change in non-reportable net contracts vs next tuesday close return          non_reportable_net_change    -0.0642           241         next_week_tuesday_return
  non_reportable        weekly change in non-reportable net contracts vs next tuesday single-day return          non_reportable_net_change    -0.0163           241   next_week_tuesday_daily_return
  non_reportable           weekly change in non-reportable net contracts vs next wednesday close return          non_reportable_net_change    -0.0328           241       next_week_wednesday_return
  non_reportable      weekly change in non-reportable net contracts vs next wednesday single-day return          non_reportable_net_change     0.0655           241 next_week_wednesday_daily_return
  non_reportable            weekly change in non-reportable net contracts vs next thursday close return          non_reportable_net_change    -0.0170           241        next_week_thursday_return
  non_reportable       weekly change in non-reportable net contracts vs next thursday single-day return          non_reportable_net_change     0.0283           241  next_week_thursday_daily_return
  non_reportable              weekly change in non-reportable net contracts vs next friday close return          non_reportable_net_change     0.0598           241          next_week_friday_return
  non_reportable         weekly change in non-reportable net contracts vs next friday single-day return          non_reportable_net_change     0.1941           241    next_week_friday_daily_return
  non_reportable                                  non-reportable net/OI pct vs next monday close return          non_reportable_net_oi_pct    -0.0233           242          next_week_monday_return
  non_reportable                               non-reportable net contracts vs next monday close return                 non_reportable_net    -0.0256           242          next_week_monday_return
  non_reportable                                non-reportable short/OI pct vs next monday close return        non_reportable_short_oi_pct    -0.0487           242          next_week_monday_return
  non_reportable                             non-reportable net/OI pct vs next monday single-day return          non_reportable_net_oi_pct    -0.0233           242    next_week_monday_daily_return
  non_reportable                          non-reportable net contracts vs next monday single-day return                 non_reportable_net    -0.0256           242    next_week_monday_daily_return
  non_reportable                           non-reportable short/OI pct vs next monday single-day return        non_reportable_short_oi_pct    -0.0487           242    next_week_monday_daily_return
  non_reportable                                 non-reportable net/OI pct vs next tuesday close return          non_reportable_net_oi_pct    -0.0566           242         next_week_tuesday_return
  non_reportable                              non-reportable net contracts vs next tuesday close return                 non_reportable_net    -0.0583           242         next_week_tuesday_return
  non_reportable                               non-reportable short/OI pct vs next tuesday close return        non_reportable_short_oi_pct    -0.0320           242         next_week_tuesday_return
  non_reportable                            non-reportable net/OI pct vs next tuesday single-day return          non_reportable_net_oi_pct    -0.0814           242   next_week_tuesday_daily_return
  non_reportable                         non-reportable net contracts vs next tuesday single-day return                 non_reportable_net    -0.0800           242   next_week_tuesday_daily_return
  non_reportable                          non-reportable short/OI pct vs next tuesday single-day return        non_reportable_short_oi_pct     0.0279           242   next_week_tuesday_daily_return
  non_reportable                               non-reportable net/OI pct vs next wednesday close return          non_reportable_net_oi_pct    -0.0479           242       next_week_wednesday_return
  non_reportable                            non-reportable net contracts vs next wednesday close return                 non_reportable_net    -0.0593           242       next_week_wednesday_return
  non_reportable                             non-reportable short/OI pct vs next wednesday close return        non_reportable_short_oi_pct    -0.0237           242       next_week_wednesday_return
  non_reportable                          non-reportable net/OI pct vs next wednesday single-day return          non_reportable_net_oi_pct     0.0138           242 next_week_wednesday_daily_return
  non_reportable                       non-reportable net contracts vs next wednesday single-day return                 non_reportable_net    -0.0070           242 next_week_wednesday_daily_return
  non_reportable                        non-reportable short/OI pct vs next wednesday single-day return        non_reportable_short_oi_pct     0.0227           242 next_week_wednesday_daily_return
  non_reportable                                non-reportable net/OI pct vs next thursday close return          non_reportable_net_oi_pct    -0.0520           242        next_week_thursday_return
  non_reportable                             non-reportable net contracts vs next thursday close return                 non_reportable_net    -0.0603           242        next_week_thursday_return
  non_reportable                              non-reportable short/OI pct vs next thursday close return        non_reportable_short_oi_pct    -0.0468           242        next_week_thursday_return
  non_reportable                           non-reportable net/OI pct vs next thursday single-day return          non_reportable_net_oi_pct    -0.0200           242  next_week_thursday_daily_return
  non_reportable                        non-reportable net contracts vs next thursday single-day return                 non_reportable_net    -0.0148           242  next_week_thursday_daily_return
  non_reportable                         non-reportable short/OI pct vs next thursday single-day return        non_reportable_short_oi_pct    -0.0614           242  next_week_thursday_daily_return
  non_reportable                                  non-reportable net/OI pct vs next friday close return          non_reportable_net_oi_pct    -0.0455           242          next_week_friday_return
  non_reportable                               non-reportable net contracts vs next friday close return                 non_reportable_net    -0.0493           242          next_week_friday_return
  non_reportable                                non-reportable short/OI pct vs next friday close return        non_reportable_short_oi_pct    -0.0703           242          next_week_friday_return
  non_reportable                             non-reportable net/OI pct vs next friday single-day return          non_reportable_net_oi_pct     0.0104           242    next_week_friday_daily_return
  non_reportable                          non-reportable net contracts vs next friday single-day return                 non_reportable_net     0.0200           242    next_week_friday_daily_return
  non_reportable                           non-reportable short/OI pct vs next friday single-day return        non_reportable_short_oi_pct    -0.0722           242    next_week_friday_daily_return
  non_reportable                                   non-reportable net/OI pct vs forward 1w price return          non_reportable_net_oi_pct    -0.0573           242                forward_return_1w
  non_reportable                                non-reportable net contracts vs forward 1w price return                 non_reportable_net    -0.0588           242                forward_return_1w
  non_reportable                                   non-reportable net/OI pct vs forward 2w price return          non_reportable_net_oi_pct    -0.0595           241                forward_return_2w
  non_reportable                                non-reportable net contracts vs forward 2w price return                 non_reportable_net    -0.0655           241                forward_return_2w
  non_reportable                                   non-reportable net/OI pct vs forward 3w price return          non_reportable_net_oi_pct    -0.0956           240                forward_return_3w
  non_reportable                                non-reportable net contracts vs forward 3w price return                 non_reportable_net    -0.1056           240                forward_return_3w
  non_reportable                                   non-reportable net/OI pct vs forward 4w price return          non_reportable_net_oi_pct    -0.1102           239                forward_return_4w
  non_reportable                                non-reportable net contracts vs forward 4w price return                 non_reportable_net    -0.1174           239                forward_return_4w
  non_reportable                                  non-reportable net/OI pct vs forward 13w price return          non_reportable_net_oi_pct    -0.1887           230               forward_return_13w
  non_reportable                               non-reportable net contracts vs forward 13w price return                 non_reportable_net    -0.2101           230               forward_return_13w
  non_reportable                                  non-reportable net/OI pct vs forward 26w price return          non_reportable_net_oi_pct    -0.0337           217               forward_return_26w
  non_reportable                               non-reportable net contracts vs forward 26w price return                 non_reportable_net    -0.0626           217               forward_return_26w
  non_reportable                                  non-reportable net/OI pct vs forward 52w price return          non_reportable_net_oi_pct    -0.0031           191               forward_return_52w
  non_reportable                               non-reportable net contracts vs forward 52w price return                 non_reportable_net    -0.0184           191               forward_return_52w
other_reportable                   weekly change in other reportables net/OI pct vs weekly price return other_reportable_net_oi_pct_change    -0.0029           242                              NaN
other_reportable              weekly change in other reportables net/OI pct vs next monday close return other_reportable_net_oi_pct_change     0.0221           241          next_week_monday_return
other_reportable         weekly change in other reportables net/OI pct vs next monday single-day return other_reportable_net_oi_pct_change     0.0221           241    next_week_monday_daily_return
other_reportable             weekly change in other reportables net/OI pct vs next tuesday close return other_reportable_net_oi_pct_change     0.0180           241         next_week_tuesday_return
other_reportable        weekly change in other reportables net/OI pct vs next tuesday single-day return other_reportable_net_oi_pct_change    -0.0026           241   next_week_tuesday_daily_return
other_reportable           weekly change in other reportables net/OI pct vs next wednesday close return other_reportable_net_oi_pct_change     0.0392           241       next_week_wednesday_return
other_reportable      weekly change in other reportables net/OI pct vs next wednesday single-day return other_reportable_net_oi_pct_change     0.0434           241 next_week_wednesday_daily_return
other_reportable            weekly change in other reportables net/OI pct vs next thursday close return other_reportable_net_oi_pct_change     0.0365           241        next_week_thursday_return
other_reportable       weekly change in other reportables net/OI pct vs next thursday single-day return other_reportable_net_oi_pct_change     0.0033           241  next_week_thursday_daily_return
other_reportable              weekly change in other reportables net/OI pct vs next friday close return other_reportable_net_oi_pct_change     0.0387           241          next_week_friday_return
other_reportable         weekly change in other reportables net/OI pct vs next friday single-day return other_reportable_net_oi_pct_change     0.0140           241    next_week_friday_daily_return
other_reportable                weekly change in other reportables net contracts vs weekly price return        other_reportable_net_change     0.0203           242                              NaN
other_reportable           weekly change in other reportables net contracts vs next monday close return        other_reportable_net_change     0.0107           241          next_week_monday_return
other_reportable      weekly change in other reportables net contracts vs next monday single-day return        other_reportable_net_change     0.0107           241    next_week_monday_daily_return
other_reportable          weekly change in other reportables net contracts vs next tuesday close return        other_reportable_net_change     0.0094           241         next_week_tuesday_return
other_reportable     weekly change in other reportables net contracts vs next tuesday single-day return        other_reportable_net_change     0.0021           241   next_week_tuesday_daily_return
other_reportable        weekly change in other reportables net contracts vs next wednesday close return        other_reportable_net_change     0.0381           241       next_week_wednesday_return
other_reportable   weekly change in other reportables net contracts vs next wednesday single-day return        other_reportable_net_change     0.0586           241 next_week_wednesday_daily_return
other_reportable         weekly change in other reportables net contracts vs next thursday close return        other_reportable_net_change     0.0417           241        next_week_thursday_return
other_reportable    weekly change in other reportables net contracts vs next thursday single-day return        other_reportable_net_change     0.0178           241  next_week_thursday_daily_return
other_reportable           weekly change in other reportables net contracts vs next friday close return        other_reportable_net_change     0.0449           241          next_week_friday_return
other_reportable      weekly change in other reportables net contracts vs next friday single-day return        other_reportable_net_change     0.0173           241    next_week_friday_daily_return
other_reportable                               other reportables net/OI pct vs next monday close return        other_reportable_net_oi_pct     0.1376           242          next_week_monday_return
other_reportable                            other reportables net contracts vs next monday close return               other_reportable_net     0.1228           242          next_week_monday_return
other_reportable                             other reportables short/OI pct vs next monday close return      other_reportable_short_oi_pct    -0.0770           242          next_week_monday_return
other_reportable                          other reportables net/OI pct vs next monday single-day return        other_reportable_net_oi_pct     0.1376           242    next_week_monday_daily_return
other_reportable                       other reportables net contracts vs next monday single-day return               other_reportable_net     0.1228           242    next_week_monday_daily_return
other_reportable                        other reportables short/OI pct vs next monday single-day return      other_reportable_short_oi_pct    -0.0770           242    next_week_monday_daily_return
other_reportable                              other reportables net/OI pct vs next tuesday close return        other_reportable_net_oi_pct     0.1004           242         next_week_tuesday_return
other_reportable                           other reportables net contracts vs next tuesday close return               other_reportable_net     0.0858           242         next_week_tuesday_return
other_reportable                            other reportables short/OI pct vs next tuesday close return      other_reportable_short_oi_pct    -0.0620           242         next_week_tuesday_return
other_reportable                         other reportables net/OI pct vs next tuesday single-day return        other_reportable_net_oi_pct    -0.0627           242   next_week_tuesday_daily_return
other_reportable                      other reportables net contracts vs next tuesday single-day return               other_reportable_net    -0.0654           242   next_week_tuesday_daily_return
other_reportable                       other reportables short/OI pct vs next tuesday single-day return      other_reportable_short_oi_pct     0.0222           242   next_week_tuesday_daily_return
other_reportable                            other reportables net/OI pct vs next wednesday close return        other_reportable_net_oi_pct     0.0939           242       next_week_wednesday_return
other_reportable                         other reportables net contracts vs next wednesday close return               other_reportable_net     0.0801           242       next_week_wednesday_return
other_reportable                          other reportables short/OI pct vs next wednesday close return      other_reportable_short_oi_pct    -0.0851           242       next_week_wednesday_return
other_reportable                       other reportables net/OI pct vs next wednesday single-day return        other_reportable_net_oi_pct    -0.0073           242 next_week_wednesday_daily_return
other_reportable                    other reportables net contracts vs next wednesday single-day return               other_reportable_net    -0.0067           242 next_week_wednesday_daily_return
other_reportable                     other reportables short/OI pct vs next wednesday single-day return      other_reportable_short_oi_pct    -0.0546           242 next_week_wednesday_daily_return
other_reportable                             other reportables net/OI pct vs next thursday close return        other_reportable_net_oi_pct     0.1356           242        next_week_thursday_return
other_reportable                          other reportables net contracts vs next thursday close return               other_reportable_net     0.1207           242        next_week_thursday_return
other_reportable                           other reportables short/OI pct vs next thursday close return      other_reportable_short_oi_pct    -0.0912           242        next_week_thursday_return
other_reportable                        other reportables net/OI pct vs next thursday single-day return        other_reportable_net_oi_pct     0.1106           242  next_week_thursday_daily_return
other_reportable                     other reportables net contracts vs next thursday single-day return               other_reportable_net     0.1056           242  next_week_thursday_daily_return
other_reportable                      other reportables short/OI pct vs next thursday single-day return      other_reportable_short_oi_pct    -0.0273           242  next_week_thursday_daily_return
other_reportable                               other reportables net/OI pct vs next friday close return        other_reportable_net_oi_pct     0.1541           242          next_week_friday_return
other_reportable                            other reportables net contracts vs next friday close return               other_reportable_net     0.1359           242          next_week_friday_return
other_reportable                             other reportables short/OI pct vs next friday close return      other_reportable_short_oi_pct    -0.0739           242          next_week_friday_return
other_reportable                          other reportables net/OI pct vs next friday single-day return        other_reportable_net_oi_pct     0.0728           242    next_week_friday_daily_return
other_reportable                       other reportables net contracts vs next friday single-day return               other_reportable_net     0.0618           242    next_week_friday_daily_return
other_reportable                        other reportables short/OI pct vs next friday single-day return      other_reportable_short_oi_pct     0.0274           242    next_week_friday_daily_return
other_reportable                                other reportables net/OI pct vs forward 1w price return        other_reportable_net_oi_pct     0.1004           242                forward_return_1w
other_reportable                             other reportables net contracts vs forward 1w price return               other_reportable_net     0.0857           242                forward_return_1w
other_reportable                                other reportables net/OI pct vs forward 2w price return        other_reportable_net_oi_pct     0.1484           241                forward_return_2w
other_reportable                             other reportables net contracts vs forward 2w price return               other_reportable_net     0.1303           241                forward_return_2w
other_reportable                                other reportables net/OI pct vs forward 3w price return        other_reportable_net_oi_pct     0.1660           240                forward_return_3w
other_reportable                             other reportables net contracts vs forward 3w price return               other_reportable_net     0.1408           240                forward_return_3w
other_reportable                                other reportables net/OI pct vs forward 4w price return        other_reportable_net_oi_pct     0.1904           239                forward_return_4w
other_reportable                             other reportables net contracts vs forward 4w price return               other_reportable_net     0.1614           239                forward_return_4w
other_reportable                               other reportables net/OI pct vs forward 13w price return        other_reportable_net_oi_pct     0.2134           230               forward_return_13w
other_reportable                            other reportables net contracts vs forward 13w price return               other_reportable_net     0.2066           230               forward_return_13w
other_reportable                               other reportables net/OI pct vs forward 26w price return        other_reportable_net_oi_pct     0.1088           217               forward_return_26w
other_reportable                            other reportables net contracts vs forward 26w price return               other_reportable_net     0.1201           217               forward_return_26w
other_reportable                               other reportables net/OI pct vs forward 52w price return        other_reportable_net_oi_pct     0.3336           191               forward_return_52w
other_reportable                            other reportables net contracts vs forward 52w price return               other_reportable_net     0.3301           191               forward_return_52w

Saved:
cot_exact_output/rty_exact_consolidated_overlay_2016_2026.png
cot_exact_output/rty_exact_consolidated_rebased_2016_2026.png
cot_exact_output/rty_exact_consolidated_data_2016_2026.csv
cot_exact_output/rty_exact_consolidated_correlations_2016_2026.csv
cot_exact_output/rty_exact_consolidated_extremes_2016_2026.csv

=== DJIA Consolidated - CHICAGO BOARD OF TRADE ===
Refreshing Yahoo price cache: /home/runner/work/cot-report/cot-report/data/DJIA.csv

Latest exact consolidated row:
date: 2026-09-29
CFTC source latest date: 2026-09-29
open_interest: 90,051
Asset Manager long: 18,842
Asset Manager short: 3,931
Asset Manager net: 14,911
Asset Manager net/OI: 16.56%
Dealer/Intermediary long: 41,830
Dealer/Intermediary short: 57,732
Dealer/Intermediary net: -15,902
Dealer/Intermediary net/OI: -17.66%
Leveraged Funds long: 9,443
Leveraged Funds short: 14,829
Leveraged Funds net: -5,386
Leveraged Funds net/OI: -5.98%
Non-Reportable long: 15,289
Non-Reportable short: 9,234
Non-Reportable net: 6,055
Non-Reportable net/OI: 6.72%
Other Reportables long: 574
Other Reportables short: 250
Other Reportables net: 324
Other Reportables net/OI: 0.36%

Correlation table:
        category                                                                           relationship                    position_metric  pearson_r  observations                    return_metric
       asset_mgr                       weekly change in asset manager net/OI pct vs weekly price return        asset_mgr_net_oi_pct_change     0.3819           560                              NaN
       asset_mgr                  weekly change in asset manager net/OI pct vs next monday close return        asset_mgr_net_oi_pct_change     0.0653           559          next_week_monday_return
       asset_mgr             weekly change in asset manager net/OI pct vs next monday single-day return        asset_mgr_net_oi_pct_change     0.0653           559    next_week_monday_daily_return
       asset_mgr                 weekly change in asset manager net/OI pct vs next tuesday close return        asset_mgr_net_oi_pct_change     0.0213           559         next_week_tuesday_return
       asset_mgr            weekly change in asset manager net/OI pct vs next tuesday single-day return        asset_mgr_net_oi_pct_change    -0.1030           559   next_week_tuesday_daily_return
       asset_mgr               weekly change in asset manager net/OI pct vs next wednesday close return        asset_mgr_net_oi_pct_change     0.0163           559       next_week_wednesday_return
       asset_mgr          weekly change in asset manager net/OI pct vs next wednesday single-day return        asset_mgr_net_oi_pct_change    -0.0043           559 next_week_wednesday_daily_return
       asset_mgr                weekly change in asset manager net/OI pct vs next thursday close return        asset_mgr_net_oi_pct_change     0.0226           559        next_week_thursday_return
       asset_mgr           weekly change in asset manager net/OI pct vs next thursday single-day return        asset_mgr_net_oi_pct_change     0.0180           559  next_week_thursday_daily_return
       asset_mgr                  weekly change in asset manager net/OI pct vs next friday close return        asset_mgr_net_oi_pct_change     0.0189           559          next_week_friday_return
       asset_mgr             weekly change in asset manager net/OI pct vs next friday single-day return        asset_mgr_net_oi_pct_change    -0.0043           559    next_week_friday_daily_return
       asset_mgr                    weekly change in asset manager net contracts vs weekly price return               asset_mgr_net_change     0.4068           560                              NaN
       asset_mgr               weekly change in asset manager net contracts vs next monday close return               asset_mgr_net_change     0.0249           559          next_week_monday_return
       asset_mgr          weekly change in asset manager net contracts vs next monday single-day return               asset_mgr_net_change     0.0249           559    next_week_monday_daily_return
       asset_mgr              weekly change in asset manager net contracts vs next tuesday close return               asset_mgr_net_change    -0.0052           559         next_week_tuesday_return
       asset_mgr         weekly change in asset manager net contracts vs next tuesday single-day return               asset_mgr_net_change    -0.0674           559   next_week_tuesday_daily_return
       asset_mgr            weekly change in asset manager net contracts vs next wednesday close return               asset_mgr_net_change    -0.0153           559       next_week_wednesday_return
       asset_mgr       weekly change in asset manager net contracts vs next wednesday single-day return               asset_mgr_net_change    -0.0220           559 next_week_wednesday_daily_return
       asset_mgr             weekly change in asset manager net contracts vs next thursday close return               asset_mgr_net_change    -0.0080           559        next_week_thursday_return
       asset_mgr        weekly change in asset manager net contracts vs next thursday single-day return               asset_mgr_net_change     0.0132           559  next_week_thursday_daily_return
       asset_mgr               weekly change in asset manager net contracts vs next friday close return               asset_mgr_net_change    -0.0097           559          next_week_friday_return
       asset_mgr          weekly change in asset manager net contracts vs next friday single-day return               asset_mgr_net_change    -0.0060           559    next_week_friday_daily_return
       asset_mgr                                   asset manager net/OI pct vs next monday close return               asset_mgr_net_oi_pct    -0.0472           560          next_week_monday_return
       asset_mgr                                asset manager net contracts vs next monday close return                      asset_mgr_net    -0.0471           560          next_week_monday_return
       asset_mgr                                 asset manager short/OI pct vs next monday close return             asset_mgr_short_oi_pct     0.0545           560          next_week_monday_return
       asset_mgr                              asset manager net/OI pct vs next monday single-day return               asset_mgr_net_oi_pct    -0.0472           560    next_week_monday_daily_return
       asset_mgr                           asset manager net contracts vs next monday single-day return                      asset_mgr_net    -0.0471           560    next_week_monday_daily_return
       asset_mgr                            asset manager short/OI pct vs next monday single-day return             asset_mgr_short_oi_pct     0.0545           560    next_week_monday_daily_return
       asset_mgr                                  asset manager net/OI pct vs next tuesday close return               asset_mgr_net_oi_pct    -0.0550           560         next_week_tuesday_return
       asset_mgr                               asset manager net contracts vs next tuesday close return                      asset_mgr_net    -0.0681           560         next_week_tuesday_return
       asset_mgr                                asset manager short/OI pct vs next tuesday close return             asset_mgr_short_oi_pct     0.0476           560         next_week_tuesday_return
       asset_mgr                             asset manager net/OI pct vs next tuesday single-day return               asset_mgr_net_oi_pct    -0.0137           560   next_week_tuesday_daily_return
       asset_mgr                          asset manager net contracts vs next tuesday single-day return                      asset_mgr_net    -0.0411           560   next_week_tuesday_daily_return
       asset_mgr                           asset manager short/OI pct vs next tuesday single-day return             asset_mgr_short_oi_pct    -0.0211           560   next_week_tuesday_daily_return
       asset_mgr                                asset manager net/OI pct vs next wednesday close return               asset_mgr_net_oi_pct    -0.0614           560       next_week_wednesday_return
       asset_mgr                             asset manager net contracts vs next wednesday close return                      asset_mgr_net    -0.0775           560       next_week_wednesday_return
       asset_mgr                              asset manager short/OI pct vs next wednesday close return             asset_mgr_short_oi_pct     0.0586           560       next_week_wednesday_return
       asset_mgr                           asset manager net/OI pct vs next wednesday single-day return               asset_mgr_net_oi_pct    -0.0301           560 next_week_wednesday_daily_return
       asset_mgr                        asset manager net contracts vs next wednesday single-day return                      asset_mgr_net    -0.0391           560 next_week_wednesday_daily_return
       asset_mgr                         asset manager short/OI pct vs next wednesday single-day return             asset_mgr_short_oi_pct     0.0397           560 next_week_wednesday_daily_return
       asset_mgr                                 asset manager net/OI pct vs next thursday close return               asset_mgr_net_oi_pct    -0.0494           560        next_week_thursday_return
       asset_mgr                              asset manager net contracts vs next thursday close return                      asset_mgr_net    -0.0619           560        next_week_thursday_return
       asset_mgr                               asset manager short/OI pct vs next thursday close return             asset_mgr_short_oi_pct     0.0292           560        next_week_thursday_return
       asset_mgr                            asset manager net/OI pct vs next thursday single-day return               asset_mgr_net_oi_pct     0.0120           560  next_week_thursday_daily_return
       asset_mgr                         asset manager net contracts vs next thursday single-day return                      asset_mgr_net     0.0165           560  next_week_thursday_daily_return
       asset_mgr                          asset manager short/OI pct vs next thursday single-day return             asset_mgr_short_oi_pct    -0.0536           560  next_week_thursday_daily_return
       asset_mgr                                   asset manager net/OI pct vs next friday close return               asset_mgr_net_oi_pct    -0.0553           560          next_week_friday_return
       asset_mgr                                asset manager net contracts vs next friday close return                      asset_mgr_net    -0.0647           560          next_week_friday_return
       asset_mgr                                 asset manager short/OI pct vs next friday close return             asset_mgr_short_oi_pct     0.0380           560          next_week_friday_return
       asset_mgr                              asset manager net/OI pct vs next friday single-day return               asset_mgr_net_oi_pct    -0.0232           560    next_week_friday_daily_return
       asset_mgr                           asset manager net contracts vs next friday single-day return                      asset_mgr_net    -0.0173           560    next_week_friday_daily_return
       asset_mgr                            asset manager short/OI pct vs next friday single-day return             asset_mgr_short_oi_pct     0.0263           560    next_week_friday_daily_return
       asset_mgr                                    asset manager net/OI pct vs forward 1w price return               asset_mgr_net_oi_pct    -0.0553           560                forward_return_1w
       asset_mgr                                 asset manager net contracts vs forward 1w price return                      asset_mgr_net    -0.0681           560                forward_return_1w
       asset_mgr                                    asset manager net/OI pct vs forward 2w price return               asset_mgr_net_oi_pct    -0.0865           559                forward_return_2w
       asset_mgr                                 asset manager net contracts vs forward 2w price return                      asset_mgr_net    -0.0961           559                forward_return_2w
       asset_mgr                                    asset manager net/OI pct vs forward 3w price return               asset_mgr_net_oi_pct    -0.1129           558                forward_return_3w
       asset_mgr                                 asset manager net contracts vs forward 3w price return                      asset_mgr_net    -0.1192           558                forward_return_3w
       asset_mgr                                    asset manager net/OI pct vs forward 4w price return               asset_mgr_net_oi_pct    -0.1315           557                forward_return_4w
       asset_mgr                                 asset manager net contracts vs forward 4w price return                      asset_mgr_net    -0.1336           557                forward_return_4w
       asset_mgr                                   asset manager net/OI pct vs forward 13w price return               asset_mgr_net_oi_pct    -0.2530           548               forward_return_13w
       asset_mgr                                asset manager net contracts vs forward 13w price return                      asset_mgr_net    -0.2670           548               forward_return_13w
       asset_mgr                                   asset manager net/OI pct vs forward 26w price return               asset_mgr_net_oi_pct    -0.3294           535               forward_return_26w
       asset_mgr                                asset manager net contracts vs forward 26w price return                      asset_mgr_net    -0.3124           535               forward_return_26w
       asset_mgr                                   asset manager net/OI pct vs forward 52w price return               asset_mgr_net_oi_pct    -0.4318           509               forward_return_52w
       asset_mgr                                asset manager net contracts vs forward 52w price return                      asset_mgr_net    -0.3731           509               forward_return_52w
          dealer                 weekly change in dealer/intermediary net/OI pct vs weekly price return           dealer_net_oi_pct_change    -0.1098           560                              NaN
          dealer            weekly change in dealer/intermediary net/OI pct vs next monday close return           dealer_net_oi_pct_change     0.0110           559          next_week_monday_return
          dealer       weekly change in dealer/intermediary net/OI pct vs next monday single-day return           dealer_net_oi_pct_change     0.0110           559    next_week_monday_daily_return
          dealer           weekly change in dealer/intermediary net/OI pct vs next tuesday close return           dealer_net_oi_pct_change     0.0588           559         next_week_tuesday_return
          dealer      weekly change in dealer/intermediary net/OI pct vs next tuesday single-day return           dealer_net_oi_pct_change     0.1024           559   next_week_tuesday_daily_return
          dealer         weekly change in dealer/intermediary net/OI pct vs next wednesday close return           dealer_net_oi_pct_change     0.0677           559       next_week_wednesday_return
          dealer    weekly change in dealer/intermediary net/OI pct vs next wednesday single-day return           dealer_net_oi_pct_change     0.0308           559 next_week_wednesday_daily_return
          dealer          weekly change in dealer/intermediary net/OI pct vs next thursday close return           dealer_net_oi_pct_change     0.0468           559        next_week_thursday_return
          dealer     weekly change in dealer/intermediary net/OI pct vs next thursday single-day return           dealer_net_oi_pct_change    -0.0367           559  next_week_thursday_daily_return
          dealer            weekly change in dealer/intermediary net/OI pct vs next friday close return           dealer_net_oi_pct_change     0.0316           559          next_week_friday_return
          dealer       weekly change in dealer/intermediary net/OI pct vs next friday single-day return           dealer_net_oi_pct_change    -0.0239           559    next_week_friday_daily_return
          dealer              weekly change in dealer/intermediary net contracts vs weekly price return                  dealer_net_change    -0.1822           560                              NaN
          dealer         weekly change in dealer/intermediary net contracts vs next monday close return                  dealer_net_change     0.0128           559          next_week_monday_return
          dealer    weekly change in dealer/intermediary net contracts vs next monday single-day return                  dealer_net_change     0.0128           559    next_week_monday_daily_return
          dealer        weekly change in dealer/intermediary net contracts vs next tuesday close return                  dealer_net_change     0.0479           559         next_week_tuesday_return
          dealer   weekly change in dealer/intermediary net contracts vs next tuesday single-day return                  dealer_net_change     0.0738           559   next_week_tuesday_daily_return
          dealer      weekly change in dealer/intermediary net contracts vs next wednesday close return                  dealer_net_change     0.0556           559       next_week_wednesday_return
          dealer weekly change in dealer/intermediary net contracts vs next wednesday single-day return                  dealer_net_change     0.0266           559 next_week_wednesday_daily_return
          dealer       weekly change in dealer/intermediary net contracts vs next thursday close return                  dealer_net_change     0.0372           559        next_week_thursday_return
          dealer  weekly change in dealer/intermediary net contracts vs next thursday single-day return                  dealer_net_change    -0.0323           559  next_week_thursday_daily_return
          dealer         weekly change in dealer/intermediary net contracts vs next friday close return                  dealer_net_change     0.0256           559          next_week_friday_return
          dealer    weekly change in dealer/intermediary net contracts vs next friday single-day return                  dealer_net_change    -0.0183           559    next_week_friday_daily_return
          dealer                             dealer/intermediary net/OI pct vs next monday close return                  dealer_net_oi_pct     0.0589           560          next_week_monday_return
          dealer                          dealer/intermediary net contracts vs next monday close return                         dealer_net     0.0421           560          next_week_monday_return
          dealer                           dealer/intermediary short/OI pct vs next monday close return                dealer_short_oi_pct    -0.0701           560          next_week_monday_return
          dealer                        dealer/intermediary net/OI pct vs next monday single-day return                  dealer_net_oi_pct     0.0589           560    next_week_monday_daily_return
          dealer                     dealer/intermediary net contracts vs next monday single-day return                         dealer_net     0.0421           560    next_week_monday_daily_return
          dealer                      dealer/intermediary short/OI pct vs next monday single-day return                dealer_short_oi_pct    -0.0701           560    next_week_monday_daily_return
          dealer                            dealer/intermediary net/OI pct vs next tuesday close return                  dealer_net_oi_pct     0.0558           560         next_week_tuesday_return
          dealer                         dealer/intermediary net contracts vs next tuesday close return                         dealer_net     0.0464           560         next_week_tuesday_return
          dealer                          dealer/intermediary short/OI pct vs next tuesday close return                dealer_short_oi_pct    -0.0582           560         next_week_tuesday_return
          dealer                       dealer/intermediary net/OI pct vs next tuesday single-day return                  dealer_net_oi_pct    -0.0118           560   next_week_tuesday_daily_return
          dealer                    dealer/intermediary net contracts vs next tuesday single-day return                         dealer_net     0.0054           560   next_week_tuesday_daily_return
          dealer                     dealer/intermediary short/OI pct vs next tuesday single-day return                dealer_short_oi_pct     0.0346           560   next_week_tuesday_daily_return
          dealer                          dealer/intermediary net/OI pct vs next wednesday close return                  dealer_net_oi_pct     0.0616           560       next_week_wednesday_return
          dealer                       dealer/intermediary net contracts vs next wednesday close return                         dealer_net     0.0463           560       next_week_wednesday_return
          dealer                        dealer/intermediary short/OI pct vs next wednesday close return                dealer_short_oi_pct    -0.0632           560       next_week_wednesday_return
          dealer                     dealer/intermediary net/OI pct vs next wednesday single-day return                  dealer_net_oi_pct     0.0281           560 next_week_wednesday_daily_return
          dealer                  dealer/intermediary net contracts vs next wednesday single-day return                         dealer_net     0.0126           560 next_week_wednesday_daily_return
          dealer                   dealer/intermediary short/OI pct vs next wednesday single-day return                dealer_short_oi_pct    -0.0274           560 next_week_wednesday_daily_return
          dealer                           dealer/intermediary net/OI pct vs next thursday close return                  dealer_net_oi_pct     0.0456           560        next_week_thursday_return
          dealer                        dealer/intermediary net contracts vs next thursday close return                         dealer_net     0.0352           560        next_week_thursday_return
          dealer                         dealer/intermediary short/OI pct vs next thursday close return                dealer_short_oi_pct    -0.0442           560        next_week_thursday_return
          dealer                      dealer/intermediary net/OI pct vs next thursday single-day return                  dealer_net_oi_pct    -0.0209           560  next_week_thursday_daily_return
          dealer                   dealer/intermediary net contracts vs next thursday single-day return                         dealer_net    -0.0132           560  next_week_thursday_daily_return
          dealer                    dealer/intermediary short/OI pct vs next thursday single-day return                dealer_short_oi_pct     0.0262           560  next_week_thursday_daily_return
          dealer                             dealer/intermediary net/OI pct vs next friday close return                  dealer_net_oi_pct     0.0519           560          next_week_friday_return
          dealer                          dealer/intermediary net contracts vs next friday close return                         dealer_net     0.0410           560          next_week_friday_return
          dealer                           dealer/intermediary short/OI pct vs next friday close return                dealer_short_oi_pct    -0.0537           560          next_week_friday_return
          dealer                        dealer/intermediary net/OI pct vs next friday single-day return                  dealer_net_oi_pct     0.0238           560    next_week_friday_daily_return
          dealer                     dealer/intermediary net contracts vs next friday single-day return                         dealer_net     0.0200           560    next_week_friday_daily_return
          dealer                      dealer/intermediary short/OI pct vs next friday single-day return                dealer_short_oi_pct    -0.0296           560    next_week_friday_daily_return
          dealer                              dealer/intermediary net/OI pct vs forward 1w price return                  dealer_net_oi_pct     0.0587           560                forward_return_1w
          dealer                           dealer/intermediary net contracts vs forward 1w price return                         dealer_net     0.0479           560                forward_return_1w
          dealer                              dealer/intermediary net/OI pct vs forward 2w price return                  dealer_net_oi_pct     0.0700           559                forward_return_2w
          dealer                           dealer/intermediary net contracts vs forward 2w price return                         dealer_net     0.0575           559                forward_return_2w
          dealer                              dealer/intermediary net/OI pct vs forward 3w price return                  dealer_net_oi_pct     0.0839           558                forward_return_3w
          dealer                           dealer/intermediary net contracts vs forward 3w price return                         dealer_net     0.0708           558                forward_return_3w
          dealer                              dealer/intermediary net/OI pct vs forward 4w price return                  dealer_net_oi_pct     0.0982           557                forward_return_4w
          dealer                           dealer/intermediary net contracts vs forward 4w price return                         dealer_net     0.0801           557                forward_return_4w
          dealer                             dealer/intermediary net/OI pct vs forward 13w price return                  dealer_net_oi_pct     0.1241           548               forward_return_13w
          dealer                          dealer/intermediary net contracts vs forward 13w price return                         dealer_net     0.1181           548               forward_return_13w
          dealer                             dealer/intermediary net/OI pct vs forward 26w price return                  dealer_net_oi_pct     0.1342           535               forward_return_26w
          dealer                          dealer/intermediary net contracts vs forward 26w price return                         dealer_net     0.1043           535               forward_return_26w
          dealer                             dealer/intermediary net/OI pct vs forward 52w price return                  dealer_net_oi_pct     0.1910           509               forward_return_52w
          dealer                          dealer/intermediary net contracts vs forward 52w price return                         dealer_net     0.1440           509               forward_return_52w
       lev_money                     weekly change in leveraged funds net/OI pct vs weekly price return        lev_money_net_oi_pct_change    -0.0757           560                              NaN
       lev_money                weekly change in leveraged funds net/OI pct vs next monday close return        lev_money_net_oi_pct_change    -0.0182           559          next_week_monday_return
       lev_money           weekly change in leveraged funds net/OI pct vs next monday single-day return        lev_money_net_oi_pct_change    -0.0182           559    next_week_monday_daily_return
       lev_money               weekly change in leveraged funds net/OI pct vs next tuesday close return        lev_money_net_oi_pct_change    -0.0186           559         next_week_tuesday_return
       lev_money          weekly change in leveraged funds net/OI pct vs next tuesday single-day return        lev_money_net_oi_pct_change    -0.0022           559   next_week_tuesday_daily_return
       lev_money             weekly change in leveraged funds net/OI pct vs next wednesday close return        lev_money_net_oi_pct_change    -0.0185           559       next_week_wednesday_return
       lev_money        weekly change in leveraged funds net/OI pct vs next wednesday single-day return        lev_money_net_oi_pct_change    -0.0028           559 next_week_wednesday_daily_return
       lev_money              weekly change in leveraged funds net/OI pct vs next thursday close return        lev_money_net_oi_pct_change     0.0039           559        next_week_thursday_return
       lev_money         weekly change in leveraged funds net/OI pct vs next thursday single-day return        lev_money_net_oi_pct_change     0.0514           559  next_week_thursday_daily_return
       lev_money                weekly change in leveraged funds net/OI pct vs next friday close return        lev_money_net_oi_pct_change     0.0021           559          next_week_friday_return
       lev_money           weekly change in leveraged funds net/OI pct vs next friday single-day return        lev_money_net_oi_pct_change    -0.0101           559    next_week_friday_daily_return
       lev_money                  weekly change in leveraged funds net contracts vs weekly price return               lev_money_net_change    -0.0185           560                              NaN
       lev_money             weekly change in leveraged funds net contracts vs next monday close return               lev_money_net_change    -0.0212           559          next_week_monday_return
       lev_money        weekly change in leveraged funds net contracts vs next monday single-day return               lev_money_net_change    -0.0212           559    next_week_monday_daily_return
       lev_money            weekly change in leveraged funds net contracts vs next tuesday close return               lev_money_net_change    -0.0226           559         next_week_tuesday_return
       lev_money       weekly change in leveraged funds net contracts vs next tuesday single-day return               lev_money_net_change    -0.0027           559   next_week_tuesday_daily_return
       lev_money          weekly change in leveraged funds net contracts vs next wednesday close return               lev_money_net_change    -0.0250           559       next_week_wednesday_return
       lev_money     weekly change in leveraged funds net contracts vs next wednesday single-day return               lev_money_net_change    -0.0095           559 next_week_wednesday_daily_return
       lev_money           weekly change in leveraged funds net contracts vs next thursday close return               lev_money_net_change    -0.0002           559        next_week_thursday_return
       lev_money      weekly change in leveraged funds net contracts vs next thursday single-day return               lev_money_net_change     0.0543           559  next_week_thursday_daily_return
       lev_money             weekly change in leveraged funds net contracts vs next friday close return               lev_money_net_change     0.0028           559          next_week_friday_return
       lev_money        weekly change in leveraged funds net contracts vs next friday single-day return               lev_money_net_change     0.0041           559    next_week_friday_daily_return
       lev_money                                 leveraged funds net/OI pct vs next monday close return               lev_money_net_oi_pct    -0.0096           560          next_week_monday_return
       lev_money                              leveraged funds net contracts vs next monday close return                      lev_money_net    -0.0061           560          next_week_monday_return
       lev_money                               leveraged funds short/OI pct vs next monday close return             lev_money_short_oi_pct     0.0373           560          next_week_monday_return
       lev_money                            leveraged funds net/OI pct vs next monday single-day return               lev_money_net_oi_pct    -0.0096           560    next_week_monday_daily_return
       lev_money                         leveraged funds net contracts vs next monday single-day return                      lev_money_net    -0.0061           560    next_week_monday_daily_return
       lev_money                          leveraged funds short/OI pct vs next monday single-day return             lev_money_short_oi_pct     0.0373           560    next_week_monday_daily_return
       lev_money                                leveraged funds net/OI pct vs next tuesday close return               lev_money_net_oi_pct    -0.0091           560         next_week_tuesday_return
       lev_money                             leveraged funds net contracts vs next tuesday close return                      lev_money_net    -0.0097           560         next_week_tuesday_return
       lev_money                              leveraged funds short/OI pct vs next tuesday close return             lev_money_short_oi_pct     0.0301           560         next_week_tuesday_return
       lev_money                           leveraged funds net/OI pct vs next tuesday single-day return               lev_money_net_oi_pct    -0.0010           560   next_week_tuesday_daily_return
       lev_money                        leveraged funds net contracts vs next tuesday single-day return                      lev_money_net    -0.0090           560   next_week_tuesday_daily_return
       lev_money                         leveraged funds short/OI pct vs next tuesday single-day return             lev_money_short_oi_pct    -0.0194           560   next_week_tuesday_daily_return
       lev_money                              leveraged funds net/OI pct vs next wednesday close return               lev_money_net_oi_pct    -0.0058           560       next_week_wednesday_return
       lev_money                           leveraged funds net contracts vs next wednesday close return                      lev_money_net    -0.0046           560       next_week_wednesday_return
       lev_money                            leveraged funds short/OI pct vs next wednesday close return             lev_money_short_oi_pct     0.0307           560       next_week_wednesday_return
       lev_money                         leveraged funds net/OI pct vs next wednesday single-day return               lev_money_net_oi_pct     0.0042           560 next_week_wednesday_daily_return
       lev_money                      leveraged funds net contracts vs next wednesday single-day return                      lev_money_net     0.0084           560 next_week_wednesday_daily_return
       lev_money                       leveraged funds short/OI pct vs next wednesday single-day return             lev_money_short_oi_pct     0.0084           560 next_week_wednesday_daily_return
       lev_money                               leveraged funds net/OI pct vs next thursday close return               lev_money_net_oi_pct     0.0021           560        next_week_thursday_return
       lev_money                            leveraged funds net contracts vs next thursday close return                      lev_money_net     0.0020           560        next_week_thursday_return
       lev_money                             leveraged funds short/OI pct vs next thursday close return             lev_money_short_oi_pct     0.0138           560        next_week_thursday_return
       lev_money                          leveraged funds net/OI pct vs next thursday single-day return               lev_money_net_oi_pct     0.0175           560  next_week_thursday_daily_return
       lev_money                       leveraged funds net contracts vs next thursday single-day return                      lev_money_net     0.0142           560  next_week_thursday_daily_return
       lev_money                        leveraged funds short/OI pct vs next thursday single-day return             lev_money_short_oi_pct    -0.0304           560  next_week_thursday_daily_return
       lev_money                                 leveraged funds net/OI pct vs next friday close return               lev_money_net_oi_pct     0.0029           560          next_week_friday_return
       lev_money                              leveraged funds net contracts vs next friday close return                      lev_money_net    -0.0004           560          next_week_friday_return
       lev_money                               leveraged funds short/OI pct vs next friday close return             lev_money_short_oi_pct     0.0179           560          next_week_friday_return
       lev_money                            leveraged funds net/OI pct vs next friday single-day return               lev_money_net_oi_pct     0.0013           560    next_week_friday_daily_return
       lev_money                         leveraged funds net contracts vs next friday single-day return                      lev_money_net    -0.0059           560    next_week_friday_daily_return
       lev_money                          leveraged funds short/OI pct vs next friday single-day return             lev_money_short_oi_pct     0.0125           560    next_week_friday_daily_return
       lev_money                                  leveraged funds net/OI pct vs forward 1w price return               lev_money_net_oi_pct    -0.0093           560                forward_return_1w
       lev_money                               leveraged funds net contracts vs forward 1w price return                      lev_money_net    -0.0087           560                forward_return_1w
       lev_money                                  leveraged funds net/OI pct vs forward 2w price return               lev_money_net_oi_pct    -0.0069           559                forward_return_2w
       lev_money                               leveraged funds net contracts vs forward 2w price return                      lev_money_net    -0.0072           559                forward_return_2w
       lev_money                                  leveraged funds net/OI pct vs forward 3w price return               lev_money_net_oi_pct    -0.0061           558                forward_return_3w
       lev_money                               leveraged funds net contracts vs forward 3w price return                      lev_money_net    -0.0088           558                forward_return_3w
       lev_money                                  leveraged funds net/OI pct vs forward 4w price return               lev_money_net_oi_pct    -0.0092           557                forward_return_4w
       lev_money                               leveraged funds net contracts vs forward 4w price return                      lev_money_net    -0.0088           557                forward_return_4w
       lev_money                                 leveraged funds net/OI pct vs forward 13w price return               lev_money_net_oi_pct    -0.0046           548               forward_return_13w
       lev_money                              leveraged funds net contracts vs forward 13w price return                      lev_money_net    -0.0053           548               forward_return_13w
       lev_money                                 leveraged funds net/OI pct vs forward 26w price return               lev_money_net_oi_pct     0.0299           535               forward_return_26w
       lev_money                              leveraged funds net contracts vs forward 26w price return                      lev_money_net     0.0352           535               forward_return_26w
       lev_money                                 leveraged funds net/OI pct vs forward 52w price return               lev_money_net_oi_pct     0.0031           509               forward_return_52w
       lev_money                              leveraged funds net contracts vs forward 52w price return                      lev_money_net     0.0086           509               forward_return_52w
  non_reportable                      weekly change in non-reportable net/OI pct vs weekly price return   non_reportable_net_oi_pct_change    -0.2259           560                              NaN
  non_reportable                 weekly change in non-reportable net/OI pct vs next monday close return   non_reportable_net_oi_pct_change    -0.0207           559          next_week_monday_return
  non_reportable            weekly change in non-reportable net/OI pct vs next monday single-day return   non_reportable_net_oi_pct_change    -0.0207           559    next_week_monday_daily_return
  non_reportable                weekly change in non-reportable net/OI pct vs next tuesday close return   non_reportable_net_oi_pct_change    -0.0729           559         next_week_tuesday_return
  non_reportable           weekly change in non-reportable net/OI pct vs next tuesday single-day return   non_reportable_net_oi_pct_change    -0.1018           559   next_week_tuesday_daily_return
  non_reportable              weekly change in non-reportable net/OI pct vs next wednesday close return   non_reportable_net_oi_pct_change    -0.0755           559       next_week_wednesday_return
  non_reportable         weekly change in non-reportable net/OI pct vs next wednesday single-day return   non_reportable_net_oi_pct_change    -0.0233           559 next_week_wednesday_daily_return
  non_reportable               weekly change in non-reportable net/OI pct vs next thursday close return   non_reportable_net_oi_pct_change    -0.0762           559        next_week_thursday_return
  non_reportable          weekly change in non-reportable net/OI pct vs next thursday single-day return   non_reportable_net_oi_pct_change    -0.0142           559  next_week_thursday_daily_return
  non_reportable                 weekly change in non-reportable net/OI pct vs next friday close return   non_reportable_net_oi_pct_change    -0.0723           559          next_week_friday_return
  non_reportable            weekly change in non-reportable net/OI pct vs next friday single-day return   non_reportable_net_oi_pct_change    -0.0098           559    next_week_friday_daily_return
  non_reportable                   weekly change in non-reportable net contracts vs weekly price return          non_reportable_net_change    -0.1711           560                              NaN
  non_reportable              weekly change in non-reportable net contracts vs next monday close return          non_reportable_net_change     0.0038           559          next_week_monday_return
  non_reportable         weekly change in non-reportable net contracts vs next monday single-day return          non_reportable_net_change     0.0038           559    next_week_monday_daily_return
  non_reportable             weekly change in non-reportable net contracts vs next tuesday close return          non_reportable_net_change    -0.0348           559         next_week_tuesday_return
  non_reportable        weekly change in non-reportable net contracts vs next tuesday single-day return          non_reportable_net_change    -0.0782           559   next_week_tuesday_daily_return
  non_reportable           weekly change in non-reportable net contracts vs next wednesday close return          non_reportable_net_change    -0.0410           559       next_week_wednesday_return
  non_reportable      weekly change in non-reportable net contracts vs next wednesday single-day return          non_reportable_net_change    -0.0234           559 next_week_wednesday_daily_return
  non_reportable            weekly change in non-reportable net contracts vs next thursday close return          non_reportable_net_change    -0.0367           559        next_week_thursday_return
  non_reportable       weekly change in non-reportable net contracts vs next thursday single-day return          non_reportable_net_change     0.0047           559  next_week_thursday_daily_return
  non_reportable              weekly change in non-reportable net contracts vs next friday close return          non_reportable_net_change    -0.0354           559          next_week_friday_return
  non_reportable         weekly change in non-reportable net contracts vs next friday single-day return          non_reportable_net_change    -0.0086           559    next_week_friday_daily_return
  non_reportable                                  non-reportable net/OI pct vs next monday close return          non_reportable_net_oi_pct    -0.0775           560          next_week_monday_return
  non_reportable                               non-reportable net contracts vs next monday close return                 non_reportable_net    -0.0605           560          next_week_monday_return
  non_reportable                                non-reportable short/OI pct vs next monday close return        non_reportable_short_oi_pct     0.0768           560          next_week_monday_return
  non_reportable                             non-reportable net/OI pct vs next monday single-day return          non_reportable_net_oi_pct    -0.0775           560    next_week_monday_daily_return
  non_reportable                          non-reportable net contracts vs next monday single-day return                 non_reportable_net    -0.0605           560    next_week_monday_daily_return
  non_reportable                           non-reportable short/OI pct vs next monday single-day return        non_reportable_short_oi_pct     0.0768           560    next_week_monday_daily_return
  non_reportable                                 non-reportable net/OI pct vs next tuesday close return          non_reportable_net_oi_pct    -0.0848           560         next_week_tuesday_return
  non_reportable                              non-reportable net contracts vs next tuesday close return                 non_reportable_net    -0.0685           560         next_week_tuesday_return
  non_reportable                               non-reportable short/OI pct vs next tuesday close return        non_reportable_short_oi_pct     0.0758           560         next_week_tuesday_return
  non_reportable                            non-reportable net/OI pct vs next tuesday single-day return          non_reportable_net_oi_pct    -0.0025           560   next_week_tuesday_daily_return
  non_reportable                         non-reportable net contracts vs next tuesday single-day return                 non_reportable_net    -0.0079           560   next_week_tuesday_daily_return
  non_reportable                          non-reportable short/OI pct vs next tuesday single-day return        non_reportable_short_oi_pct    -0.0123           560   next_week_tuesday_daily_return
  non_reportable                               non-reportable net/OI pct vs next wednesday close return          non_reportable_net_oi_pct    -0.1014           560       next_week_wednesday_return
  non_reportable                            non-reportable net contracts vs next wednesday close return                 non_reportable_net    -0.0809           560       next_week_wednesday_return
  non_reportable                             non-reportable short/OI pct vs next wednesday close return        non_reportable_short_oi_pct     0.0969           560       next_week_wednesday_return
  non_reportable                          non-reportable net/OI pct vs next wednesday single-day return          non_reportable_net_oi_pct    -0.0589           560 next_week_wednesday_daily_return
  non_reportable                       non-reportable net contracts vs next wednesday single-day return                 non_reportable_net    -0.0457           560 next_week_wednesday_daily_return
  non_reportable                        non-reportable short/OI pct vs next wednesday single-day return        non_reportable_short_oi_pct     0.0663           560 next_week_wednesday_daily_return
  non_reportable                                non-reportable net/OI pct vs next thursday close return          non_reportable_net_oi_pct    -0.0942           560        next_week_thursday_return
  non_reportable                             non-reportable net contracts vs next thursday close return                 non_reportable_net    -0.0787           560        next_week_thursday_return
  non_reportable                              non-reportable short/OI pct vs next thursday close return        non_reportable_short_oi_pct     0.0948           560        next_week_thursday_return
  non_reportable                           non-reportable net/OI pct vs next thursday single-day return          non_reportable_net_oi_pct    -0.0084           560  next_week_thursday_daily_return
  non_reportable                        non-reportable net contracts vs next thursday single-day return                 non_reportable_net    -0.0152           560  next_week_thursday_daily_return
  non_reportable                         non-reportable short/OI pct vs next thursday single-day return        non_reportable_short_oi_pct     0.0202           560  next_week_thursday_daily_return
  non_reportable                                  non-reportable net/OI pct vs next friday close return          non_reportable_net_oi_pct    -0.1044           560          next_week_friday_return
  non_reportable                               non-reportable net contracts vs next friday close return                 non_reportable_net    -0.0822           560          next_week_friday_return
  non_reportable                                non-reportable short/OI pct vs next friday close return        non_reportable_short_oi_pct     0.1064           560          next_week_friday_return
  non_reportable                             non-reportable net/OI pct vs next friday single-day return          non_reportable_net_oi_pct    -0.0412           560    next_week_friday_daily_return
  non_reportable                          non-reportable net contracts vs next friday single-day return                 non_reportable_net    -0.0215           560    next_week_friday_daily_return
  non_reportable                           non-reportable short/OI pct vs next friday single-day return        non_reportable_short_oi_pct     0.0452           560    next_week_friday_daily_return
  non_reportable                                   non-reportable net/OI pct vs forward 1w price return          non_reportable_net_oi_pct    -0.0875           560                forward_return_1w
  non_reportable                                non-reportable net contracts vs forward 1w price return                 non_reportable_net    -0.0703           560                forward_return_1w
  non_reportable                                   non-reportable net/OI pct vs forward 2w price return          non_reportable_net_oi_pct    -0.0967           559                forward_return_2w
  non_reportable                                non-reportable net contracts vs forward 2w price return                 non_reportable_net    -0.0847           559                forward_return_2w
  non_reportable                                   non-reportable net/OI pct vs forward 3w price return          non_reportable_net_oi_pct    -0.1196           558                forward_return_3w
  non_reportable                                non-reportable net contracts vs forward 3w price return                 non_reportable_net    -0.1088           558                forward_return_3w
  non_reportable                                   non-reportable net/OI pct vs forward 4w price return          non_reportable_net_oi_pct    -0.1391           557                forward_return_4w
  non_reportable                                non-reportable net contracts vs forward 4w price return                 non_reportable_net    -0.1277           557                forward_return_4w
  non_reportable                                  non-reportable net/OI pct vs forward 13w price return          non_reportable_net_oi_pct    -0.1097           548               forward_return_13w
  non_reportable                               non-reportable net contracts vs forward 13w price return                 non_reportable_net    -0.1451           548               forward_return_13w
  non_reportable                                  non-reportable net/OI pct vs forward 26w price return          non_reportable_net_oi_pct    -0.1528           535               forward_return_26w
  non_reportable                               non-reportable net contracts vs forward 26w price return                 non_reportable_net    -0.1658           535               forward_return_26w
  non_reportable                                  non-reportable net/OI pct vs forward 52w price return          non_reportable_net_oi_pct    -0.3576           509               forward_return_52w
  non_reportable                               non-reportable net contracts vs forward 52w price return                 non_reportable_net    -0.3572           509               forward_return_52w
other_reportable                   weekly change in other reportables net/OI pct vs weekly price return other_reportable_net_oi_pct_change    -0.0179           560                              NaN
other_reportable              weekly change in other reportables net/OI pct vs next monday close return other_reportable_net_oi_pct_change    -0.0844           559          next_week_monday_return
other_reportable         weekly change in other reportables net/OI pct vs next monday single-day return other_reportable_net_oi_pct_change    -0.0844           559    next_week_monday_daily_return
other_reportable             weekly change in other reportables net/OI pct vs next tuesday close return other_reportable_net_oi_pct_change    -0.0900           559         next_week_tuesday_return
other_reportable        weekly change in other reportables net/OI pct vs next tuesday single-day return other_reportable_net_oi_pct_change    -0.0030           559   next_week_tuesday_daily_return
other_reportable           weekly change in other reportables net/OI pct vs next wednesday close return other_reportable_net_oi_pct_change    -0.1025           559       next_week_wednesday_return
other_reportable      weekly change in other reportables net/OI pct vs next wednesday single-day return other_reportable_net_oi_pct_change    -0.0472           559 next_week_wednesday_daily_return
other_reportable            weekly change in other reportables net/OI pct vs next thursday close return other_reportable_net_oi_pct_change    -0.1017           559        next_week_thursday_return
other_reportable       weekly change in other reportables net/OI pct vs next thursday single-day return other_reportable_net_oi_pct_change    -0.0225           559  next_week_thursday_daily_return
other_reportable              weekly change in other reportables net/OI pct vs next friday close return other_reportable_net_oi_pct_change    -0.0562           559          next_week_friday_return
other_reportable         weekly change in other reportables net/OI pct vs next friday single-day return other_reportable_net_oi_pct_change     0.0959           559    next_week_friday_daily_return
other_reportable                weekly change in other reportables net contracts vs weekly price return        other_reportable_net_change    -0.0864           560                              NaN
other_reportable           weekly change in other reportables net contracts vs next monday close return        other_reportable_net_change    -0.0465           559          next_week_monday_return
other_reportable      weekly change in other reportables net contracts vs next monday single-day return        other_reportable_net_change    -0.0465           559    next_week_monday_daily_return
other_reportable          weekly change in other reportables net contracts vs next tuesday close return        other_reportable_net_change    -0.0529           559         next_week_tuesday_return
other_reportable     weekly change in other reportables net contracts vs next tuesday single-day return        other_reportable_net_change    -0.0083           559   next_week_tuesday_daily_return
other_reportable        weekly change in other reportables net contracts vs next wednesday close return        other_reportable_net_change    -0.0440           559       next_week_wednesday_return
other_reportable   weekly change in other reportables net contracts vs next wednesday single-day return        other_reportable_net_change     0.0080           559 next_week_wednesday_daily_return
other_reportable         weekly change in other reportables net contracts vs next thursday close return        other_reportable_net_change    -0.0652           559        next_week_thursday_return
other_reportable    weekly change in other reportables net contracts vs next thursday single-day return        other_reportable_net_change    -0.0610           559  next_week_thursday_daily_return
other_reportable           weekly change in other reportables net contracts vs next friday close return        other_reportable_net_change    -0.0333           559          next_week_friday_return
other_reportable      weekly change in other reportables net contracts vs next friday single-day return        other_reportable_net_change     0.0689           559    next_week_friday_daily_return
other_reportable                               other reportables net/OI pct vs next monday close return        other_reportable_net_oi_pct    -0.0481           560          next_week_monday_return
other_reportable                            other reportables net contracts vs next monday close return               other_reportable_net    -0.0389           560          next_week_monday_return
other_reportable                             other reportables short/OI pct vs next monday close return      other_reportable_short_oi_pct     0.0467           560          next_week_monday_return
other_reportable                          other reportables net/OI pct vs next monday single-day return        other_reportable_net_oi_pct    -0.0481           560    next_week_monday_daily_return
other_reportable                       other reportables net contracts vs next monday single-day return               other_reportable_net    -0.0389           560    next_week_monday_daily_return
other_reportable                        other reportables short/OI pct vs next monday single-day return      other_reportable_short_oi_pct     0.0467           560    next_week_monday_daily_return
other_reportable                              other reportables net/OI pct vs next tuesday close return        other_reportable_net_oi_pct    -0.0327           560         next_week_tuesday_return
other_reportable                           other reportables net contracts vs next tuesday close return               other_reportable_net    -0.0190           560         next_week_tuesday_return
other_reportable                            other reportables short/OI pct vs next tuesday close return      other_reportable_short_oi_pct     0.0308           560         next_week_tuesday_return
other_reportable                         other reportables net/OI pct vs next tuesday single-day return        other_reportable_net_oi_pct     0.0399           560   next_week_tuesday_daily_return
other_reportable                      other reportables net contracts vs next tuesday single-day return               other_reportable_net     0.0484           560   next_week_tuesday_daily_return
other_reportable                       other reportables short/OI pct vs next tuesday single-day return      other_reportable_short_oi_pct    -0.0416           560   next_week_tuesday_daily_return
other_reportable                            other reportables net/OI pct vs next wednesday close return        other_reportable_net_oi_pct    -0.0386           560       next_week_wednesday_return
other_reportable                         other reportables net contracts vs next wednesday close return               other_reportable_net    -0.0148           560       next_week_wednesday_return
other_reportable                          other reportables short/OI pct vs next wednesday close return      other_reportable_short_oi_pct     0.0330           560       next_week_wednesday_return
other_reportable                       other reportables net/OI pct vs next wednesday single-day return        other_reportable_net_oi_pct    -0.0207           560 next_week_wednesday_daily_return
other_reportable                    other reportables net contracts vs next wednesday single-day return               other_reportable_net     0.0045           560 next_week_wednesday_daily_return
other_reportable                     other reportables short/OI pct vs next wednesday single-day return      other_reportable_short_oi_pct     0.0124           560 next_week_wednesday_daily_return
other_reportable                             other reportables net/OI pct vs next thursday close return        other_reportable_net_oi_pct    -0.0272           560        next_week_thursday_return
other_reportable                          other reportables net contracts vs next thursday close return               other_reportable_net    -0.0121           560        next_week_thursday_return
other_reportable                           other reportables short/OI pct vs next thursday close return      other_reportable_short_oi_pct     0.0246           560        next_week_thursday_return
other_reportable                        other reportables net/OI pct vs next thursday single-day return        other_reportable_net_oi_pct     0.0144           560  next_week_thursday_daily_return
other_reportable                     other reportables net contracts vs next thursday single-day return               other_reportable_net    -0.0002           560  next_week_thursday_daily_return
other_reportable                      other reportables short/OI pct vs next thursday single-day return      other_reportable_short_oi_pct    -0.0085           560  next_week_thursday_daily_return
other_reportable                               other reportables net/OI pct vs next friday close return        other_reportable_net_oi_pct    -0.0336           560          next_week_friday_return
other_reportable                            other reportables net contracts vs next friday close return               other_reportable_net    -0.0202           560          next_week_friday_return
other_reportable                             other reportables short/OI pct vs next friday close return      other_reportable_short_oi_pct     0.0362           560          next_week_friday_return
other_reportable                          other reportables net/OI pct vs next friday single-day return        other_reportable_net_oi_pct    -0.0195           560    next_week_friday_daily_return
other_reportable                       other reportables net contracts vs next friday single-day return               other_reportable_net    -0.0207           560    next_week_friday_daily_return
other_reportable                        other reportables short/OI pct vs next friday single-day return      other_reportable_short_oi_pct     0.0317           560    next_week_friday_daily_return
other_reportable                                other reportables net/OI pct vs forward 1w price return        other_reportable_net_oi_pct    -0.0376           560                forward_return_1w
other_reportable                             other reportables net contracts vs forward 1w price return               other_reportable_net    -0.0250           560                forward_return_1w
other_reportable                                other reportables net/OI pct vs forward 2w price return        other_reportable_net_oi_pct    -0.0362           559                forward_return_2w
other_reportable                             other reportables net contracts vs forward 2w price return               other_reportable_net    -0.0227           559                forward_return_2w
other_reportable                                other reportables net/OI pct vs forward 3w price return        other_reportable_net_oi_pct    -0.0376           558                forward_return_3w
other_reportable                             other reportables net contracts vs forward 3w price return               other_reportable_net    -0.0255           558                forward_return_3w
other_reportable                                other reportables net/OI pct vs forward 4w price return        other_reportable_net_oi_pct    -0.0419           557                forward_return_4w
other_reportable                             other reportables net contracts vs forward 4w price return               other_reportable_net    -0.0306           557                forward_return_4w
other_reportable                               other reportables net/OI pct vs forward 13w price return        other_reportable_net_oi_pct    -0.0150           548               forward_return_13w
other_reportable                            other reportables net contracts vs forward 13w price return               other_reportable_net    -0.0131           548               forward_return_13w
other_reportable                               other reportables net/OI pct vs forward 26w price return        other_reportable_net_oi_pct    -0.0072           535               forward_return_26w
other_reportable                            other reportables net contracts vs forward 26w price return               other_reportable_net    -0.0058           535               forward_return_26w
other_reportable                               other reportables net/OI pct vs forward 52w price return        other_reportable_net_oi_pct     0.0637           509               forward_return_52w
other_reportable                            other reportables net contracts vs forward 52w price return               other_reportable_net     0.0711           509               forward_return_52w

Saved:
cot_exact_output/dow_exact_consolidated_overlay_2016_2026.png
cot_exact_output/dow_exact_consolidated_rebased_2016_2026.png
cot_exact_output/dow_exact_consolidated_data_2016_2026.csv
cot_exact_output/dow_exact_consolidated_correlations_2016_2026.csv
cot_exact_output/dow_exact_consolidated_extremes_2016_2026.csv

Saved summary: cot_exact_output/cot_exact_summary_2016_2026.csv
