dataset,market,category,position_change_metric,horizon,bottom_quartile_threshold,top_quartile_threshold,top_quartile_n,top_quartile_mean_return,top_quartile_median_return,top_quartile_hit_rate,top_quartile_stdev,bottom_quartile_n,bottom_quartile_mean_return,bottom_quartile_median_return,bottom_quartile_hit_rate,bottom_quartile_stdev,mean_diff_up_minus_down,welch_t,normal_p_approx
tff_disaggregated,sp500,asset_mgr,net_oi_pct_change,1d_post_release,-1.330332923379152,0.9662109341207593,135,0.0015187958689765338,0.0009963410653295313,0.5555555555555556,0.010567989422541422,134,-0.0004407003816810594,0.0011666547291913076,0.6044776119402985,0.016805093797065775,0.0019594962506575934,1.1438088945337377,0.25270290031426373
tff_disaggregated,sp500,asset_mgr,net_oi_pct_change,2d_post_release,-1.330332923379152,0.9662109341207593,135,0.0018122979551461421,0.0029414809499841432,0.5703703703703704,0.013252380335839501,134,0.0018066234566995046,0.00278977955977755,0.6194029850746269,0.016325820626801775,5.6744984466374805e-06,0.0031284626469352196,0.9975038520267119
tff_disaggregated,sp500,asset_mgr,net_oi_pct_change,3d_post_release,-1.330332923379152,0.9662109341207593,135,0.0033024811763821818,0.004079620266625339,0.6592592592592592,0.016898150018449506,134,0.0026762061221831503,0.0028957591193009558,0.5671641791044776,0.023426547682557253,0.0006262750541990315,0.25130111090184504,0.8015813163425078
tff_disaggregated,sp500,asset_mgr,net_oi_pct_change,1w_post_release,-1.330332923379152,0.9662109341207593,135,0.005336436962213036,0.00487206115941774,0.5851851851851851,0.023108034907809664,134,0.001167734305690801,0.004049844489308341,0.5671641791044776,0.02896428422114597,0.004168702656522235,1.3042433576368575,0.19215062108469996
tff_disaggregated,sp500,asset_mgr,net_oi_pct_change,2w_post_release,-1.330332923379152,0.9662109341207593,134,0.008345132855990402,0.008959299811250543,0.664179104477612,0.030981861202572004,134,0.0026704700425715377,0.008588944305812252,0.6194029850746269,0.03701756543240534,0.005674662813418864,1.3608119346194252,0.1735731293588335
tff_disaggregated,sp500,asset_mgr,net_oi_pct_change,4w_post_release,-1.330332923379152,0.9662109341207593,134,0.013664989806148957,0.016117335154041457,0.7089552238805971,0.042329246454679864,132,0.01019572586701385,0.015548976974564255,0.6515151515151515,0.050962887440141776,0.0034692639391351067,0.6034893596808956,0.5461831918576583
tff_disaggregated,sp500,asset_mgr,net_oi_pct_change,13w_post_release,-1.330332923379152,0.9662109341207593,133,0.04059726415911901,0.046143337037021004,0.7443609022556391,0.07531399494347539,131,0.0375921284288758,0.04587337677074865,0.7633587786259542,0.07664954601580816,0.003005135730243212,0.32126876577650104,0.7480067241134603
tff_disaggregated,sp500,asset_mgr,long_oi_pct_change,1d_post_release,-1.412150888420852,0.31555358894187435,135,0.00038641496527722557,0.00031579379075585834,0.5333333333333333,0.00908218040142998,135,0.00026980790062452483,0.0014558660603223306,0.5851851851851851,0.01650953588517123,0.00011660706465270074,0.07190291778002064,0.9426791680097006
tff_disaggregated,sp500,asset_mgr,long_oi_pct_change,2d_post_release,-1.412150888420852,0.31555358894187435,135,0.0002445957617297703,0.0009340731192437612,0.5259259259259259,0.011482165433041454,135,0.0030887766209313668,0.0037480363873110267,0.6518518518518519,0.015294256634928026,-0.0028441808592015966,-1.727942587613051,0.08399851801870573
tff_disaggregated,sp500,asset_mgr,long_oi_pct_change,3d_post_release,-1.412150888420852,0.31555358894187435,135,0.000967961166187409,0.0022321979409936077,0.6,0.015036282383549942,135,0.003145964230873921,0.00326431408378558,0.6,0.02300690865106862,-0.0021780030646865118,-0.920735071722975,0.35718876077721196
tff_disaggregated,sp500,asset_mgr,long_oi_pct_change,1w_post_release,-1.412150888420852,0.31555358894187435,135,0.0018083916683056364,0.001832187658811879,0.5407407407407407,0.020922116479430958,135,0.0032303418196224887,0.0050754219764708175,0.6518518518518519,0.0285362431803746,-0.0014219501513168522,-0.46691739068769655,0.6405589824998541
tff_disaggregated,sp500,asset_mgr,long_oi_pct_change,2w_post_release,-1.412150888420852,0.31555358894187435,134,0.007004957587061837,0.0072983439814010564,0.6343283582089553,0.029542659182660313,135,0.003475557644714786,0.007717170140868701,0.6296296296296297,0.036185314829931474,0.0035293999423470506,0.8765540793524661,0.38072889059804016
tff_disaggregated,sp500,asset_mgr,long_oi_pct_change,4w_post_release,-1.412150888420852,0.31555358894187435,134,0.012449054983847081,0.01607816589917266,0.6865671641791045,0.04206473524148758,134,0.012272248000513153,0.015729282015763957,0.6567164179104478,0.05002978152652145,0.000176806983333928,0.03131228732373824,0.9750204913464018
tff_disaggregated,sp500,asset_mgr,long_oi_pct_change,13w_post_release,-1.412150888420852,0.31555358894187435,131,0.036190586309078926,0.04308119912646413,0.732824427480916,0.07118341777739493,133,0.044923117006937456,0.04655124605732919,0.8120300751879699,0.07213520263705468,-0.00873253069785853,-0.9900093031974194,0.32216957181923844
tff_disaggregated,sp500,asset_mgr,short_oi_pct_change,1d_post_release,-0.9141393700772302,0.43254725788029713,134,-0.00023304358618398522,0.000992862275524864,0.5895522388059702,0.01628826144225709,135,0.0011888352566904986,0.000876077054501545,0.5407407407407407,0.009693709640487982,-0.0014218788428744839,-0.8692052049324575,0.38473490101725
tff_disaggregated,sp500,asset_mgr,short_oi_pct_change,2d_post_release,-0.9141393700772302,0.43254725788029713,134,0.0008066999876843616,0.001371664943153439,0.5597014925373134,0.015418045750418233,135,0.002918094974548151,0.0017721054624633137,0.5703703703703704,0.013421952638707036,-0.0021113949868637894,-1.1975632915988537,0.23108707402432122
tff_disaggregated,sp500,asset_mgr,short_oi_pct_change,3d_post_release,-0.9141393700772302,0.43254725788029713,134,0.000833899830389227,0.003505241989324004,0.5597014925373134,0.02263552804718982,135,0.0037591311567353584,0.0032182229018784536,0.6296296296296297,0.01620043054831373,-0.0029252313263461315,-1.2180284424707892,0.22321316446183
tff_disaggregated,sp500,asset_mgr,short_oi_pct_change,1w_post_release,-0.9141393700772302,0.43254725788029713,134,6.090463159221064e-05,0.0018821372488910804,0.5373134328358209,0.028287772679353975,135,0.005020860345970066,0.005917169216022922,0.6592592592592592,0.02280431419931061,-0.004959955714377856,-1.5824832217315004,0.11353929959233039
tff_disaggregated,sp500,asset_mgr,short_oi_pct_change,2w_post_release,-0.9141393700772302,0.43254725788029713,134,0.0041586513106319735,0.009442823234203424,0.6194029850746269,0.03793720763327058,135,0.006042091295802666,0.008508474279050438,0.6962962962962963,0.03209153867903205,-0.0018834399851706922,-0.4394474185599375,0.660337373988073
tff_disaggregated,sp500,asset_mgr,short_oi_pct_change,4w_post_release,-0.9141393700772302,0.43254725788029713,132,0.013681872272764753,0.018969481983988512,0.7272727272727273,0.04777677007507498,134,0.01360417307703542,0.017682705516902875,0.7238805970149254,0.0484602074271844,7.769919572933257e-05,0.013167863902022644,0.989493868309018
tff_disaggregated,sp500,asset_mgr,short_oi_pct_change,13w_post_release,-0.9141393700772302,0.43254725788029713,128,0.03840540492041522,0.050134181464037364,0.7421875,0.0805089037679381,134,0.042417094974807744,0.046907117058721526,0.8059701492537313,0.07538461941576849,-0.0040116900543925235,-0.41588688032077326,0.6774927802401657
tff_disaggregated,sp500,dealer,net_oi_pct_change,1d_post_release,-1.1159870351220562,1.2015976125717662,134,0.00015530792138725096,0.0011493672485607398,0.5373134328358209,0.017674110433925094,135,0.000815039359534149,0.001018020225231675,0.5777777777777777,0.010093825437821419,-0.0006597314381468981,-0.37555998160372756,0.7072440463769012
tff_disaggregated,sp500,dealer,net_oi_pct_change,2d_post_release,-1.1159870351220562,1.2015976125717662,134,0.0014174357935780558,0.0031881613863818936,0.6194029850746269,0.01583456787797454,135,0.0007971100518957322,0.0009893460220886663,0.5407407407407407,0.013591738205123265,0.0006203257416823235,0.34464903827968446,0.7303582347337212
tff_disaggregated,sp500,dealer,net_oi_pct_change,3d_post_release,-1.1159870351220562,1.2015976125717662,134,0.002064067341399404,0.002816941693390418,0.5522388059701493,0.023016496878023002,135,0.0012360477748937925,0.0018518856059639432,0.5777777777777777,0.017242111516486688,0.0008280195665056117,0.3337384135987049,0.738576960016525
tff_disaggregated,sp500,dealer,net_oi_pct_change,1w_post_release,-1.1159870351220562,1.2015976125717662,134,0.0023270849698205226,0.005771896839316781,0.5746268656716418,0.028723888579369028,135,0.0009237746122845085,0.001832187658811879,0.5333333333333333,0.021970913537637006,0.001403310357536014,0.4498138763250424,0.6528446514017938
tff_disaggregated,sp500,dealer,net_oi_pct_change,2w_post_release,-1.1159870351220562,1.2015976125717662,134,0.00520275172623096,0.011391654355835334,0.664179104477612,0.03955507366440389,134,0.005971445771878377,0.005351658245717261,0.6119402985074627,0.02756949557446891,-0.0007686940456474167,-0.18455432993063464,0.853578609920095
tff_disaggregated,sp500,dealer,net_oi_pct_change,4w_post_release,-1.1159870351220562,1.2015976125717662,131,0.012489499559634066,0.02020897550245171,0.6717557251908397,0.05384537178801755,134,0.0100265470383366,0.015181912207844706,0.6865671641791045,0.0416839457216243,0.002462952521297466,0.41572714750943746,0.677609673756111
tff_disaggregated,sp500,dealer,net_oi_pct_change,13w_post_release,-1.1159870351220562,1.2015976125717662,130,0.038231475611348896,0.04533540762671506,0.7615384615384615,0.07272749853244301,132,0.03386632707744167,0.044076532719413364,0.75,0.07032276336722063,0.004365148533907223,0.4937775018785506,0.6214633237481693
tff_disaggregated,sp500,dealer,long_oi_pct_change,1d_post_release,-0.5184387631300156,0.4946509653007054,134,-0.0004012227705333573,8.531299271063997e-05,0.5149253731343284,0.016338987685288457,135,0.0008142862704934843,0.0014558660603223306,0.6074074074074074,0.012327047931739724,-0.0012155090410268417,-0.6883827806668575,0.4912117644566387
tff_disaggregated,sp500,dealer,long_oi_pct_change,2d_post_release,-0.5184387631300156,0.4946509653007054,134,-0.00044903339796148716,-2.4935337223475074e-05,0.5,0.016109132771472745,135,0.002788916739353187,0.002567763765733533,0.6074074074074074,0.014235933666506207,-0.0032379501373146742,-1.7463450472566706,0.08075101263448684
tff_disaggregated,sp500,dealer,long_oi_pct_change,3d_post_release,-0.5184387631300156,0.4946509653007054,134,0.001701863479851771,-8.733410611189152e-05,0.4925373134328358,0.020706292020707343,135,0.0021814872096313337,0.0027339525962040145,0.5925925925925926,0.01827363063820742,-0.0004796237297795627,-0.20136704210050618,0.8404115839463284
tff_disaggregated,sp500,dealer,long_oi_pct_change,1w_post_release,-0.5184387631300156,0.4946509653007054,134,0.0012769674051483952,0.0013479906522209095,0.5373134328358209,0.028232927690803124,135,0.003226362066980345,0.0025331367052392473,0.5777777777777777,0.024006636558297517,-0.0019493946618319496,-0.6098555895762191,0.5419574734838973
tff_disaggregated,sp500,dealer,long_oi_pct_change,2w_post_release,-0.5184387631300156,0.4946509653007054,134,0.0061131405574565536,0.009829778008758838,0.6492537313432836,0.0362283221074532,135,0.005221511677836838,0.007830599137362837,0.6592592592592592,0.03472448539558141,0.0008916288796197158,0.20604209400426024,0.8367580304156303
tff_disaggregated,sp500,dealer,long_oi_pct_change,4w_post_release,-0.5184387631300156,0.4946509653007054,134,0.01367335922289997,0.020139321259624476,0.7089552238805971,0.05073668730921867,134,0.014392888462605745,0.018969481983988512,0.7238805970149254,0.050221820898674066,-0.0007195292397057743,-0.1166721690918475,0.9071198454684481
tff_disaggregated,sp500,dealer,long_oi_pct_change,13w_post_release,-0.5184387631300156,0.4946509653007054,131,0.03579690729461022,0.04452311839898293,0.7404580152671756,0.07645203243536955,133,0.03564698909725774,0.04505994311704198,0.7744360902255639,0.07547267593483278,0.00014991819735248046,0.016031907930900334,0.9872089361150256
tff_disaggregated,sp500,dealer,short_oi_pct_change,1d_post_release,-1.013308507611347,0.8567304172732011,135,0.0005492219892947846,0.0009277661864273146,0.5481481481481482,0.010367501964263023,135,-0.00024014585892535333,0.0013151152429682345,0.5481481481481482,0.017813825083336017,0.0007893678482201379,0.4449847605259249,0.6563307672593647
tff_disaggregated,sp500,dealer,short_oi_pct_change,2d_post_release,-1.013308507611347,0.8567304172732011,135,0.0007491893841917762,0.000873856755907898,0.5481481481481482,0.013155005380972112,135,0.002041403322889082,0.0029414809499841432,0.6222222222222222,0.016206924947015484,-0.0012922139386973058,-0.719280463259753,0.4719681308820099
tff_disaggregated,sp500,dealer,short_oi_pct_change,3d_post_release,-1.013308507611347,0.8567304172732011,135,0.0007791573921537739,0.0017597492053138541,0.562962962962963,0.017155325926272846,135,0.0030687262044456765,0.0034563484756819918,0.5851851851851851,0.02300382953729151,-0.0022895688122919026,-0.9270297951876298,0.3539110646763227
tff_disaggregated,sp500,dealer,short_oi_pct_change,1w_post_release,-1.013308507611347,0.8567304172732011,135,0.0007432195368311321,0.0019320868389702817,0.5555555555555556,0.021939577029788895,135,0.0035170826361868948,0.005917169216022922,0.6148148148148148,0.028474909336222456,-0.002773863099355763,-0.8965878233514573,0.3699388979859589
tff_disaggregated,sp500,dealer,short_oi_pct_change,2w_post_release,-1.013308507611347,0.8567304172732011,134,0.006724330775142912,0.006765833562249579,0.6268656716417911,0.029564841716406113,135,0.004273840947388849,0.010422853318833969,0.6666666666666666,0.038235891663660926,0.0024504898277540633,0.5882636216493131,0.5563553593060325
tff_disaggregated,sp500,dealer,short_oi_pct_change,4w_post_release,-1.013308507611347,0.8567304172732011,134,0.01108873925561727,0.015676092976198097,0.7164179104477612,0.04553505981265707,132,0.014478479108548119,0.018464677699355114,0.6818181818181818,0.04773089287325595,-0.0033897398529308485,-0.5924812681132636,0.5535283606164699
tff_disaggregated,sp500,dealer,short_oi_pct_change,13w_post_release,-1.013308507611347,0.8567304172732011,130,0.03340798558357855,0.04438807518495813,0.7153846153846154,0.07329713761572058,130,0.03964209654552525,0.04764460604481491,0.7846153846153846,0.07691819802921236,-0.006234110961946704,-0.668991784105477,0.5035007189063079
tff_disaggregated,sp500,lev_money,net_oi_pct_change,1d_post_release,-1.1728921976008047,1.1806767449984155,135,0.000774568109600505,0.0011626229102676966,0.6074074074074074,0.01368604765266631,135,-0.00045035116323647196,0.0007090417596054,0.5185185185185185,0.010848242618737956,0.001224919272836977,0.8149480730258104,0.41510203410940794
tff_disaggregated,sp500,lev_money,net_oi_pct_change,2d_post_release,-1.1728921976008047,1.1806767449984155,135,0.0028889359529889365,0.004164209549404774,0.6444444444444445,0.015912818306635927,135,0.00036981898231484134,0.0017721054624633137,0.5407407407407407,0.01411209051384286,0.002519116970674095,1.3761597616266066,0.16877217676241765
tff_disaggregated,sp500,lev_money,net_oi_pct_change,3d_post_release,-1.1728921976008047,1.1806767449984155,135,0.0029042832752133553,0.0051906736386289065,0.6,0.02205139144035643,135,0.002363636921744082,0.00243913922381922,0.5851851851851851,0.016704951419470766,0.0005406463534692735,0.22706951853548837,0.8203696856752587
tff_disaggregated,sp500,lev_money,net_oi_pct_change,1w_post_release,-1.1728921976008047,1.1806767449984155,135,0.0009054546005503133,0.002381353789092211,0.5703703703703704,0.028232835471014947,135,0.003811120513393092,0.005181178718158375,0.6148148148148148,0.023509776259170476,-0.0029056659128427783,-0.9189194334078229,0.35813771438551567
tff_disaggregated,sp500,lev_money,net_oi_pct_change,2w_post_release,-1.1728921976008047,1.1806767449984155,135,0.003610581855128118,0.007912074535799452,0.6148148148148148,0.03789757083021232,134,0.005085128745439839,0.00847833898199013,0.6492537313432836,0.032663576621779204,-0.0014745468903117208,-0.34189576138068584,0.7324293395662229
tff_disaggregated,sp500,lev_money,net_oi_pct_change,4w_post_release,-1.1728921976008047,1.1806767449984155,134,0.010543425591610993,0.01864408725563027,0.7164179104477612,0.057314464332608256,134,0.01051352271818324,0.017589359329379217,0.664179104477612,0.04805694406732599,2.9902873427753787e-05,0.004627941678390657,0.9963074499675976
tff_disaggregated,sp500,lev_money,net_oi_pct_change,13w_post_release,-1.1728921976008047,1.1806767449984155,131,0.03772012848343483,0.04911108985906654,0.7404580152671756,0.0753647218863931,133,0.027589538166811735,0.04112255713583046,0.706766917293233,0.07525494159950193,0.010130590316623098,1.0927984414670964,0.27448230608214
tff_disaggregated,sp500,lev_money,long_oi_pct_change,1d_post_release,-0.5618634131441853,0.527189058569399,135,0.001737402306632114,0.0017207099207625642,0.6370370370370371,0.01249737296922247,135,0.00019347751845004126,0.0014987750396311394,0.5925925925925926,0.01466588802565599,0.001543924788182073,0.930993337347516,0.35185701063208424
tff_disaggregated,sp500,lev_money,long_oi_pct_change,2d_post_release,-0.5618634131441853,0.527189058569399,135,0.0033768203727598286,0.0032641168443181545,0.6222222222222222,0.013118410644285124,135,0.0009807588022082735,0.001405198474790037,0.5481481481481482,0.014195500700281243,0.0023960615705515553,1.4403185503005562,0.14977729550869157
tff_disaggregated,sp500,lev_money,long_oi_pct_change,3d_post_release,-0.5618634131441853,0.527189058569399,135,0.0033459546240631423,0.003315943562813173,0.6370370370370371,0.018457048303069556,135,0.002019842389344403,0.0017597492053138541,0.5925925925925926,0.018333544449502363,0.0013261122347187392,0.5922743596989491,0.5536668826169753
tff_disaggregated,sp500,lev_money,long_oi_pct_change,1w_post_release,-0.5618634131441853,0.527189058569399,135,0.0032925607725095714,0.0047690675248655,0.6222222222222222,0.023758719166097054,135,0.0010827158449211078,0.0028141011506797042,0.5703703703703704,0.025911748051644284,0.0022098449275884634,0.7303614144725726,0.4651692974081031
tff_disaggregated,sp500,lev_money,long_oi_pct_change,2w_post_release,-0.5618634131441853,0.527189058569399,135,0.006051058320641592,0.0059725857020702655,0.5851851851851851,0.0353462993797303,135,0.005938150222667555,0.009876429483214544,0.674074074074074,0.0337574359545657,0.00011290809797403698,0.026840505144520535,0.978586946411252
tff_disaggregated,sp500,lev_money,long_oi_pct_change,4w_post_release,-0.5618634131441853,0.527189058569399,134,0.014929081484453433,0.01768890115936883,0.7014925373134329,0.04382868831340819,133,0.012426467163317516,0.019857957200261733,0.6541353383458647,0.043686534752945747,0.0025026143211359167,0.4672668541639478,0.6403089676860517
tff_disaggregated,sp500,lev_money,long_oi_pct_change,13w_post_release,-0.5618634131441853,0.527189058569399,133,0.047410669905751414,0.0520813210419353,0.8045112781954887,0.061809461327403434,129,0.032443040494605176,0.03651396744527435,0.7364341085271318,0.07302104573990895,0.014967629411146238,1.7882232007233632,0.0737400046006566
tff_disaggregated,sp500,lev_money,short_oi_pct_change,1d_post_release,-1.0892954586673822,0.9726444338302267,135,0.00027689688850223327,1.6645067709930572e-05,0.5037037037037037,0.011449754995668476,135,0.0016492785568993898,0.0018152110447704484,0.6296296296296297,0.011731554279256493,-0.0013723816683971564,-0.972717529557151,0.3306937105209914
tff_disaggregated,sp500,lev_money,short_oi_pct_change,2d_post_release,-1.0892954586673822,0.9726444338302267,135,0.00018316677392317578,7.051138381108935e-05,0.5037037037037037,0.014023690138007359,135,0.002507326167804812,0.0028139314796888915,0.6296296296296297,0.015337378021040396,-0.002324159393881636,-1.2993964300570748,0.19380791620023785
tff_disaggregated,sp500,lev_money,short_oi_pct_change,3d_post_release,-1.0892954586673822,0.9726444338302267,135,0.002458437107973537,0.0016638638059633948,0.5703703703703704,0.017976240055098666,135,0.0032773007991544955,0.0023182561692678405,0.5851851851851851,0.019858365466188594,-0.0008188636911809584,-0.3551956029486065,0.722443058585073
tff_disaggregated,sp500,lev_money,short_oi_pct_change,1w_post_release,-1.0892954586673822,0.9726444338302267,135,0.004697576372602284,0.004647193423121809,0.5851851851851851,0.023569042404932773,135,0.0014172058312404822,0.002381353789092211,0.5555555555555556,0.02660370471271821,0.003280370541361802,1.0723682668370271,0.28355465525543894
tff_disaggregated,sp500,lev_money,short_oi_pct_change,2w_post_release,-1.0892954586673822,0.9726444338302267,134,0.006502859268272323,0.007926227854159862,0.6417910447761194,0.03101517910234967,135,0.0036327303592373996,0.00664845959067728,0.6,0.03409339077459793,0.0028701289090349237,0.7223168200757775,0.4700997139669441
tff_disaggregated,sp500,lev_money,short_oi_pct_change,4w_post_release,-1.0892954586673822,0.9726444338302267,134,0.01209241756436998,0.019490780772889238,0.6865671641791045,0.05029707854904067,134,0.010250232640686217,0.01687176211161512,0.6940298507462687,0.05588884818467206,0.0018421849236837633,0.2836170416768106,0.776703875808974
tff_disaggregated,sp500,lev_money,short_oi_pct_change,13w_post_release,-1.0892954586673822,0.9726444338302267,132,0.03415476880202914,0.04610381145382947,0.7424242424242424,0.07770533627156569,130,0.035869858066537696,0.043317474413964274,0.7461538461538462,0.07196284273909663,-0.001715089264508557,-0.1853970689950682,0.85291760717548
tff_disaggregated,sp500,other_reportable,net_oi_pct_change,1d_post_release,-0.48881182289650554,0.4837640043187249,135,0.00014498444395240266,0.0015841770513915776,0.5925925925925926,0.016092767745298893,135,0.0011031108922374762,0.0009963410653295313,0.5703703703703704,0.01130281789481019,-0.0009581264482850736,-0.5660897548672837,0.5713327674835216
tff_disaggregated,sp500,other_reportable,net_oi_pct_change,2d_post_release,-0.48881182289650554,0.4837640043187249,135,0.0030377031348089046,0.0037480363873110267,0.6074074074074074,0.01538939192014709,135,0.00024291621596985065,0.0009578435269843588,0.5481481481481482,0.014555074975879642,0.002794786918839054,1.5330117813297115,0.12527295212343154
tff_disaggregated,sp500,other_reportable,net_oi_pct_change,3d_post_release,-0.48881182289650554,0.4837640043187249,135,0.005407928246776006,0.004718806265831876,0.6518518518518519,0.02203928362000188,135,0.0018679997490246548,0.0034682387141524718,0.6,0.01825233308177851,0.0035399284977513513,1.4373146619603645,0.150628604605398
tff_disaggregated,sp500,other_reportable,net_oi_pct_change,1w_post_release,-0.48881182289650554,0.4837640043187249,135,0.00586358276925701,0.005400711426474913,0.6444444444444445,0.02749056088545662,135,0.0016493106779913635,0.0038350101735600273,0.5555555555555556,0.024353588438017933,0.004214272091265646,1.333248600560772,0.1824502350785172
tff_disaggregated,sp500,other_reportable,net_oi_pct_change,2w_post_release,-0.48881182289650554,0.4837640043187249,135,0.007609406967587546,0.009265283753687514,0.6518518518518519,0.0362657889212844,134,0.006386870454601019,0.010199216978110881,0.6865671641791045,0.03303235778529987,0.0012225365129865263,0.28907883432020876,0.7725210502285467
tff_disaggregated,sp500,other_reportable,net_oi_pct_change,4w_post_release,-0.48881182289650554,0.4837640043187249,134,0.014752060466316962,0.017158359155265535,0.6716417910447762,0.04913822134508406,134,0.01337801584078564,0.02243845868312555,0.7313432835820896,0.05056729680937149,0.0013740446255313208,0.22558199604631654,0.821526545009453
tff_disaggregated,sp500,other_reportable,net_oi_pct_change,13w_post_release,-0.48881182289650554,0.4837640043187249,134,0.03783771768445468,0.038831086146323246,0.7313432835820896,0.0786685037721471,132,0.04651356301002108,0.05334659658163243,0.7727272727272727,0.07178226969481685,-0.008675845325566402,-0.9398113319418235,0.3473143451408802
tff_disaggregated,sp500,other_reportable,long_oi_pct_change,1d_post_release,-0.2923710491964594,0.25664232794248687,134,-0.000880741454212786,0.0009020581391967486,0.5447761194029851,0.015326646384507488,135,0.001215706727016453,0.000813320877067536,0.5185185185185185,0.01132071928808759,-0.002096448181229239,-1.2753018903137936,0.20220240893051783
tff_disaggregated,sp500,other_reportable,long_oi_pct_change,2d_post_release,-0.2923710491964594,0.25664232794248687,134,0.001432268885851525,0.0038344248395131286,0.5895522388059702,0.015651753858976686,135,0.0006612868572255425,0.0009578435269843588,0.562962962962963,0.013605468693435204,0.0007709820286259825,0.43103477942455165,0.666443082064987
tff_disaggregated,sp500,other_reportable,long_oi_pct_change,3d_post_release,-0.2923710491964594,0.25664232794248687,134,0.0036754929036236818,0.003957826603501302,0.6044776119402985,0.0226107505697906,135,0.0017232975375412014,0.002212693661259868,0.5851851851851851,0.017345236334579503,0.0019521953660824804,0.7940845798336674,0.4271461939765153
tff_disaggregated,sp500,other_reportable,long_oi_pct_change,1w_post_release,-0.2923710491964594,0.25664232794248687,134,0.005240286661419082,0.004708130473993655,0.6119402985074627,0.028886481545775517,135,0.0024070665464141178,0.0038350101735600273,0.5703703703703704,0.02225852456864665,0.0028332201150049643,0.9005919780891497,0.3678053013431961
tff_disaggregated,sp500,other_reportable,long_oi_pct_change,2w_post_release,-0.2923710491964594,0.25664232794248687,134,0.009949195092204407,0.012300180492071933,0.6567164179104478,0.030992071776120036,135,0.004410381668288035,0.007717170140868701,0.6666666666666666,0.03426480617964746,0.005538813423916372,1.3905893047958435,0.16435000139965103
tff_disaggregated,sp500,other_reportable,long_oi_pct_change,4w_post_release,-0.2923710491964594,0.25664232794248687,134,0.015855837637826203,0.01931742172992934,0.6865671641791045,0.05003549370355009,135,0.01217383335441239,0.015360023732895689,0.6444444444444445,0.042123890279704305,0.0036820042834138124,0.6526583258678585,0.5139765747467523
tff_disaggregated,sp500,other_reportable,long_oi_pct_change,13w_post_release,-0.2923710491964594,0.25664232794248687,133,0.03626621256156798,0.04605992605321174,0.7218045112781954,0.08652755802381876,134,0.04191363265611877,0.04669467887271039,0.7611940298507462,0.07069738785350109,-0.005647420094550791,-0.5837527299919995,0.5593866852840396
tff_disaggregated,sp500,other_reportable,short_oi_pct_change,1d_post_release,-0.3817420277655661,0.33663800785218556,134,0.0016445450365256942,0.0018266477198062292,0.6343283582089553,0.01149664715831744,135,0.0007948807837026607,0.0011706865481149187,0.5703703703703704,0.012235289209722394,0.0008496642528230335,0.586985350915892,0.5572135452452057
tff_disaggregated,sp500,other_reportable,short_oi_pct_change,2d_post_release,-0.3817420277655661,0.33663800785218556,134,0.0007005259507939079,0.0002869448802325092,0.5298507462686567,0.014015467624078194,135,0.0027804824046481023,0.0016890887663356668,0.5703703703703704,0.014395788203375094,-0.0020799564538541942,-1.2006589220664514,0.22988353465565475
tff_disaggregated,sp500,other_reportable,short_oi_pct_change,3d_post_release,-0.3817420277655661,0.33663800785218556,134,0.00155306354694826,0.0017950766304637433,0.5746268656716418,0.018093801280095734,135,0.004185175036854103,0.002212693661259868,0.5851851851851851,0.01949878627176102,-0.0026321114899058432,-1.147710516187187,0.2510880884295953
tff_disaggregated,sp500,other_reportable,short_oi_pct_change,1w_post_release,-0.3817420277655661,0.33663800785218556,134,0.00036418706360490994,0.0016954317551555187,0.5447761194029851,0.02461691748128668,135,0.003218217408935798,0.0026047833293867395,0.5703703703703704,0.02409458111131932,-0.0028540303453308885,-0.9608552298682037,0.3366249641193673
tff_disaggregated,sp500,other_reportable,short_oi_pct_change,2w_post_release,-0.3817420277655661,0.33663800785218556,133,0.007554801189370673,0.009876429483214544,0.6766917293233082,0.030048591502793716,135,0.0017860481499965893,0.005564033261344692,0.6222222222222222,0.038043507964049726,0.005768753039374084,1.3786153004521553,0.16801339654681297
tff_disaggregated,sp500,other_reportable,short_oi_pct_change,4w_post_release,-0.3817420277655661,0.33663800785218556,133,0.012910531165644747,0.021536078300209427,0.7293233082706767,0.0492632686941574,134,0.008419750816686654,0.011965712055488908,0.5895522388059702,0.049950952317641836,0.004490780348958093,0.7396075115192053,0.459538182509797
tff_disaggregated,sp500,other_reportable,short_oi_pct_change,13w_post_release,-0.3817420277655661,0.33663800785218556,131,0.03934142948851149,0.046147696854447195,0.7633587786259542,0.07283207659702974,134,0.028662900587790942,0.03593842493470578,0.7164179104477612,0.07758748713961847,0.01067852890072055,1.1554219644080164,0.24791767163850992
tff_disaggregated,sp500,non_reportable,net_oi_pct_change,1d_post_release,-0.4005955890817441,0.40999419249178587,135,0.0004450549253711598,0.0006406996295162948,0.5259259259259259,0.010745341419246733,135,-3.895586446764909e-05,0.0009164157208665369,0.5703703703703704,0.01681978406948356,0.0004840107898388089,0.2817604150367631,0.778127225830674
tff_disaggregated,sp500,non_reportable,net_oi_pct_change,2d_post_release,-0.4005955890817441,0.40999419249178587,135,0.0021253810398268514,0.0015946406921070189,0.5777777777777777,0.013113493311679332,135,0.0025636265664921807,0.0029414809499841432,0.6148148148148148,0.01625068380710929,-0.00043824552666532927,-0.2438467726126814,0.8073494941684812
tff_disaggregated,sp500,non_reportable,net_oi_pct_change,3d_post_release,-0.4005955890817441,0.40999419249178587,135,0.0032541075734389678,0.0025272041548163315,0.5407407407407407,0.017862102414796487,135,0.003473641496331932,0.004311324778169201,0.6148148148148148,0.02290009146094225,-0.00021953392289296436,-0.08782820103993952,0.9300132231818684
tff_disaggregated,sp500,non_reportable,net_oi_pct_change,1w_post_release,-0.4005955890817441,0.40999419249178587,135,0.005591080755615539,0.004647193423121809,0.6148148148148148,0.02026538942341904,135,0.00364486125531371,0.0036248137320111784,0.5777777777777777,0.029286503630358823,0.001946219500301829,0.6349406076831354,0.5254671514040015
tff_disaggregated,sp500,non_reportable,net_oi_pct_change,2w_post_release,-0.4005955890817441,0.40999419249178587,134,0.009045197587556382,0.00989783459362592,0.7089552238805971,0.025534201637420335,135,0.007356983359823295,0.009439905888503963,0.6592592592592592,0.03889615025781971,0.0016882142277330862,0.4211021225622629,0.6736805117089415
tff_disaggregated,sp500,non_reportable,net_oi_pct_change,4w_post_release,-0.4005955890817441,0.40999419249178587,133,0.015896135255861848,0.01947841920528992,0.7293233082706767,0.04273042757301734,133,0.015452995837132782,0.02051462122567771,0.7293233082706767,0.04705324840296492,0.0004431394187290657,0.08040462379018168,0.9359154495607818
tff_disaggregated,sp500,non_reportable,net_oi_pct_change,13w_post_release,-0.4005955890817441,0.40999419249178587,130,0.04148594101701436,0.04914843737396479,0.8,0.07172818080909851,130,0.044055059076173124,0.04948451256299635,0.7769230769230769,0.0792768716517875,-0.0025691180591587634,-0.2739916266595813,0.7840910564829435
tff_disaggregated,sp500,non_reportable,long_oi_pct_change,1d_post_release,-0.3157357827246843,0.34809290590331354,135,4.8123279751604104e-05,0.0007090417596054,0.5111111111111111,0.014018068903206104,135,0.0020555324779045125,0.0015754139322881056,0.5703703703703704,0.009487599313230307,-0.0020074091981529085,-1.3779222696325286,0.1682272884397986
tff_disaggregated,sp500,non_reportable,long_oi_pct_change,2d_post_release,-0.3157357827246843,0.34809290590331354,135,0.0026817193831009663,0.0017191861170664513,0.5925925925925926,0.013533447529472241,135,0.0015244339700880966,0.0017721054624633137,0.5703703703703704,0.013020561970655525,0.0011572854130128696,0.7159970956622009,0.4739931422672281
tff_disaggregated,sp500,non_reportable,long_oi_pct_change,3d_post_release,-0.3157357827246843,0.34809290590331354,135,0.004162703592270268,0.005145263096868469,0.6074074074074074,0.01873107655366503,135,0.0009063974330457189,0.0009555587694469736,0.5481481481481482,0.017601799121229333,0.003256306159224549,1.4719656153007037,0.14103016307201338
tff_disaggregated,sp500,non_reportable,long_oi_pct_change,1w_post_release,-0.3157357827246843,0.34809290590331354,135,0.005031387609032093,0.005210254865790631,0.6444444444444445,0.02411060168078944,135,0.0018095656229579035,0.001038461144123426,0.5333333333333333,0.023605087054666123,0.0032218219860741895,1.1094247620156588,0.26724698506330236
tff_disaggregated,sp500,non_reportable,long_oi_pct_change,2w_post_release,-0.3157357827246843,0.34809290590331354,134,0.007044502400964547,0.009475299521468972,0.6791044776119403,0.03546829633012404,135,0.007943350634094149,0.008538557795412904,0.6592592592592592,0.032259245314202684,-0.0008988482331296014,-0.2173856779107425,0.8279077917112818
tff_disaggregated,sp500,non_reportable,long_oi_pct_change,4w_post_release,-0.3157357827246843,0.34809290590331354,134,0.01656645706774675,0.019878680182404795,0.746268656716418,0.04679261270168626,133,0.0125583974865515,0.01826110507226475,0.6766917293233082,0.04906130995076702,0.0040080595811952495,0.682993830844015,0.49461074078974887
tff_disaggregated,sp500,non_reportable,long_oi_pct_change,13w_post_release,-0.3157357827246843,0.34809290590331354,132,0.05100496840755916,0.05677086939711129,0.8409090909090909,0.07012951578300218,130,0.036889924022498057,0.04634947145588819,0.7461538461538462,0.07275295320277737,0.014115044385061101,1.598480197300542,0.10993614909745708
tff_disaggregated,sp500,non_reportable,short_oi_pct_change,1d_post_release,-0.3404178340881465,0.37962128987197996,135,0.00018507965083030232,0.0012566610143582846,0.6,0.017492627852757427,134,0.0018423889139239382,0.0009038226804194416,0.5746268656716418,0.009510456028605048,-0.001657309263093636,-0.966299738469773,0.3338942168966814
tff_disaggregated,sp500,non_reportable,short_oi_pct_change,2d_post_release,-0.3404178340881465,0.37962128987197996,135,0.002980366429952685,0.003868154698851267,0.6592592592592592,0.015367427857048857,134,0.001468223962103212,-0.0004411403231703859,0.47761194029850745,0.012398251615864598,0.0015121424678494729,0.8885036347472182,0.3742699015458401
tff_disaggregated,sp500,non_reportable,short_oi_pct_change,3d_post_release,-0.3404178340881465,0.37962128987197996,135,0.004429003944075404,0.0051906736386289065,0.6518518518518519,0.022188064529117396,134,0.00034691787805164265,-0.00031730088980269633,0.4925373134328358,0.017442950050282183,0.0040820860660237615,1.6781078842552768,0.09332603986583995
tff_disaggregated,sp500,non_reportable,short_oi_pct_change,1w_post_release,-0.3404178340881465,0.37962128987197996,135,0.005291624113350773,0.006849917273461292,0.6814814814814815,0.028056586292652272,134,0.002713834641074592,0.002024342332416995,0.5373134328358209,0.020358366417063307,0.0025777894722761813,0.8629185502803125,0.3881822506908682
tff_disaggregated,sp500,non_reportable,short_oi_pct_change,2w_post_release,-0.3404178340881465,0.37962128987197996,135,0.008211389440883298,0.010271525544837568,0.6666666666666666,0.03675849215701927,134,0.009277512106627195,0.008227526247796657,0.7014925373134329,0.025235470011083793,-0.0010661226657438967,-0.27748893775589606,0.7814046988402812
tff_disaggregated,sp500,non_reportable,short_oi_pct_change,4w_post_release,-0.3404178340881465,0.37962128987197996,134,0.016515755728197728,0.018294230451614046,0.746268656716418,0.047395238206720085,133,0.01563963029095647,0.018911894528981232,0.6992481203007519,0.036453600700450735,0.000876125437241259,0.16938077294710824,0.8654971459548859
tff_disaggregated,sp500,non_reportable,short_oi_pct_change,13w_post_release,-0.3404178340881465,0.37962128987197996,133,0.04746531751423368,0.049692168381392676,0.7969924812030075,0.07213771577704937,131,0.035125819217115745,0.04330945147165077,0.7480916030534351,0.07027233765460657,0.012339498297117939,1.4078364092865798,0.15917951646266823
tff_disaggregated,nq,asset_mgr,net_oi_pct_change,1d_post_release,-2.1761735931834134,1.6155567808852775,140,0.0016042059232858723,0.0019877751624198803,0.5714285714285714,0.013929457798279183,140,-0.00037767137313922036,0.0015450796520966037,0.6,0.017164007488288908,0.0019818772964250927,1.060838827325644,0.2887631534933844
tff_disaggregated,nq,asset_mgr,net_oi_pct_change,2d_post_release,-2.1761735931834134,1.6155567808852775,140,0.002496706591784069,0.0033049411203974755,0.6285714285714286,0.016750463927072103,140,0.0037206588491645893,0.00368902919056191,0.6285714285714286,0.018987491429184777,-0.0012239522573805205,-0.5719586521928727,0.5673499870696556
tff_disaggregated,nq,asset_mgr,net_oi_pct_change,3d_post_release,-2.1761735931834134,1.6155567808852775,140,0.003965524916930338,0.004511298092812366,0.6142857142857143,0.01957731565163121,140,0.003944589358790343,0.005403379229696692,0.6428571428571429,0.02373551778127265,2.0935558139994863e-05,0.008051091051261151,0.993576228150876
tff_disaggregated,nq,asset_mgr,net_oi_pct_change,1w_post_release,-2.1761735931834134,1.6155567808852775,140,0.0034594198801212997,0.007234031358013704,0.6285714285714286,0.028846590384795003,140,0.0007860555284990808,0.003368591218871675,0.5571428571428572,0.030524080758761247,0.002673364351622219,0.7531681155829049,0.4513488966401969
tff_disaggregated,nq,asset_mgr,net_oi_pct_change,2w_post_release,-2.1761735931834134,1.6155567808852775,139,0.008551624392289854,0.012727531285551708,0.6546762589928058,0.04200472813585316,140,0.0062186022323737515,0.01111598317115936,0.6214285714285714,0.03495595099127506,0.0023330221599161026,0.5040736349346787,0.614209633336272
tff_disaggregated,nq,asset_mgr,net_oi_pct_change,4w_post_release,-2.1761735931834134,1.6155567808852775,138,0.018358271016329444,0.02741584509580175,0.6811594202898551,0.062202723210656424,139,0.011020280122082383,0.013915925478461544,0.6258992805755396,0.06223330764599833,0.007337990894247061,0.9814506009039813,0.3263705834850875
tff_disaggregated,nq,asset_mgr,net_oi_pct_change,13w_post_release,-2.1761735931834134,1.6155567808852775,137,0.05462212389348244,0.056518014816562046,0.7591240875912408,0.10049462847588513,138,0.048833755871359685,0.05610708491162075,0.7536231884057971,0.09169978407885683,0.005788368022122757,0.4988299496507233,0.6178991866198625
tff_disaggregated,nq,asset_mgr,long_oi_pct_change,1d_post_release,-1.899224421295779,0.9034312159094293,139,0.0003801496861742061,0.0019146159582401623,0.5467625899280576,0.014626141421254742,140,-0.001191105013086157,0.0014223206606165384,0.5571428571428572,0.017422277139359156,0.001571254699260363,0.8160700527967112,0.4144600707879569
tff_disaggregated,nq,asset_mgr,long_oi_pct_change,2d_post_release,-1.899224421295779,0.9034312159094293,139,0.002305871783463686,0.0031610678687845617,0.6187050359712231,0.016717302692083432,140,0.002930824090408254,0.0034837689921840553,0.6214285714285714,0.019204806368694108,-0.0006249523069445681,-0.289969883817623,0.7718392774599971
tff_disaggregated,nq,asset_mgr,long_oi_pct_change,3d_post_release,-1.899224421295779,0.9034312159094293,139,0.0034614814302868545,0.004202775655437474,0.60431654676259,0.019325262709247247,140,0.0035469661494476486,0.004198880832909202,0.6142857142857143,0.024277180653072546,-8.54847191607941e-05,-0.032551327353583195,0.97403238438483
tff_disaggregated,nq,asset_mgr,long_oi_pct_change,1w_post_release,-1.899224421295779,0.9034312159094293,139,0.005739670330987146,0.007583737583737538,0.6330935251798561,0.027830486680043315,140,0.002874099326936293,0.003456010117492081,0.5642857142857143,0.03154019503145495,0.0028655710040508533,0.8048023105348805,0.420933768137723
tff_disaggregated,nq,asset_mgr,long_oi_pct_change,2w_post_release,-1.899224421295779,0.9034312159094293,138,0.00789633083253798,0.01336471039737741,0.6521739130434783,0.042661682799132336,140,0.008182508114145027,0.011773149485840184,0.65,0.0364729951432898,-0.000286177281607047,-0.06007762216863512,0.9520938126859629
tff_disaggregated,nq,asset_mgr,long_oi_pct_change,4w_post_release,-1.899224421295779,0.9034312159094293,137,0.016866870530198082,0.02434258795464972,0.6423357664233577,0.05794389541124153,139,0.01726934820948197,0.02221086103768366,0.6762589928057554,0.05517384515630575,-0.00040247767928388786,-0.059080890478907064,0.9528876792393451
tff_disaggregated,nq,asset_mgr,long_oi_pct_change,13w_post_release,-1.899224421295779,0.9034312159094293,135,0.052799380152218224,0.05477657100911748,0.7851851851851852,0.09858359871395384,137,0.05424763334376683,0.06613948847650541,0.7591240875912408,0.0983504155072787,-0.0014482531915486069,-0.12128089318395978,0.9034685533263446
tff_disaggregated,nq,asset_mgr,short_oi_pct_change,1d_post_release,-1.1354058379831917,0.94371979423275,139,-0.0005417691529790799,0.0006463291207636779,0.5323741007194245,0.018129039693459477,140,0.0016553299954061168,0.002431410568785153,0.6142857142857143,0.013966436209317019,-0.0021970991483851966,-1.1334034197106733,0.2570448786719695
tff_disaggregated,nq,asset_mgr,short_oi_pct_change,2d_post_release,-1.1354058379831917,0.94371979423275,139,0.0018856225389774107,0.0032681496035309454,0.5827338129496403,0.01897109853677265,140,0.0020362840706141566,0.00267623604814482,0.6142857142857143,0.017885855575238387,-0.00015066153163674598,-0.0682414545995412,0.9455934278676246
tff_disaggregated,nq,asset_mgr,short_oi_pct_change,3d_post_release,-1.1354058379831917,0.94371979423275,139,0.0027915178441765068,0.005085100862594061,0.60431654676259,0.024180305600701522,140,0.004707057068171309,0.0038028266259454435,0.6,0.022100580247956792,-0.0019155392239948018,-0.6905272948190949,0.48986265131216666
tff_disaggregated,nq,asset_mgr,short_oi_pct_change,1w_post_release,-1.1354058379831917,0.94371979423275,139,0.0024955807590275833,0.006220821385406472,0.5971223021582733,0.03202078412955765,140,0.0047862301538799425,0.00740322989285247,0.6071428571428571,0.030578043022364918,-0.002290649394852359,-0.6109990976802967,0.5412001776742931
tff_disaggregated,nq,asset_mgr,short_oi_pct_change,2w_post_release,-1.1354058379831917,0.94371979423275,139,0.006106829072426219,0.013557414552144653,0.6330935251798561,0.04038899588441475,140,0.009511074866496333,0.012059984143915625,0.6642857142857143,0.03988598507057083,-0.0034042457940701137,-0.7083073218755529,0.4787544311980084
tff_disaggregated,nq,asset_mgr,short_oi_pct_change,4w_post_release,-1.1354058379831917,0.94371979423275,139,0.011001161409279203,0.01838450005575809,0.6474820143884892,0.06172275583748861,140,0.020657471939830894,0.02833346651666735,0.6857142857142857,0.06217228972515716,-0.00965631053055169,-1.3018453163792822,0.1929692689896358
tff_disaggregated,nq,asset_mgr,short_oi_pct_change,13w_post_release,-1.1354058379831917,0.94371979423275,137,0.04602777035592598,0.05477657100911748,0.7299270072992701,0.09738772230363305,138,0.057542402025381016,0.056453537762673256,0.7971014492753623,0.10219918728403045,-0.011514631669455037,-0.9565184811211477,0.3388103518660511
tff_disaggregated,nq,dealer,net_oi_pct_change,1d_post_release,-2.9817352598315607,3.351375955173961,140,0.0002593275250375774,0.001319110443170013,0.5785714285714286,0.018248150514354213,140,0.0017703137944923143,0.0019051632098606719,0.6142857142857143,0.013807511302648956,-0.001510986269454737,-0.781280792797215,0.4346373643011319
tff_disaggregated,nq,dealer,net_oi_pct_change,2d_post_release,-2.9817352598315607,3.351375955173961,140,0.003980968541416118,0.004545870280656561,0.6071428571428571,0.017472140798523984,140,0.0024272354492035036,0.00304572981310669,0.6,0.017158209240266446,0.0015537330922126146,0.7507247015525147,0.45281835385753727
tff_disaggregated,nq,dealer,net_oi_pct_change,3d_post_release,-2.9817352598315607,3.351375955173961,140,0.00457538549433546,0.007556821520621315,0.6714285714285714,0.023110110233131854,140,0.004857146829261508,0.0035713027948969245,0.5857142857142857,0.022399239916059136,-0.000281761334926048,-0.10358736876640989,0.917496811997481
tff_disaggregated,nq,dealer,net_oi_pct_change,1w_post_release,-2.9817352598315607,3.351375955173961,140,0.003918387495527666,0.0072287055841324666,0.6071428571428571,0.03204825101147467,140,0.0040845933520733185,0.004259716306470374,0.5785714285714286,0.02920844037827686,-0.0001662058565456521,-0.045352957820505704,0.9638259765957256
tff_disaggregated,nq,dealer,net_oi_pct_change,2w_post_release,-2.9817352598315607,3.351375955173961,140,0.006332763780912522,0.01176217309997829,0.6285714285714286,0.0450086758912588,140,0.007307687438711013,0.009768731854286061,0.6428571428571429,0.03797323933962665,-0.000974923657798491,-0.19588937199467518,0.8446967560332118
tff_disaggregated,nq,dealer,net_oi_pct_change,4w_post_release,-2.9817352598315607,3.351375955173961,139,0.01783919868119601,0.02224184277007213,0.6906474820143885,0.05544934306307867,139,0.013469347506387713,0.021620782748855705,0.6330935251798561,0.056970283400990654,0.004369851174808297,0.6480479839941259,0.5169539154976842
tff_disaggregated,nq,dealer,net_oi_pct_change,13w_post_release,-2.9817352598315607,3.351375955173961,136,0.055939714179551694,0.06758312020195456,0.7426470588235294,0.1013105944761122,135,0.04989940381002444,0.05222550447508745,0.7925925925925926,0.08670559780340985,0.006040310369527256,0.5274279181763872,0.5978964603745778
tff_disaggregated,nq,dealer,long_oi_pct_change,1d_post_release,-1.4472042229786282,1.646137447665824,140,0.0001423368141633614,0.0009875640133782948,0.5571428571428572,0.017651107945954952,139,0.0015260751893372922,0.0020187843737793365,0.60431654676259,0.01397971473482247,-0.0013837383751739308,-0.7261314075864616,0.4677582166321181
tff_disaggregated,nq,dealer,long_oi_pct_change,2d_post_release,-1.4472042229786282,1.646137447665824,140,0.0030400065927013624,0.004114861591898555,0.6,0.017895358613645582,139,0.0031320460632797776,0.003424760375972724,0.60431654676259,0.018696576662759704,-9.203947057841513e-05,-0.04200005865763148,0.9664986513577136
tff_disaggregated,nq,dealer,long_oi_pct_change,3d_post_release,-1.4472042229786282,1.646137447665824,140,0.0032473393578314833,0.004925153338936172,0.5928571428571429,0.022629098684992674,139,0.005909402991811152,0.004251719875130622,0.5899280575539568,0.023451672923503007,-0.0026620636339796683,-0.9647194701271598,0.3346853404789132
tff_disaggregated,nq,dealer,long_oi_pct_change,1w_post_release,-1.4472042229786282,1.646137447665824,140,0.0033720361197595527,0.006218798971682871,0.5785714285714286,0.03169218446203346,139,0.003857325768778002,0.004250284871205601,0.5539568345323741,0.03137160209043516,-0.0004852896490184495,-0.12853535402079347,0.8977253217942988
tff_disaggregated,nq,dealer,long_oi_pct_change,2w_post_release,-1.4472042229786282,1.646137447665824,139,0.008752027094558142,0.012134126288094738,0.6402877697841727,0.04345553872284174,139,0.006111347128560745,0.009401371240264966,0.5899280575539568,0.038722778480500125,0.0026406799659973966,0.5348868123287794,0.5927281280113209
tff_disaggregated,nq,dealer,long_oi_pct_change,4w_post_release,-1.4472042229786282,1.646137447665824,139,0.022359677901203086,0.025849758386575994,0.7194244604316546,0.05774444520883658,138,0.011398119847803841,0.01826509129941245,0.5942028985507246,0.06347162804556204,0.010961558053399245,1.503110899983018,0.13281044848795953
tff_disaggregated,nq,dealer,long_oi_pct_change,13w_post_release,-1.4472042229786282,1.646137447665824,136,0.057189217556263,0.0705996899920951,0.7352941176470589,0.10096004527302876,134,0.049137556180113694,0.051515981965602364,0.8059701492537313,0.09758055907727829,0.008051661376149308,0.6663432035865139,0.5051917566456879
tff_disaggregated,nq,dealer,short_oi_pct_change,1d_post_release,-2.100836275872793,1.780564849868695,140,0.002006770886340158,0.0019051632098606719,0.5928571428571429,0.012506471624015851,140,-0.0004559219478357611,0.0013900891205880228,0.55,0.01801966118933807,0.002462692834175919,1.32845714599275,0.18402713166994025
tff_disaggregated,nq,dealer,short_oi_pct_change,2d_post_release,-2.100836275872793,1.780564849868695,140,0.0012822849909876605,0.0019243407787700173,0.5785714285714286,0.015960679031590395,140,0.004257641349591854,0.003716252666134956,0.6214285714285714,0.01821937008257981,-0.0029753563586041934,-1.453446789179344,0.14609974348636035
tff_disaggregated,nq,dealer,short_oi_pct_change,3d_post_release,-2.100836275872793,1.780564849868695,140,0.004414407357742465,0.0028039025308808085,0.5857142857142857,0.021068978075581817,140,0.004823341110297133,0.006113091793589542,0.65,0.022017356005304495,-0.00040893375255466723,-0.15877687462322534,0.8738446690378772
tff_disaggregated,nq,dealer,short_oi_pct_change,1w_post_release,-2.100836275872793,1.780564849868695,140,0.003418528449054784,0.004138832172770668,0.5714285714285714,0.02816298091145824,140,0.005996870401750664,0.007144655347949835,0.6428571428571429,0.02791003954673878,-0.0025783419526958797,-0.7694159085585388,0.44164644750728954
tff_disaggregated,nq,dealer,short_oi_pct_change,2w_post_release,-2.100836275872793,1.780564849868695,139,0.0075846691670234554,0.010136092468307156,0.6402877697841727,0.03697372089146003,140,0.007304437269526505,0.011272151151917265,0.65,0.040471694477453884,0.0002802318974969506,0.06038774338438766,0.9518468202049472
tff_disaggregated,nq,dealer,short_oi_pct_change,4w_post_release,-2.100836275872793,1.780564849868695,138,0.013935455678310256,0.02272296928523776,0.6739130434782609,0.05952530514220148,139,0.019657531260786537,0.02224184277007213,0.697841726618705,0.054297191011889075,-0.005722075582476281,-0.8356665927993796,0.4033424941505333
tff_disaggregated,nq,dealer,short_oi_pct_change,13w_post_release,-2.100836275872793,1.780564849868695,135,0.053546469528485865,0.05324302691873828,0.7851851851851852,0.08988383691269643,135,0.0564858748201873,0.06203212204618036,0.7851851851851852,0.10251805494426776,-0.002939405291701433,-0.2504942096183295,0.8022051820541454
tff_disaggregated,nq,lev_money,net_oi_pct_change,1d_post_release,-2.7278037927439733,2.6228352982810477,140,0.0018390349537097475,0.002118076836710281,0.6142857142857143,0.014015754064870607,140,0.0008659424546110065,0.001347436465217955,0.5714285714285714,0.014337340921577317,0.000973092499098741,0.5742549328177938,0.5657953012244846
tff_disaggregated,nq,lev_money,net_oi_pct_change,2d_post_release,-2.7278037927439733,2.6228352982810477,140,0.003339608659293696,0.003351928978713725,0.6,0.01871209108087016,140,0.002836946211421519,0.0022487320303422598,0.5428571428571428,0.0159868012113606,0.0005026624478721769,0.2416598176699593,0.8090437676387369
tff_disaggregated,nq,lev_money,net_oi_pct_change,3d_post_release,-2.7278037927439733,2.6228352982810477,140,0.005364704068161767,0.0036851041489330827,0.5857142857142857,0.024081951601402342,140,0.0035821564390053715,0.0050932413063921045,0.6142857142857143,0.021211363669575774,0.0017825476291563952,0.6572272650271317,0.5110347967348368
tff_disaggregated,nq,lev_money,net_oi_pct_change,1w_post_release,-2.7278037927439733,2.6228352982810477,140,0.002172061608727113,0.002445789084325134,0.5357142857142857,0.029468350908194624,140,0.006630928360642221,0.007536992718402913,0.6285714285714286,0.027485255521365496,-0.004458866751915109,-1.30923971502676,0.1904531631712954
tff_disaggregated,nq,lev_money,net_oi_pct_change,2w_post_release,-2.7278037927439733,2.6228352982810477,140,0.006439326270898273,0.007168826805550199,0.6,0.03440717040955466,139,0.006964507442558884,0.01196542169549919,0.6402877697841727,0.044220783536611845,-0.0005251811716606106,-0.11065822128467563,0.9118873770247635
tff_disaggregated,nq,lev_money,net_oi_pct_change,4w_post_release,-2.7278037927439733,2.6228352982810477,138,0.01187122785874888,0.0190372742170849,0.5942028985507246,0.05620494883455231,138,0.017333321962772385,0.02194016261197307,0.7028985507246377,0.054919606920253036,-0.005462094104023504,-0.8165346738423195,0.41419440050880985
tff_disaggregated,nq,lev_money,net_oi_pct_change,13w_post_release,-2.7278037927439733,2.6228352982810477,134,0.055012718341630074,0.054629027872241775,0.7835820895522388,0.09104567282404327,134,0.05631477005238675,0.06982441551996343,0.7835820895522388,0.09559908776245565,-0.0013020517107566743,-0.11416963820192831,0.9091033197072566
tff_disaggregated,nq,lev_money,long_oi_pct_change,1d_post_release,-1.6848139241667184,1.4541382758494885,140,0.0004400208464358021,0.0012620728168832862,0.55,0.014367951696911596,139,0.0015415715478258533,0.001333695681071001,0.5827338129496403,0.013063751039114833,-0.0011015507013900513,-0.6700922675253493,0.5027989738347056
tff_disaggregated,nq,lev_money,long_oi_pct_change,2d_post_release,-1.6848139241667184,1.4541382758494885,140,0.000756931093944156,0.0012490372344973188,0.55,0.018552919360458966,139,0.0031113024369870436,0.003267887892222543,0.60431654676259,0.016258261002382993,-0.0023543713430428876,-1.1274991764435047,0.2595314885116456
tff_disaggregated,nq,lev_money,long_oi_pct_change,3d_post_release,-1.6848139241667184,1.4541382758494885,140,0.00286836859509241,0.002078376695000328,0.5642857142857143,0.023136554743117307,139,0.00445838232984789,0.004146041790687782,0.60431654676259,0.01871659610576344,-0.00159001373475548,-0.6312861939172908,0.5278534124206549
tff_disaggregated,nq,lev_money,long_oi_pct_change,1w_post_release,-1.6848139241667184,1.4541382758494885,140,0.002552794956685232,0.003383911594514566,0.5642857142857143,0.03027846895848895,139,0.005914115623525937,0.007903797873793694,0.6115107913669064,0.026666800659103887,-0.0033613206668407047,-0.984188362029046,0.32502290691721814
tff_disaggregated,nq,lev_money,long_oi_pct_change,2w_post_release,-1.6848139241667184,1.4541382758494885,139,0.006046180915386826,0.008308439347704866,0.60431654676259,0.03970277875607821,139,0.00551977594289014,0.011242687127424933,0.6258992805755396,0.041204462030023814,0.0005264049724966859,0.10846264658850424,0.9136287093726753
tff_disaggregated,nq,lev_money,long_oi_pct_change,4w_post_release,-1.6848139241667184,1.4541382758494885,139,0.011659999374008613,0.023825155821619814,0.6258992805755396,0.06676199404832628,138,0.013764323163289037,0.01939078416186335,0.6521739130434783,0.05733174581602606,-0.002104323789280424,-0.28149315416002535,0.7783321780897638
tff_disaggregated,nq,lev_money,long_oi_pct_change,13w_post_release,-1.6848139241667184,1.4541382758494885,135,0.04711912914965496,0.05227096893102767,0.7407407407407407,0.09911223920853454,134,0.0508780642205183,0.05862837263277798,0.746268656716418,0.10312239901301729,-0.003758935070863341,-0.304764976490421,0.7605451579982683
tff_disaggregated,nq,lev_money,short_oi_pct_change,1d_post_release,-2.089688404502809,1.7915209577602642,140,0.0008075901649717332,0.0015440738332627157,0.5428571428571428,0.0159310217908893,140,0.0011885727726706906,0.0017129224659815367,0.5714285714285714,0.013376481196759073,-0.00038098260769895743,-0.21670145008371341,0.8284410178540478
tff_disaggregated,nq,lev_money,short_oi_pct_change,2d_post_release,-2.089688404502809,1.7915209577602642,140,0.0024019915808382052,0.0016120254925637845,0.5642857142857143,0.01837709009860676,140,0.0031103130930980223,0.0035239720253150697,0.6357142857142857,0.017945130219120538,-0.0007083215122598171,-0.3262919430736054,0.7442034834538186
tff_disaggregated,nq,lev_money,short_oi_pct_change,3d_post_release,-2.089688404502809,1.7915209577602642,140,0.004785604063403166,0.0050310009953215,0.5928571428571429,0.02399102137357376,140,0.00403014236759259,0.002106725104957352,0.5642857142857143,0.021183728442320783,0.0007554616958105765,0.2792921671037613,0.7800206169674219
tff_disaggregated,nq,lev_money,short_oi_pct_change,1w_post_release,-2.089688404502809,1.7915209577602642,140,0.0066639520636273646,0.007276314073006551,0.6285714285714286,0.030474164130550603,140,0.0023709403902264343,0.0036807068033892776,0.5357142857142857,0.02754852616967839,0.00429301167340093,1.2364935263889665,0.21627517056324852
tff_disaggregated,nq,lev_money,short_oi_pct_change,2w_post_release,-2.089688404502809,1.7915209577602642,139,0.008543838024206914,0.01316192786718573,0.6330935251798561,0.0447613163564346,140,0.009483420886391428,0.01125644149039029,0.6571428571428571,0.03584473903912239,-0.0009395828621845143,-0.19344417975270004,0.8466111183575328
tff_disaggregated,nq,lev_money,short_oi_pct_change,4w_post_release,-2.089688404502809,1.7915209577602642,138,0.021089212682065258,0.024018847995880943,0.7028985507246377,0.060366862764070085,138,0.02006748945644986,0.024586540826551873,0.6739130434782609,0.057013487700112775,0.0010217232256153966,0.14454905311167807,0.8850669243555654
tff_disaggregated,nq,lev_money,short_oi_pct_change,13w_post_release,-2.089688404502809,1.7915209577602642,135,0.06629155834549703,0.0773318769342799,0.7851851851851852,0.10476096695902347,136,0.06061206722838037,0.058698024899964896,0.7720588235294118,0.08997704936786989,0.005679491117116665,0.4785987172636572,0.6322241310683641
tff_disaggregated,nq,other_reportable,net_oi_pct_change,1d_post_release,-0.7949781229726058,0.8919200364245834,140,0.0008314057124713194,0.0016783034053053925,0.6,0.012883210523727328,139,0.0009611486860471955,0.0013611772493649088,0.5323741007194245,0.01649061165025665,-0.00012974297357587613,-0.07319540567148165,0.9416506223261926
tff_disaggregated,nq,other_reportable,net_oi_pct_change,2d_post_release,-0.7949781229726058,0.8919200364245834,140,0.001218756476336721,0.0016187069956068445,0.5714285714285714,0.016775611232187286,139,0.0024248641622557666,0.003341994348572408,0.5539568345323741,0.017492881192202804,-0.0012061076859190456,-0.5877095146601278,0.5567272880644101
tff_disaggregated,nq,other_reportable,net_oi_pct_change,3d_post_release,-0.7949781229726058,0.8919200364245834,140,0.004082560052542781,0.004174408723062628,0.5928571428571429,0.021645996458222648,139,0.0022435924665324854,0.002750401100160449,0.539568345323741,0.02199926011544115,0.0018389675860102954,0.7037355850545266,0.48159745511516516
tff_disaggregated,nq,other_reportable,net_oi_pct_change,1w_post_release,-0.7949781229726058,0.8919200364245834,140,0.005692325559348821,0.004441293228582555,0.5785714285714286,0.027703436100024834,139,0.0035397884732490475,0.005646312865994929,0.6115107913669064,0.030829412299202764,0.002152537086099774,0.613266104962091,0.539700401415377
tff_disaggregated,nq,other_reportable,net_oi_pct_change,2w_post_release,-0.7949781229726058,0.8919200364245834,139,0.012810311342675405,0.013799755312273287,0.6906474820143885,0.038004597114870906,139,0.007476263887854522,0.013416377344516617,0.6330935251798561,0.043220254653787975,0.005334047454820883,1.0926896584997354,0.27453008185371786
tff_disaggregated,nq,other_reportable,net_oi_pct_change,4w_post_release,-0.7949781229726058,0.8919200364245834,139,0.021864488230544873,0.01838450005575809,0.6690647482014388,0.050812477486376496,138,0.01638713700741505,0.02600703606639021,0.6666666666666666,0.056568836282682146,0.005477351223129822,0.84756306822633,0.396681349498405
tff_disaggregated,nq,other_reportable,net_oi_pct_change,13w_post_release,-0.7949781229726058,0.8919200364245834,136,0.061035938138685825,0.06262900153747175,0.7794117647058824,0.09169676674786091,137,0.052213096829590896,0.06613948847650541,0.7664233576642335,0.09844509624495563,0.008822841309094928,0.7662882740744325,0.44350479384394803
tff_disaggregated,nq,other_reportable,long_oi_pct_change,1d_post_release,-0.4460238490274854,0.4293744774277488,140,0.0014993041493823712,0.0016924611719074667,0.5857142857142857,0.014436354223161458,139,0.002211190070604273,0.0016986548839563742,0.6258992805755396,0.011751114389446132,-0.0007118859212219017,-0.4518590460952017,0.651370529407629
tff_disaggregated,nq,other_reportable,long_oi_pct_change,2d_post_release,-0.4460238490274854,0.4293744774277488,140,0.0016769473760040257,0.0015838797442980779,0.5571428571428572,0.01921739318672856,139,0.0032796656077052995,0.0032681496035309454,0.5899280575539568,0.01701108149262268,-0.0016027182317012738,-0.7377293150517203,0.460678954318796
tff_disaggregated,nq,other_reportable,long_oi_pct_change,3d_post_release,-0.4460238490274854,0.4293744774277488,140,0.005107763795634864,0.004174408723062628,0.5857142857142857,0.023564380371146307,139,0.0036280554170078825,0.004251719875130622,0.5899280575539568,0.020306774658698446,0.0014797083786269815,0.5619754878711761,0.5741327199925312
tff_disaggregated,nq,other_reportable,long_oi_pct_change,1w_post_release,-0.4460238490274854,0.4293744774277488,140,0.007083170331403355,0.006320239498180946,0.6214285714285714,0.029389833220762312,139,0.00598542942607112,0.007919330042883699,0.5899280575539568,0.02945049906713811,0.0010977409053322352,0.31161776424771276,0.7553310321205378
tff_disaggregated,nq,other_reportable,long_oi_pct_change,2w_post_release,-0.4460238490274854,0.4293744774277488,139,0.011981301894903897,0.013591168919529828,0.6618705035971223,0.04032281099515099,139,0.01023319100898369,0.011344682530775474,0.6618705035971223,0.03836797952740759,0.0017481108859202076,0.37028276841368774,0.711171811628399
tff_disaggregated,nq,other_reportable,long_oi_pct_change,4w_post_release,-0.4460238490274854,0.4293744774277488,138,0.019004200632873374,0.015731274569399045,0.6521739130434783,0.05738088918554887,137,0.016324954330107926,0.024532189724473685,0.635036496350365,0.05849239744084348,0.002679246302765448,0.3834049038235139,0.7014195679109706
tff_disaggregated,nq,other_reportable,long_oi_pct_change,13w_post_release,-0.4460238490274854,0.4293744774277488,133,0.054000700252661696,0.057345264727815204,0.7368421052631579,0.10581185432120359,135,0.05176999125306228,0.05581415341190965,0.762962962962963,0.09840382426459926,0.002230708999599415,0.17865130747805594,0.8582115049600205
tff_disaggregated,nq,other_reportable,short_oi_pct_change,1d_post_release,-0.555879385093428,0.5587404480039835,140,0.001547517143629145,0.001899030024194559,0.5428571428571428,0.01652001001014716,140,0.0007566683295676938,0.0015367844318586732,0.5928571428571429,0.012539763157727415,0.0007908488140614512,0.4511742403374304,0.6518639738259431
tff_disaggregated,nq,other_reportable,short_oi_pct_change,2d_post_release,-0.555879385093428,0.5587404480039835,140,0.0034634607804247654,0.005360706411226324,0.6214285714285714,0.019631612838344418,140,0.0017989251899867156,0.0017494611115779213,0.5714285714285714,0.01796541629624703,0.0016645355904380498,0.7401035876849107,0.4592371419516333
tff_disaggregated,nq,other_reportable,short_oi_pct_change,3d_post_release,-0.555879385093428,0.5587404480039835,140,0.002677309780998672,0.0026053787569900733,0.5357142857142857,0.023174505911242895,140,0.002909655971824869,0.0029247685758326813,0.5785714285714286,0.020544213739129336,-0.00023234619082619689,-0.08876924950235401,0.9292652965274825
tff_disaggregated,nq,other_reportable,short_oi_pct_change,1w_post_release,-0.555879385093428,0.5587404480039835,140,0.0027802753879644323,0.005553297291688075,0.5928571428571429,0.03184582909223889,140,0.006097017116542621,0.004899240837251351,0.5857142857142857,0.02867687556603768,-0.0033167417285781885,-0.9157519218479823,0.3597970254438041
tff_disaggregated,nq,other_reportable,short_oi_pct_change,2w_post_release,-0.555879385093428,0.5587404480039835,139,0.010182385952421354,0.01781451888561536,0.6618705035971223,0.04331633264426131,140,0.008644747878361362,0.010896222034177172,0.65,0.03844633678189963,0.0015376380740599917,0.3134996032054138,0.7539011221043269
tff_disaggregated,nq,other_reportable,short_oi_pct_change,4w_post_release,-0.555879385093428,0.5587404480039835,139,0.025039001465027036,0.033815936771087296,0.7553956834532374,0.056240034457626195,139,0.014208232769045639,0.015877591142824832,0.6474820143884892,0.05958633674467825,0.010830768695981397,1.5584506620450345,0.1191264550268217
tff_disaggregated,nq,other_reportable,short_oi_pct_change,13w_post_release,-0.555879385093428,0.5587404480039835,137,0.063505843272952,0.07548038286321379,0.7883211678832117,0.102685956360669,138,0.05424237066829687,0.06064165962943224,0.7898550724637681,0.09390802580747966,0.009263472604655133,0.7804844156339593,0.4351057971283855
tff_disaggregated,nq,non_reportable,net_oi_pct_change,1d_post_release,-0.9388337922690242,0.9967749874534677,139,-0.00029587607152430794,0.0009370167266748997,0.5323741007194245,0.017331874802801593,140,0.000689316299797939,0.001766364557306166,0.5928571428571429,0.015150154609551785,-0.000985192371322247,-0.5053539942902521,0.6133102254495459
tff_disaggregated,nq,non_reportable,net_oi_pct_change,2d_post_release,-0.9388337922690242,0.9967749874534677,139,0.001005595664591071,0.0017206728039651509,0.5539568345323741,0.017126059414365836,140,0.0036904989345876746,0.004569127909310078,0.6285714285714286,0.018305648842558576,-0.002684903269996604,-1.26516478066897,0.20581226471796094
tff_disaggregated,nq,non_reportable,net_oi_pct_change,3d_post_release,-0.9388337922690242,0.9967749874534677,139,0.0039682780376003425,0.004146041790687782,0.60431654676259,0.021651762076400623,140,0.003954789945817672,0.004237111014467776,0.5714285714285714,0.022363665705762523,1.3488091782670741e-05,0.0051181530813807176,0.995916322505538
tff_disaggregated,nq,non_reportable,net_oi_pct_change,1w_post_release,-0.9388337922690242,0.9967749874534677,139,0.0019727704522669357,0.0025034711365714557,0.5467625899280576,0.029173079974001044,140,0.004531024458913133,0.004080088754836453,0.5714285714285714,0.02999298666055742,-0.0025582540066461973,-0.7221878015750793,0.4701790220661462
tff_disaggregated,nq,non_reportable,net_oi_pct_change,2w_post_release,-0.9388337922690242,0.9967749874534677,139,0.003472984127341497,0.008680642486492918,0.5899280575539568,0.03965074713941629,140,0.009618083008712494,0.01407437005692136,0.65,0.04426923472160622,-0.006145098881370997,-1.2214945474506096,0.2218988288253563
tff_disaggregated,nq,non_reportable,net_oi_pct_change,4w_post_release,-0.9388337922690242,0.9967749874534677,139,0.00947622895084627,0.017162653754364543,0.60431654676259,0.05770432515125755,138,0.020524099280334576,0.024277564062395895,0.6739130434782609,0.06169572785273578,-0.011047870329488306,-1.5389206704310596,0.12382366420423119
tff_disaggregated,nq,non_reportable,net_oi_pct_change,13w_post_release,-0.9388337922690242,0.9967749874534677,136,0.04250054248151634,0.0532278096716956,0.7426470588235294,0.0882853235088618,135,0.061279330426843234,0.07110796436244526,0.725925925925926,0.1096145417632096,-0.01877878794532689,-1.5524771604399903,0.12054809349485433
tff_disaggregated,nq,non_reportable,long_oi_pct_change,1d_post_release,-0.6762514638474575,0.6590758781877364,139,0.0007101445526937889,0.0014464825601050446,0.5539568345323741,0.014024530627966538,140,0.0013599310233867773,0.0027160684721481143,0.6428571428571429,0.01539445594331127,-0.0006497864706929885,-0.3685906020095008,0.7124329016154767
tff_disaggregated,nq,non_reportable,long_oi_pct_change,2d_post_release,-0.6762514638474575,0.6590758781877364,139,0.003044791293289792,0.003341994348572408,0.60431654676259,0.017486020112739895,140,0.0034315588761546665,0.004201332068524466,0.6285714285714286,0.017536551499220787,-0.0003867675828648745,-0.18446039750981508,0.8536522922313023
tff_disaggregated,nq,non_reportable,long_oi_pct_change,3d_post_release,-0.6762514638474575,0.6590758781877364,139,0.006055882309556944,0.004908175681664906,0.6115107913669064,0.020746816229707133,140,0.004223700963090938,0.004227247765284048,0.5642857142857143,0.024049981814490494,0.0018321813464660056,0.681486933536815,0.49556343185438284
tff_disaggregated,nq,non_reportable,long_oi_pct_change,1w_post_release,-0.6762514638474575,0.6590758781877364,139,0.005346921603416501,0.0042691477417351464,0.60431654676259,0.02856667733266115,140,0.00376497423130856,0.0015967051634693252,0.5214285714285715,0.029422930573684742,0.001581947372107941,0.45563472313728204,0.6486526694957254
tff_disaggregated,nq,non_reportable,long_oi_pct_change,2w_post_release,-0.6762514638474575,0.6590758781877364,139,0.007074877854730385,0.009999190830683569,0.6115107913669064,0.038275307439688704,140,0.007458378107806229,0.011857501782137958,0.6214285714285714,0.04366080988022383,-0.0003835002530758443,-0.07802888285132006,0.9378050778356154
tff_disaggregated,nq,non_reportable,long_oi_pct_change,4w_post_release,-0.6762514638474575,0.6590758781877364,139,0.016023530249084133,0.02240153634745856,0.6330935251798561,0.055315037419571805,139,0.02385792511310664,0.02148434792653342,0.6906474820143885,0.055543857162796,-0.007834394864022508,-1.178301378780681,0.2386764783296958
tff_disaggregated,nq,non_reportable,long_oi_pct_change,13w_post_release,-0.6762514638474575,0.6590758781877364,137,0.04719485875701737,0.05080645945611728,0.7737226277372263,0.09214498650118713,137,0.0548798601204146,0.054968267371990676,0.7372262773722628,0.10038954546566019,-0.007685001363397226,-0.6601046441675578,0.5091866786104192
tff_disaggregated,nq,non_reportable,short_oi_pct_change,1d_post_release,-0.7081954227908636,0.7032141958958582,140,5.2126261526903265e-05,-0.00036221277453168943,0.4857142857142857,0.015128287566689614,140,0.000794538307208734,0.0019189202598165478,0.6214285714285714,0.01727571369383461,-0.0007424120456818307,-0.38253732195707685,0.7020628511103957
tff_disaggregated,nq,non_reportable,short_oi_pct_change,2d_post_release,-0.7081954227908636,0.7032141958958582,140,0.0034934949504871835,0.003620080783842461,0.6357142857142857,0.019305491018636097,140,0.0016361262632873202,0.0022132641595461466,0.5857142857142857,0.016621689403177715,0.0018573686871998633,0.8626718572033515,0.38831790988639986
tff_disaggregated,nq,non_reportable,short_oi_pct_change,3d_post_release,-0.7081954227908636,0.7032141958958582,140,0.005824902071412344,0.0066428061254082404,0.6142857142857143,0.02219429674135652,140,0.0032851796901439403,0.0037453442090639166,0.5857142857142857,0.022388313677298117,0.0025397223812684035,0.9532255083530724,0.34047582471761917
tff_disaggregated,nq,non_reportable,short_oi_pct_change,1w_post_release,-0.7081954227908636,0.7032141958958582,140,0.007929635045067614,0.00890269473107086,0.6642857142857143,0.029925604474085894,140,0.0025957420500926864,0.004359436885132073,0.5428571428571428,0.03125357945102833,0.005333892994974927,1.4585366517940117,0.14469268020931153
tff_disaggregated,nq,non_reportable,short_oi_pct_change,2w_post_release,-0.7081954227908636,0.7032141958958582,140,0.015034223445003193,0.015710061200373326,0.7071428571428572,0.03926933941739548,140,0.006467847717452998,0.011773149485840184,0.6357142857142857,0.04152616519298161,0.008566375727550195,1.7734525723853833,0.07615374417137699
tff_disaggregated,nq,non_reportable,short_oi_pct_change,4w_post_release,-0.7081954227908636,0.7032141958958582,138,0.018168611300062334,0.024277564062395895,0.6594202898550725,0.06447057826513483,139,0.01500720510925722,0.02281602012219275,0.6690647482014388,0.06225695521178745,0.0031614061908051133,0.41510001604266883,0.6780686877082223
tff_disaggregated,nq,non_reportable,short_oi_pct_change,13w_post_release,-0.7081954227908636,0.7032141958958582,137,0.05788626118752375,0.061651307261303634,0.7372262773722628,0.10792757958277445,137,0.051672094984944975,0.05449284341404015,0.7445255474452555,0.09569114627696647,0.006214166202578773,0.5042636232251566,0.6140761364592922
legacy,sp500,noncommercial,net_oi_pct_change,1d_post_release,-0.7967644137267154,0.8519234031947048,135,0.0015830982356519533,0.0016623225124401397,0.6370370370370371,0.0109621657911731,135,-0.0016229357420675023,-1.8698928551330596e-05,0.4888888888888889,0.011369581378078157,0.0032060339777194554,2.3586040403869464,0.018343816955315145
legacy,sp500,noncommercial,net_oi_pct_change,2d_post_release,-0.7967644137267154,0.8519234031947048,135,0.0038874840946483183,0.003574870326804813,0.6074074074074074,0.014170043039985987,135,-0.00046031708385760463,0.00028048392827106916,0.5185185185185185,0.01280580135936701,0.004347801178505923,2.644976656424197,0.008169655280663697
legacy,sp500,noncommercial,net_oi_pct_change,3d_post_release,-0.7967644137267154,0.8519234031947048,135,0.005212996262283704,0.004311324778169201,0.6222222222222222,0.01922889176476872,135,-0.00022399908509886853,0.0010223822539225935,0.5407407407407407,0.016180412071879466,0.005436995347382573,2.5137374091536837,0.01194593437420563
legacy,sp500,noncommercial,net_oi_pct_change,1w_post_release,-0.7967644137267154,0.8519234031947048,135,0.004389045623894765,0.0026047833293867395,0.5481481481481482,0.025025057262106774,135,0.0015998512576169146,0.0038350101735600273,0.5925925925925926,0.023095067306983387,0.0027891943662778505,0.9516667353472529,0.3412660247243329
legacy,sp500,noncommercial,net_oi_pct_change,2w_post_release,-0.7967644137267154,0.8519234031947048,135,0.008777315487366384,0.00933023632821861,0.6444444444444445,0.028618044325371964,134,0.002139502397158267,0.006332409798983529,0.6343283582089553,0.03539117871293284,0.006637813090208117,1.6907090558400713,0.09089238387828098
legacy,sp500,noncommercial,net_oi_pct_change,4w_post_release,-0.7967644137267154,0.8519234031947048,135,0.016503321726668026,0.018911894528981232,0.7111111111111111,0.0473942126168247,134,0.009733965159534959,0.014827385612573463,0.6268656716417911,0.04081285164975263,0.006769356567133067,1.2555426569407735,0.2092818329985312
legacy,sp500,noncommercial,net_oi_pct_change,13w_post_release,-0.7967644137267154,0.8519234031947048,133,0.043512415978065114,0.04846650870231328,0.7518796992481203,0.07274056491229726,132,0.03067139427486273,0.04378316215807476,0.7196969696969697,0.07084221550010406,0.012841021703202383,1.4557968528955327,0.1454487860207491
legacy,sp500,noncommercial,long_oi_pct_change,1d_post_release,-0.6143873662561279,0.4772266490759404,135,0.0017687044818166537,0.0011706865481149187,0.5925925925925926,0.010520486631453179,135,-0.0008260274284045303,0.00017585947169163063,0.5111111111111111,0.01570233607274224,0.002594731910221184,1.5950595701138297,0.11069891530582432
legacy,sp500,noncommercial,long_oi_pct_change,2d_post_release,-0.6143873662561279,0.4772266490759404,135,0.0032517466115819225,0.0032641168443181545,0.6,0.013290220868518159,135,0.0010587172597939128,0.0009893460220886663,0.562962962962963,0.014232821061218863,0.0021930293517880097,1.3085048938118404,0.1907021157753983
legacy,sp500,noncommercial,long_oi_pct_change,3d_post_release,-0.6143873662561279,0.4772266490759404,135,0.0043422950708387215,0.004079620266625339,0.6222222222222222,0.018380924308104136,135,0.00018006689872970065,0.0010110350779852784,0.5333333333333333,0.020137778256904965,0.004162228172109021,1.773719137818646,0.0761096192381202
legacy,sp500,noncommercial,long_oi_pct_change,1w_post_release,-0.6143873662561279,0.4772266490759404,135,0.00672461364319251,0.0047690675248655,0.6296296296296297,0.022206798234919712,135,0.0018808399762953064,0.005456905544357182,0.6074074074074074,0.0266006251667571,0.004843773666897203,1.6241536575812845,0.10434301858525973
legacy,sp500,noncommercial,long_oi_pct_change,2w_post_release,-0.6143873662561279,0.4772266490759404,134,0.010418826474060727,0.010322130915265126,0.6567164179104478,0.02925910601164848,135,0.003488633267365388,0.009439905888503963,0.7037037037037037,0.03792484046045108,0.006930193206695339,1.678707027160425,0.0932091557450539
legacy,sp500,noncommercial,long_oi_pct_change,4w_post_release,-0.6143873662561279,0.4772266490759404,134,0.018636551162348757,0.019220563565711224,0.746268656716418,0.04229528039705926,134,0.009606632732603742,0.015820542877853727,0.6492537313432836,0.0470000080623362,0.009029918429745015,1.6531822152677604,0.09829378488164235
legacy,sp500,noncommercial,long_oi_pct_change,13w_post_release,-0.6143873662561279,0.4772266490759404,133,0.043478975316102605,0.04605992605321174,0.7969924812030075,0.06714062152275431,133,0.03613597369592926,0.04268982864329507,0.7218045112781954,0.07487636915867324,0.007343001620173345,0.8420362822639545,0.3997676449342361
legacy,sp500,noncommercial,short_oi_pct_change,1d_post_release,-0.6997723768765507,0.7122446334481558,135,-0.0007185426817026583,0.00024883499977379486,0.5037037037037037,0.009710486049123185,135,0.00033279766616290416,0.0018000686154020507,0.6296296296296297,0.01702516430183157,-0.0010513403478655623,-0.6232466225842415,0.5331224683470716
legacy,sp500,noncommercial,short_oi_pct_change,2d_post_release,-0.6997723768765507,0.7122446334481558,135,-0.0007167668885998406,3.955267642652416e-05,0.5037037037037037,0.012821215704414786,135,0.003119148104774735,0.0028348883934714575,0.6074074074074074,0.015220835861956985,-0.0038359149933745755,-2.2395294791394043,0.025121485438152194
legacy,sp500,noncommercial,short_oi_pct_change,3d_post_release,-0.6997723768765507,0.7122446334481558,135,0.0005966156831219778,0.0016638638059633948,0.5851851851851851,0.013848169794213928,135,0.0030737693541792502,0.003168610002467487,0.5925925925925926,0.021939314849517156,-0.0024771536710572724,-1.10937484587772,0.2672685090729734
legacy,sp500,noncommercial,short_oi_pct_change,1w_post_release,-0.6997723768765507,0.7122446334481558,135,0.003799150857629557,0.0036074948732411904,0.6,0.02050385745015468,135,0.0009932280492031078,0.0028141011506797042,0.5555555555555556,0.028483640545927686,0.0028059228084264492,0.9289354957369989,0.3529225161882147
legacy,sp500,noncommercial,short_oi_pct_change,2w_post_release,-0.6997723768765507,0.7122446334481558,134,0.007388601554229806,0.007549729959839158,0.6417910447761194,0.02796575537449858,135,0.004877457501744951,0.007717170140868701,0.6296296296296297,0.03759842880768469,0.002511144052484855,0.6218320092508112,0.5340523362223846
legacy,sp500,noncommercial,short_oi_pct_change,4w_post_release,-0.6997723768765507,0.7122446334481558,134,0.015333608724113892,0.019874207200779037,0.6940298507462687,0.03702537967993286,134,0.015153918297664352,0.018596624437321574,0.7164179104477612,0.04834418049035814,0.00017969042644954032,0.034159005606945576,0.9727503562353117
legacy,sp500,noncommercial,short_oi_pct_change,13w_post_release,-0.6997723768765507,0.7122446334481558,131,0.03847288532480167,0.04672659054315553,0.7786259541984732,0.07036916488421224,132,0.04103096284856509,0.044567411007301994,0.7575757575757576,0.07593561216912481,-0.0025580775237634204,-0.2833861149108893,0.7768808710247117
legacy,sp500,commercial,net_oi_pct_change,1d_post_release,-0.9688131878498649,0.9823772302267327,135,-0.000973232955393707,0.0006877403907383783,0.5259259259259259,0.016498928148749235,135,0.0013247994595722186,0.0012323658633259793,0.6148148148148148,0.01167802858721963,-0.0022980324149659255,-1.3209264794449231,0.18652587962499512
legacy,sp500,commercial,net_oi_pct_change,2d_post_release,-0.9688131878498649,0.9823772302267327,135,0.0005321768883215574,0.001405198474790037,0.562962962962963,0.014934380498088085,135,0.0033353657114606893,0.0029673915024697184,0.5925925925925926,0.014352603658569623,-0.002803188823139132,-1.5724393810861803,0.11584868723627695
legacy,sp500,commercial,net_oi_pct_change,3d_post_release,-0.9688131878498649,0.9823772302267327,135,0.0006829962577166212,0.0014917819974038515,0.5851851851851851,0.02049108239334089,135,0.00462607419846467,0.0037623406088498346,0.5851851851851851,0.018988686553171652,-0.003943077940748049,-1.6399416759169285,0.10101729439931603
legacy,sp500,commercial,net_oi_pct_change,1w_post_release,-0.9688131878498649,0.9823772302267327,135,0.001326092716014036,0.004747088753854323,0.5851851851851851,0.02834509357444459,135,0.003131460270800967,0.0022481034894399343,0.5481481481481482,0.023930080041580766,-0.0018053675547869312,-0.5654687578104455,0.5717549686488357
legacy,sp500,commercial,net_oi_pct_change,2w_post_release,-0.9688131878498649,0.9823772302267327,135,0.002655817561100826,0.007404252023389901,0.6370370370370371,0.03934631744775971,135,0.006874864402453102,0.005842771510903733,0.6148148148148148,0.028585980329348094,-0.004219046841352276,-1.0079498965857085,0.3134785159855427
legacy,sp500,commercial,net_oi_pct_change,4w_post_release,-0.9688131878498649,0.9823772302267327,133,0.011320485204300712,0.018611443660476956,0.6390977443609023,0.04478460426673866,135,0.013921390493932099,0.015275268465714475,0.7111111111111111,0.04854062174230159,-0.002600905289631387,-0.4559945070920779,0.6483939281526926
legacy,sp500,commercial,net_oi_pct_change,13w_post_release,-0.9688131878498649,0.9823772302267327,130,0.036658765595619966,0.04378316215807476,0.7076923076923077,0.07204098740555137,133,0.036426211691271,0.040338160544412416,0.7293233082706767,0.07242359614999516,0.00023255390434896717,0.02610498576944404,0.979173600350184
legacy,sp500,commercial,long_oi_pct_change,1d_post_release,-0.6878499163255363,0.5592876675078742,134,-0.00011851751194629919,0.0004951134983074423,0.5522388059701493,0.013710389774061792,135,0.0017545433423864284,0.0011626229102676966,0.5925925925925926,0.01307517097740588,-0.0018730608543327276,-1.1464732664194586,0.251599382563978
legacy,sp500,commercial,long_oi_pct_change,2d_post_release,-0.6878499163255363,0.5592876675078742,134,0.00013520831469356913,0.0009071308612885742,0.5373134328358209,0.012735086514526357,135,0.0043818045253585505,0.0034126686400508532,0.6074074074074074,0.0148841212957125,-0.004246596210664981,-2.514878907279497,0.011907327397525248
legacy,sp500,commercial,long_oi_pct_change,3d_post_release,-0.6878499163255363,0.5592876675078742,134,6.451445267424776e-05,0.001304192663632242,0.5522388059701493,0.017825607510471825,135,0.007394971788122792,0.005302440716743684,0.6370370370370371,0.02024671003689968,-0.007330457335448544,-3.152251125331449,0.0016201686834554083
legacy,sp500,commercial,long_oi_pct_change,1w_post_release,-0.6878499163255363,0.5592876675078742,134,0.0007089310396962319,0.0023846966306905193,0.5522388059701493,0.02528852248036583,135,0.00957454463877682,0.00643634670931692,0.6962962962962963,0.023357604830971452,-0.008865613599080589,-2.986261508339535,0.002824110254874244
legacy,sp500,commercial,long_oi_pct_change,2w_post_release,-0.6878499163255363,0.5592876675078742,134,0.004934901866307559,0.006618855888807174,0.6343283582089553,0.029366040455865654,134,0.010223683162187507,0.010163496693174512,0.664179104477612,0.031115625491437822,-0.005288781295879948,-1.430927489188912,0.15245099772558213
legacy,sp500,commercial,long_oi_pct_change,4w_post_release,-0.6878499163255363,0.5592876675078742,133,0.014540225599184695,0.01982035035937013,0.6842105263157895,0.03847969429664747,134,0.017531817915407238,0.019220563565711224,0.7388059701492538,0.05059631531680383,-0.0029915923162225425,-0.5440395016188582,0.586414290397367
legacy,sp500,commercial,long_oi_pct_change,13w_post_release,-0.6878499163255363,0.5592876675078742,130,0.03766369314581342,0.04555993458512686,0.7538461538461538,0.07205770240467334,132,0.04488878772624738,0.04976126721350449,0.7803030303030303,0.07612542379142828,-0.007225094580433959,-0.7890602471505942,0.43007679478888783
legacy,sp500,commercial,short_oi_pct_change,1d_post_release,-0.794460343290261,0.7857384983592084,135,0.001999504095022745,0.0017507647356032052,0.6296296296296297,0.009546695853823553,135,-0.0014538936541306242,0.000876077054501545,0.5333333333333333,0.016288350902577832,0.003453397749153369,2.125270980905491,0.03356400822534747
legacy,sp500,commercial,short_oi_pct_change,2d_post_release,-0.794460343290261,0.7857384983592084,135,0.0025978119772353337,0.0017585173130429954,0.5703703703703704,0.012842111310646892,135,0.0006504131324879456,0.0027235097064719493,0.5851851851851851,0.014873551353417837,0.001947398844747388,1.1514579246656849,0.2495438954597643
legacy,sp500,commercial,short_oi_pct_change,3d_post_release,-0.794460343290261,0.7857384983592084,135,0.0027662397365624046,0.0034563484756819918,0.5777777777777777,0.01628374610518972,135,0.0005268932438896285,0.0016615072003320908,0.562962962962963,0.019777082965503904,0.002239346492672776,1.0156385188299317,0.309801555146976
legacy,sp500,commercial,short_oi_pct_change,1w_post_release,-0.794460343290261,0.7857384983592084,135,0.0027000960590963263,0.004264814133235095,0.5703703703703704,0.020843892203833772,135,0.0026440404079456424,0.005779077786919329,0.6222222222222222,0.02695656743660428,5.605565115068389e-05,0.019113794650937908,0.9847503269006548
legacy,sp500,commercial,short_oi_pct_change,2w_post_release,-0.794460343290261,0.7857384983592084,135,0.008404536921243287,0.007249901170382156,0.6370370370370371,0.02652568805025269,134,0.004315146839831431,0.007808847006126385,0.6492537313432836,0.035934933090807517,0.0040893900814118565,1.0612433926849787,0.2885793039298609
legacy,sp500,commercial,short_oi_pct_change,4w_post_release,-0.794460343290261,0.7857384983592084,135,0.015202972900436738,0.016115974363903662,0.725925925925926,0.038951571245108854,133,0.012645598212881137,0.016586218015043785,0.6842105263157895,0.038788705361378246,0.0025573746875556004,0.5385294040454385,0.5902116107778059
legacy,sp500,commercial,short_oi_pct_change,13w_post_release,-0.794460343290261,0.7857384983592084,133,0.030148819854275956,0.038011951171786906,0.6992481203007519,0.07333560594682895,131,0.03791920500659345,0.04767542527495916,0.7862595419847328,0.07016095714545283,-0.007770385152317497,-0.8797455034136492,0.37899719290370626
legacy,sp500,total_reportable,net_oi_pct_change,1d_post_release,-0.40999419249178587,0.4005955890817441,135,-3.895586446764909e-05,0.0009164157208665369,0.5703703703703704,0.01681978406948356,135,0.0004450549253711598,0.0006406996295162948,0.5259259259259259,0.010745341419246733,-0.0004840107898388089,-0.2817604150367631,0.778127225830674
legacy,sp500,total_reportable,net_oi_pct_change,2d_post_release,-0.40999419249178587,0.4005955890817441,135,0.0025636265664921807,0.0029414809499841432,0.6148148148148148,0.01625068380710929,135,0.0021253810398268514,0.0015946406921070189,0.5777777777777777,0.013113493311679332,0.00043824552666532927,0.2438467726126814,0.8073494941684812
legacy,sp500,total_reportable,net_oi_pct_change,3d_post_release,-0.40999419249178587,0.4005955890817441,135,0.003473641496331932,0.004311324778169201,0.6148148148148148,0.02290009146094225,135,0.0032541075734389678,0.0025272041548163315,0.5407407407407407,0.017862102414796487,0.00021953392289296436,0.08782820103993952,0.9300132231818684
legacy,sp500,total_reportable,net_oi_pct_change,1w_post_release,-0.40999419249178587,0.4005955890817441,135,0.00364486125531371,0.0036248137320111784,0.5777777777777777,0.029286503630358823,135,0.005591080755615539,0.004647193423121809,0.6148148148148148,0.02026538942341904,-0.001946219500301829,-0.6349406076831354,0.5254671514040015
legacy,sp500,total_reportable,net_oi_pct_change,2w_post_release,-0.40999419249178587,0.4005955890817441,135,0.007356983359823295,0.009439905888503963,0.6592592592592592,0.03889615025781971,134,0.009045197587556382,0.00989783459362592,0.7089552238805971,0.025534201637420335,-0.0016882142277330862,-0.4211021225622629,0.6736805117089415
legacy,sp500,total_reportable,net_oi_pct_change,4w_post_release,-0.40999419249178587,0.4005955890817441,133,0.015452995837132782,0.02051462122567771,0.7293233082706767,0.04705324840296492,133,0.015896135255861848,0.01947841920528992,0.7293233082706767,0.04273042757301734,-0.0004431394187290657,-0.08040462379018168,0.9359154495607818
legacy,sp500,total_reportable,net_oi_pct_change,13w_post_release,-0.40999419249178587,0.4005955890817441,130,0.044055059076173124,0.04948451256299635,0.7769230769230769,0.0792768716517875,130,0.04148594101701436,0.04914843737396479,0.8,0.07172818080909851,0.0025691180591587634,0.2739916266595813,0.7840910564829435
legacy,sp500,total_reportable,long_oi_pct_change,1d_post_release,-0.34809290590331443,0.3156212603745096,135,0.0020555324779045125,0.0015754139322881056,0.5703703703703704,0.009487599313230307,135,4.8123279751604104e-05,0.0007090417596054,0.5111111111111111,0.014018068903206104,0.0020074091981529085,1.3779222696325286,0.1682272884397986
legacy,sp500,total_reportable,long_oi_pct_change,2d_post_release,-0.34809290590331443,0.3156212603745096,135,0.0015244339700880966,0.0017721054624633137,0.5703703703703704,0.013020561970655525,135,0.0026817193831009663,0.0017191861170664513,0.5925925925925926,0.013533447529472241,-0.0011572854130128696,-0.7159970956622009,0.4739931422672281
legacy,sp500,total_reportable,long_oi_pct_change,3d_post_release,-0.34809290590331443,0.3156212603745096,135,0.0009063974330457189,0.0009555587694469736,0.5481481481481482,0.017601799121229333,135,0.004162703592270268,0.005145263096868469,0.6074074074074074,0.01873107655366503,-0.003256306159224549,-1.4719656153007037,0.14103016307201338
legacy,sp500,total_reportable,long_oi_pct_change,1w_post_release,-0.34809290590331443,0.3156212603745096,135,0.0018095656229579035,0.001038461144123426,0.5333333333333333,0.023605087054666123,135,0.005031387609032093,0.005210254865790631,0.6444444444444445,0.02411060168078944,-0.0032218219860741895,-1.1094247620156588,0.26724698506330236
legacy,sp500,total_reportable,long_oi_pct_change,2w_post_release,-0.34809290590331443,0.3156212603745096,135,0.007943350634094149,0.008538557795412904,0.6592592592592592,0.032259245314202684,134,0.007044502400964547,0.009475299521468972,0.6791044776119403,0.03546829633012404,0.0008988482331296014,0.2173856779107425,0.8279077917112818
legacy,sp500,total_reportable,long_oi_pct_change,4w_post_release,-0.34809290590331443,0.3156212603745096,133,0.0125583974865515,0.01826110507226475,0.6766917293233082,0.04906130995076702,134,0.01656645706774675,0.019878680182404795,0.746268656716418,0.04679261270168626,-0.0040080595811952495,-0.682993830844015,0.49461074078974887
legacy,sp500,total_reportable,long_oi_pct_change,13w_post_release,-0.34809290590331443,0.3156212603745096,130,0.036889924022498057,0.04634947145588819,0.7461538461538462,0.07275295320277737,132,0.05100496840755916,0.05677086939711129,0.8409090909090909,0.07012951578300218,-0.014115044385061101,-1.598480197300542,0.10993614909745708
legacy,sp500,total_reportable,short_oi_pct_change,1d_post_release,-0.37963375802831223,0.34048767224233956,134,0.0017071993215412283,0.0009038226804194416,0.5746268656716418,0.009323025105535503,135,0.00018507965083030232,0.0012566610143582846,0.6,0.017492627852757427,0.001522119670710926,0.8914777267869755,0.3726729354158329
legacy,sp500,total_reportable,short_oi_pct_change,2d_post_release,-0.37963375802831223,0.34048767224233956,134,0.0014310765207941843,-0.0004411403231703859,0.47761194029850745,0.012363248250043637,135,0.002980366429952685,0.003868154698851267,0.6592592592592592,0.015367427857048857,-0.0015492899091585006,-0.9113488540343333,0.3621115930396003
legacy,sp500,total_reportable,short_oi_pct_change,3d_post_release,-0.37963375802831223,0.34048767224233956,134,0.0006339953765630974,-0.00031730088980269633,0.4925373134328358,0.017787636761668425,135,0.004429003944075404,0.0051906736386289065,0.6518518518518519,0.022188064529117396,-0.003795008567512306,-1.5482821073099697,0.12155439041459948
legacy,sp500,total_reportable,short_oi_pct_change,1w_post_release,-0.37963375802831223,0.34048767224233956,134,0.002638029731032758,0.0017954532180747274,0.5298507462686567,0.020357150643028055,135,0.005291624113350773,0.006849917273461292,0.6814814814814815,0.028056586292652272,-0.0026535943823180154,-0.8883127338082097,0.37437255191560603
legacy,sp500,total_reportable,short_oi_pct_change,2w_post_release,-0.37963375802831223,0.34048767224233956,134,0.008823537061729718,0.007959461673231472,0.6940298507462687,0.025321990669390892,135,0.008211389440883298,0.010271525544837568,0.6666666666666666,0.03675849215701927,0.0006121476208464198,0.1591530565036507,0.8735482878382246
legacy,sp500,total_reportable,short_oi_pct_change,4w_post_release,-0.37963375802831223,0.34048767224233956,133,0.015365163450712486,0.01611869594417925,0.6992481203007519,0.03638437011348053,134,0.016515755728197728,0.018294230451614046,0.746268656716418,0.047395238206720085,-0.001150592277485242,-0.22260105207476855,0.8238460175565748
legacy,sp500,total_reportable,short_oi_pct_change,13w_post_release,-0.37963375802831223,0.34048767224233956,131,0.03438581652717313,0.04317877974783424,0.7480916030534351,0.07006682291474516,133,0.04746531751423368,0.049692168381392676,0.7969924812030075,0.07213771577704937,-0.013079500987060552,-1.494407640890876,0.13506910566935892
legacy,sp500,nonreportable,net_oi_pct_change,1d_post_release,-0.4005955890817441,0.40999419249178587,135,0.0004450549253711598,0.0006406996295162948,0.5259259259259259,0.010745341419246733,135,-3.895586446764909e-05,0.0009164157208665369,0.5703703703703704,0.01681978406948356,0.0004840107898388089,0.2817604150367631,0.778127225830674
legacy,sp500,nonreportable,net_oi_pct_change,2d_post_release,-0.4005955890817441,0.40999419249178587,135,0.0021253810398268514,0.0015946406921070189,0.5777777777777777,0.013113493311679332,135,0.0025636265664921807,0.0029414809499841432,0.6148148148148148,0.01625068380710929,-0.00043824552666532927,-0.2438467726126814,0.8073494941684812
legacy,sp500,nonreportable,net_oi_pct_change,3d_post_release,-0.4005955890817441,0.40999419249178587,135,0.0032541075734389678,0.0025272041548163315,0.5407407407407407,0.017862102414796487,135,0.003473641496331932,0.004311324778169201,0.6148148148148148,0.02290009146094225,-0.00021953392289296436,-0.08782820103993952,0.9300132231818684
legacy,sp500,nonreportable,net_oi_pct_change,1w_post_release,-0.4005955890817441,0.40999419249178587,135,0.005591080755615539,0.004647193423121809,0.6148148148148148,0.02026538942341904,135,0.00364486125531371,0.0036248137320111784,0.5777777777777777,0.029286503630358823,0.001946219500301829,0.6349406076831354,0.5254671514040015
legacy,sp500,nonreportable,net_oi_pct_change,2w_post_release,-0.4005955890817441,0.40999419249178587,134,0.009045197587556382,0.00989783459362592,0.7089552238805971,0.025534201637420335,135,0.007356983359823295,0.009439905888503963,0.6592592592592592,0.03889615025781971,0.0016882142277330862,0.4211021225622629,0.6736805117089415
legacy,sp500,nonreportable,net_oi_pct_change,4w_post_release,-0.4005955890817441,0.40999419249178587,133,0.015896135255861848,0.01947841920528992,0.7293233082706767,0.04273042757301734,133,0.015452995837132782,0.02051462122567771,0.7293233082706767,0.04705324840296492,0.0004431394187290657,0.08040462379018168,0.9359154495607818
legacy,sp500,nonreportable,net_oi_pct_change,13w_post_release,-0.4005955890817441,0.40999419249178587,130,0.04148594101701436,0.04914843737396479,0.8,0.07172818080909851,130,0.044055059076173124,0.04948451256299635,0.7769230769230769,0.0792768716517875,-0.0025691180591587634,-0.2739916266595813,0.7840910564829435
legacy,sp500,nonreportable,long_oi_pct_change,1d_post_release,-0.3157357827246842,0.3480929059033135,135,4.8123279751604104e-05,0.0007090417596054,0.5111111111111111,0.014018068903206104,135,0.0020555324779045125,0.0015754139322881056,0.5703703703703704,0.009487599313230307,-0.0020074091981529085,-1.3779222696325286,0.1682272884397986
legacy,sp500,nonreportable,long_oi_pct_change,2d_post_release,-0.3157357827246842,0.3480929059033135,135,0.0026817193831009663,0.0017191861170664513,0.5925925925925926,0.013533447529472241,135,0.0015244339700880966,0.0017721054624633137,0.5703703703703704,0.013020561970655525,0.0011572854130128696,0.7159970956622009,0.4739931422672281
legacy,sp500,nonreportable,long_oi_pct_change,3d_post_release,-0.3157357827246842,0.3480929059033135,135,0.004162703592270268,0.005145263096868469,0.6074074074074074,0.01873107655366503,135,0.0009063974330457189,0.0009555587694469736,0.5481481481481482,0.017601799121229333,0.003256306159224549,1.4719656153007037,0.14103016307201338
legacy,sp500,nonreportable,long_oi_pct_change,1w_post_release,-0.3157357827246842,0.3480929059033135,135,0.005031387609032093,0.005210254865790631,0.6444444444444445,0.02411060168078944,135,0.0018095656229579035,0.001038461144123426,0.5333333333333333,0.023605087054666123,0.0032218219860741895,1.1094247620156588,0.26724698506330236
legacy,sp500,nonreportable,long_oi_pct_change,2w_post_release,-0.3157357827246842,0.3480929059033135,134,0.007044502400964547,0.009475299521468972,0.6791044776119403,0.03546829633012404,135,0.007943350634094149,0.008538557795412904,0.6592592592592592,0.032259245314202684,-0.0008988482331296014,-0.2173856779107425,0.8279077917112818
legacy,sp500,nonreportable,long_oi_pct_change,4w_post_release,-0.3157357827246842,0.3480929059033135,134,0.01656645706774675,0.019878680182404795,0.746268656716418,0.04679261270168626,133,0.0125583974865515,0.01826110507226475,0.6766917293233082,0.04906130995076702,0.0040080595811952495,0.682993830844015,0.49461074078974887
legacy,sp500,nonreportable,long_oi_pct_change,13w_post_release,-0.3157357827246842,0.3480929059033135,132,0.05100496840755916,0.05677086939711129,0.8409090909090909,0.07012951578300218,130,0.036889924022498057,0.04634947145588819,0.7461538461538462,0.07275295320277737,0.014115044385061101,1.598480197300542,0.10993614909745708
legacy,sp500,nonreportable,short_oi_pct_change,1d_post_release,-0.3404178340881465,0.37962128987197996,135,0.00018507965083030232,0.0012566610143582846,0.6,0.017492627852757427,134,0.0018423889139239382,0.0009038226804194416,0.5746268656716418,0.009510456028605048,-0.001657309263093636,-0.966299738469773,0.3338942168966814
legacy,sp500,nonreportable,short_oi_pct_change,2d_post_release,-0.3404178340881465,0.37962128987197996,135,0.002980366429952685,0.003868154698851267,0.6592592592592592,0.015367427857048857,134,0.001468223962103212,-0.0004411403231703859,0.47761194029850745,0.012398251615864598,0.0015121424678494729,0.8885036347472182,0.3742699015458401
legacy,sp500,nonreportable,short_oi_pct_change,3d_post_release,-0.3404178340881465,0.37962128987197996,135,0.004429003944075404,0.0051906736386289065,0.6518518518518519,0.022188064529117396,134,0.00034691787805164265,-0.00031730088980269633,0.4925373134328358,0.017442950050282183,0.0040820860660237615,1.6781078842552768,0.09332603986583995
legacy,sp500,nonreportable,short_oi_pct_change,1w_post_release,-0.3404178340881465,0.37962128987197996,135,0.005291624113350773,0.006849917273461292,0.6814814814814815,0.028056586292652272,134,0.002713834641074592,0.002024342332416995,0.5373134328358209,0.020358366417063307,0.0025777894722761813,0.8629185502803125,0.3881822506908682
legacy,sp500,nonreportable,short_oi_pct_change,2w_post_release,-0.3404178340881465,0.37962128987197996,135,0.008211389440883298,0.010271525544837568,0.6666666666666666,0.03675849215701927,134,0.009277512106627195,0.008227526247796657,0.7014925373134329,0.025235470011083793,-0.0010661226657438967,-0.27748893775589606,0.7814046988402812
legacy,sp500,nonreportable,short_oi_pct_change,4w_post_release,-0.3404178340881465,0.37962128987197996,134,0.016515755728197728,0.018294230451614046,0.746268656716418,0.047395238206720085,133,0.01563963029095647,0.018911894528981232,0.6992481203007519,0.036453600700450735,0.000876125437241259,0.16938077294710824,0.8654971459548859
legacy,sp500,nonreportable,short_oi_pct_change,13w_post_release,-0.3404178340881465,0.37962128987197996,133,0.04746531751423368,0.049692168381392676,0.7969924812030075,0.07213771577704937,131,0.035125819217115745,0.04330945147165077,0.7480916030534351,0.07027233765460657,0.012339498297117939,1.4078364092865798,0.15917951646266823
legacy,nq,noncommercial,net_oi_pct_change,1d_post_release,-2.4823678890040153,2.761247908137993,140,0.0018495974980071931,0.002751925985044257,0.6071428571428571,0.013638170462401395,140,0.00010635020554607331,0.0018626019941830885,0.6285714285714286,0.017240366167522413,0.0017432472924611198,0.9383094911530235,0.3480853835851764
legacy,nq,noncommercial,net_oi_pct_change,2d_post_release,-2.4823678890040153,2.761247908137993,140,0.003248554840527728,0.004070237127874798,0.6357142857142857,0.0163243582923813,140,0.0030878693036436445,0.00405622606787559,0.6214285714285714,0.016531771380366773,0.00016068553688408345,0.08183342846696078,0.9347791731398214
legacy,nq,noncommercial,net_oi_pct_change,3d_post_release,-2.4823678890040153,2.761247908137993,140,0.005755461298026222,0.0048969277632717745,0.6214285714285714,0.020090722560769086,140,0.0027830917409510277,0.004995765505979688,0.6142857142857143,0.022141475610837794,0.002972369557075194,1.17632332380354,0.23946569889335761
legacy,nq,noncommercial,net_oi_pct_change,1w_post_release,-2.4823678890040153,2.761247908137993,140,0.003307318569602768,0.002300184563736818,0.5571428571428572,0.029451105939703855,140,0.004624263261165929,0.006429191760099928,0.5785714285714286,0.029907806379909804,-0.0013169446915631614,-0.3712340159110348,0.7104632393993154
legacy,nq,noncommercial,net_oi_pct_change,2w_post_release,-2.4823678890040153,2.761247908137993,139,0.008230177021805923,0.010136092468307156,0.6330935251798561,0.03790159824101809,140,0.009997740178469917,0.01213510260804651,0.65,0.04160728131094039,-0.001767563156663994,-0.37098798241328307,0.7106464826767198
legacy,nq,noncommercial,net_oi_pct_change,4w_post_release,-2.4823678890040153,2.761247908137993,137,0.011554830490789852,0.015584957995973259,0.5985401459854015,0.05595905440646549,140,0.01920654715362888,0.02564904037950988,0.7,0.060523918032244835,-0.00765171666283903,-1.0928529665876257,0.27445836164181164
legacy,nq,noncommercial,net_oi_pct_change,13w_post_release,-2.4823678890040153,2.761247908137993,134,0.049064667438355164,0.04891984988016729,0.753731343283582,0.08977541563109076,138,0.05413877739717558,0.07042823001682408,0.7463768115942029,0.1034047658409759,-0.005074109958820419,-0.43251922425165445,0.6653640830951361
legacy,nq,noncommercial,long_oi_pct_change,1d_post_release,-1.8658606200237857,1.6170962385324534,140,0.000364551863799368,0.0014175401599457738,0.5285714285714286,0.013060765721090448,140,0.0009108172051798115,0.001445227409821337,0.6,0.013773288931699506,-0.0005462653413804434,-0.3405205412117721,0.7334645564120195
legacy,nq,noncommercial,long_oi_pct_change,2d_post_release,-1.8658606200237857,1.6170962385324534,140,0.0005101558454827221,0.0016436722915104118,0.6,0.016429565329945287,140,0.003619025486461293,0.0034837689921840553,0.6571428571428571,0.01663417261319517,-0.003108869640978571,-1.5733352101454712,0.11564122048603785
legacy,nq,noncommercial,long_oi_pct_change,3d_post_release,-1.8658606200237857,1.6170962385324534,140,0.0017745755786173433,0.0016038178805433123,0.5571428571428572,0.019427848675748125,140,0.0029085421335746367,0.0045574640534116195,0.5928571428571429,0.020208220446628608,-0.0011339665549572934,-0.4786350814085492,0.632198256648312
legacy,nq,noncommercial,long_oi_pct_change,1w_post_release,-1.8658606200237857,1.6170962385324534,140,0.00102851581373396,0.002999623932322115,0.5714285714285714,0.028991886769523276,140,0.004151010012381352,0.0037361663371515696,0.5428571428571428,0.026827249498062214,-0.003122494198647392,-0.9353437154649938,0.3496111932139038
legacy,nq,noncommercial,long_oi_pct_change,2w_post_release,-1.8658606200237857,1.6170962385324534,139,0.007704629964465886,0.012305639112364375,0.6330935251798561,0.03570286370603833,140,0.008876069069941766,0.011698900593050232,0.6428571428571429,0.039397645560052375,-0.0011714391054758804,-0.2602720928788561,0.794653897626404
legacy,nq,noncommercial,long_oi_pct_change,4w_post_release,-1.8658606200237857,1.6170962385324534,139,0.014805648720958936,0.01838450005575809,0.6474820143884892,0.05578964541505656,139,0.0167769797053007,0.017443219772879104,0.6834532374100719,0.057897791838151254,-0.0019713309843417647,-0.28906453688936457,0.7725319911200894
legacy,nq,noncommercial,long_oi_pct_change,13w_post_release,-1.8658606200237857,1.6170962385324534,135,0.048024307306005765,0.04723684696536168,0.7333333333333333,0.09527250517615639,139,0.049640111221215234,0.06613948847650541,0.7769784172661871,0.09651677467454327,-0.0016158039152094697,-0.13945218433628603,0.8890928380279892
legacy,nq,noncommercial,short_oi_pct_change,1d_post_release,-1.6632648020765322,1.5973121998585729,140,0.001161082272497457,0.0015332843973081545,0.6,0.01765295447845157,140,0.0013974587400807776,0.00214563328888262,0.6,0.013538472878678293,-0.00023637646758332053,-0.12571932726856935,0.8999541023061925
legacy,nq,noncommercial,short_oi_pct_change,2d_post_release,-1.6632648020765322,1.5973121998585729,140,0.002289627084382456,0.0030852124496847377,0.6,0.018675292557396684,140,0.0031863488761381697,0.0035278055091078064,0.6214285714285714,0.01825042977825752,-0.0008967217917557136,-0.40633009971721923,0.6845000721140824
legacy,nq,noncommercial,short_oi_pct_change,3d_post_release,-1.6632648020765322,1.5973121998585729,140,0.002043665299655858,0.004238364126915917,0.5785714285714286,0.02312897978637431,140,0.006433287509488603,0.004764100690687556,0.5928571428571429,0.022428829553889428,-0.004389622209832746,-1.612100252846567,0.10694012574026479
legacy,nq,noncommercial,short_oi_pct_change,1w_post_release,-1.6632648020765322,1.5973121998585729,140,0.0023720776955160282,0.0069293667018556215,0.5714285714285714,0.03225476804529793,140,0.0033583711305153175,0.001269756868044869,0.5142857142857142,0.028441316092612662,-0.0009862934349992893,-0.271374475623936,0.7861030312182433
legacy,nq,noncommercial,short_oi_pct_change,2w_post_release,-1.6632648020765322,1.5973121998585729,140,0.010026341560783743,0.016045535019427293,0.65,0.041772937775818454,139,0.008439630985126076,0.011906383306778956,0.6474820143884892,0.03975191775914007,0.0015867105756576672,0.32502154536929284,0.7451647653604703
legacy,nq,noncommercial,short_oi_pct_change,4w_post_release,-1.6632648020765322,1.5973121998585729,140,0.01913817698650385,0.02892720979350727,0.7142857142857143,0.06136239941671523,137,0.013840710037510818,0.019106183761193885,0.6423357664233577,0.06285150090530942,0.005297466948993032,0.7096184397354729,0.47794078159592834
legacy,nq,noncommercial,short_oi_pct_change,13w_post_release,-1.6632648020765322,1.5973121998585729,137,0.05500957171691631,0.061651307261303634,0.7445255474452555,0.10741684797389266,135,0.05428167262698543,0.04791271127038432,0.7555555555555555,0.09495738725007093,0.0007278990899308793,0.05923291301894038,0.9527665948571051
legacy,nq,commercial,net_oi_pct_change,1d_post_release,-2.685352057885922,2.709744030804602,140,0.0005259038016366536,0.002183459070224214,0.6428571428571429,0.018523770473261376,140,0.0004977294897150399,0.001133492467488284,0.5357142857142857,0.014263954342033171,2.8174311921613706e-05,0.01425890942052619,0.9886234218284538
legacy,nq,commercial,net_oi_pct_change,2d_post_release,-2.685352057885922,2.709744030804602,140,0.00344287723140136,0.004545870280656561,0.6357142857142857,0.01835986136775,140,0.0016963558816626922,0.00304572981310669,0.5928571428571429,0.016591252072952367,0.0017465213497386677,0.8350963438547121,0.4036634650794683
legacy,nq,commercial,net_oi_pct_change,3d_post_release,-2.685352057885922,2.709744030804602,140,0.003306695388833105,0.005259563602424966,0.6,0.023814660390544806,140,0.0044933239765471075,0.0031966096349898,0.6142857142857143,0.020528691432353276,-0.0011866285877140024,-0.44655623857421944,0.6551954983989594
legacy,nq,commercial,net_oi_pct_change,1w_post_release,-2.685352057885922,2.709744030804602,140,0.0055146621848844056,0.0072287055841324666,0.5785714285714286,0.031507156083223055,140,0.003056061815241113,0.0038398206246587074,0.5571428571428572,0.030046120108862654,0.0024586003696432926,0.6681800087624479,0.5040186948044278
legacy,nq,commercial,net_oi_pct_change,2w_post_release,-2.685352057885922,2.709744030804602,140,0.011235025327954376,0.01600266751428725,0.6642857142857143,0.044066805109010954,139,0.005004335828014343,0.006157630441496309,0.5827338129496403,0.04028429071425455,0.006230689499940033,1.2327589194222819,0.21766572227058584
legacy,nq,commercial,net_oi_pct_change,4w_post_release,-2.685352057885922,2.709744030804602,140,0.019838714312236105,0.027917938860512193,0.6857142857142857,0.06466786279145362,138,0.009289860274960504,0.015731274569399045,0.6014492753623188,0.05784995199824397,0.010548854037275601,1.4339010815454818,0.15160049319315133
legacy,nq,commercial,net_oi_pct_change,13w_post_release,-2.685352057885922,2.709744030804602,139,0.05722098246985551,0.07107966629364237,0.7482014388489209,0.1054055017938778,135,0.04201293019507262,0.044430811587263586,0.7407407407407407,0.0891605117168479,0.01520805227478289,1.2907835603289808,0.19677873990939102
legacy,nq,commercial,long_oi_pct_change,1d_post_release,-1.5956720928231434,1.6471709978010391,140,-0.0006095355217565459,0.001347436465217955,0.5928571428571429,0.016598370246322804,140,0.000820087286035582,0.0019283730081960382,0.5642857142857143,0.014461937546910622,-0.0014296228077921279,-0.7683689290788835,0.44226803424576105
legacy,nq,commercial,long_oi_pct_change,2d_post_release,-1.5956720928231434,1.6471709978010391,140,0.0031105510594644195,0.0034837689921840553,0.6357142857142857,0.01735959929028146,140,0.002491927542508052,0.003668262516991261,0.6357142857142857,0.01686519448740963,0.0006186235169563675,0.3024261157132876,0.7623272487881751
legacy,nq,commercial,long_oi_pct_change,3d_post_release,-1.5956720928231434,1.6471709978010391,140,0.002618139629734392,0.0038444945120275076,0.5714285714285714,0.022577362739509853,140,0.005110715178622938,0.0037164374864053773,0.6071428571428571,0.02103035268465567,-0.0024925755488885456,-0.9558525415037529,0.33914673886562263
legacy,nq,commercial,long_oi_pct_change,1w_post_release,-1.5956720928231434,1.6471709978010391,140,0.0021462571580010874,0.003368591218871675,0.5428571428571428,0.03220137311567409,140,0.005889698674112074,0.006627056312962454,0.6214285714285714,0.02922837104673355,-0.0037434415161109865,-1.018505417673919,0.3084378274985446
legacy,nq,commercial,long_oi_pct_change,2w_post_release,-1.5956720928231434,1.6471709978010391,140,0.00907582604938737,0.012944729576368719,0.65,0.04191862528657184,140,0.009991798837904216,0.011815781523603075,0.6571428571428571,0.03887790878971028,-0.0009159727885168466,-0.18956646888457201,0.8496488646711164
legacy,nq,commercial,long_oi_pct_change,4w_post_release,-1.5956720928231434,1.6471709978010391,140,0.018034117507131617,0.018983243686988227,0.6857142857142857,0.06074640235862669,140,0.014369288334446142,0.01826509129941245,0.6214285714285714,0.05894555459643275,0.003664829172685475,0.5122932494298027,0.6084457890472372
legacy,nq,commercial,long_oi_pct_change,13w_post_release,-1.5956720928231434,1.6471709978010391,140,0.055056246774870254,0.06928946463423946,0.7714285714285715,0.10221466934385146,136,0.047556194715537924,0.046393395215239996,0.75,0.09465691741699195,0.007500052059332331,0.6327203261039006,0.5269162939289791
legacy,nq,commercial,short_oi_pct_change,1d_post_release,-1.9255432742943555,1.6993749143815737,140,0.001494051154227067,0.001791049487052665,0.5857142857142857,0.01463522505072944,140,0.0017013724617249506,0.002392755306760641,0.6285714285714286,0.01769484285537946,-0.0002073213074978836,-0.10682679355188925,0.9149263909204619
legacy,nq,commercial,short_oi_pct_change,2d_post_release,-1.9255432742943555,1.6993749143815737,140,0.0015229678628465534,0.001992793303193574,0.5642857142857143,0.016176911948431634,140,0.0032302311353601515,0.0041752384638801265,0.6285714285714286,0.01848897593976877,-0.0017072632725135982,-0.8222679995193654,0.41092438514995566
legacy,nq,commercial,short_oi_pct_change,3d_post_release,-1.9255432742943555,1.6993749143815737,140,0.004570141380300218,0.0024865987080882057,0.5714285714285714,0.021546855689349234,140,0.003606363758720272,0.005128387560323411,0.6214285714285714,0.02322431252482864,0.0009637776215799462,0.35995881142236563,0.7188779354843674
legacy,nq,commercial,short_oi_pct_change,1w_post_release,-1.9255432742943555,1.6993749143815737,140,-0.00031257570996169723,-0.0005692867863966167,0.4857142857142857,0.028002370989172777,140,0.0048163646172591735,0.007582335278471852,0.5857142857142857,0.03129750028820708,-0.00512894032722087,-1.4450519328157663,0.14844329894687192
legacy,nq,commercial,short_oi_pct_change,2w_post_release,-1.9255432742943555,1.6993749143815737,139,0.0018617465482283235,0.00507879809790035,0.5611510791366906,0.04142931099793218,140,0.00896031973743856,0.01285971086121429,0.65,0.04205476154363791,-0.007098573189210236,-1.4202546620875562,0.1555335551269594
legacy,nq,commercial,short_oi_pct_change,4w_post_release,-1.9255432742943555,1.6993749143815737,137,0.012072249605270742,0.014077091855298374,0.635036496350365,0.05776966923186117,140,0.01892700118377703,0.028213355355607872,0.7,0.06257963651405164,-0.006854751578506289,-0.9475534764391519,0.34335682006107404
legacy,nq,commercial,short_oi_pct_change,13w_post_release,-1.9255432742943555,1.6993749143815737,134,0.05149761553912456,0.05260030086153955,0.7686567164179104,0.08811387526565018,139,0.053418111003578225,0.061651307261303634,0.7482014388489209,0.10441098527249029,-0.0019204954644536643,-0.16445764507571237,0.8693708870415668
legacy,nq,total_reportable,net_oi_pct_change,1d_post_release,-0.9967749874534677,0.9388337922690242,140,0.000689316299797939,0.001766364557306166,0.5928571428571429,0.015150154609551785,139,-0.00029587607152430794,0.0009370167266748997,0.5323741007194245,0.017331874802801593,0.000985192371322247,0.5053539942902521,0.6133102254495459
legacy,nq,total_reportable,net_oi_pct_change,2d_post_release,-0.9967749874534677,0.9388337922690242,140,0.0036904989345876746,0.004569127909310078,0.6285714285714286,0.018305648842558576,139,0.001005595664591071,0.0017206728039651509,0.5539568345323741,0.017126059414365836,0.002684903269996604,1.26516478066897,0.20581226471796094
legacy,nq,total_reportable,net_oi_pct_change,3d_post_release,-0.9967749874534677,0.9388337922690242,140,0.003954789945817672,0.004237111014467776,0.5714285714285714,0.022363665705762523,139,0.0039682780376003425,0.004146041790687782,0.60431654676259,0.021651762076400623,-1.3488091782670741e-05,-0.0051181530813807176,0.995916322505538
legacy,nq,total_reportable,net_oi_pct_change,1w_post_release,-0.9967749874534677,0.9388337922690242,140,0.004531024458913133,0.004080088754836453,0.5714285714285714,0.02999298666055742,139,0.0019727704522669357,0.0025034711365714557,0.5467625899280576,0.029173079974001044,0.0025582540066461973,0.7221878015750793,0.4701790220661462
legacy,nq,total_reportable,net_oi_pct_change,2w_post_release,-0.9967749874534677,0.9388337922690242,140,0.009618083008712494,0.01407437005692136,0.65,0.04426923472160622,139,0.003472984127341497,0.008680642486492918,0.5899280575539568,0.03965074713941629,0.006145098881370997,1.2214945474506096,0.2218988288253563
legacy,nq,total_reportable,net_oi_pct_change,4w_post_release,-0.9967749874534677,0.9388337922690242,138,0.020524099280334576,0.024277564062395895,0.6739130434782609,0.06169572785273578,139,0.00947622895084627,0.017162653754364543,0.60431654676259,0.05770432515125755,0.011047870329488306,1.5389206704310596,0.12382366420423119
legacy,nq,total_reportable,net_oi_pct_change,13w_post_release,-0.9967749874534677,0.9388337922690242,135,0.061279330426843234,0.07110796436244526,0.725925925925926,0.1096145417632096,136,0.04250054248151634,0.0532278096716956,0.7426470588235294,0.0882853235088618,0.01877878794532689,1.5524771604399903,0.12054809349485433
legacy,nq,total_reportable,long_oi_pct_change,1d_post_release,-0.6593329846092217,0.6792383280547973,140,0.0013599310233867773,0.0027160684721481143,0.6428571428571429,0.01539445594331127,139,0.0007101445526937889,0.0014464825601050446,0.5539568345323741,0.014024530627966538,0.0006497864706929885,0.3685906020095008,0.7124329016154767
legacy,nq,total_reportable,long_oi_pct_change,2d_post_release,-0.6593329846092217,0.6792383280547973,140,0.0034315588761546665,0.004201332068524466,0.6285714285714286,0.017536551499220787,139,0.003044791293289792,0.003341994348572408,0.60431654676259,0.017486020112739895,0.0003867675828648745,0.18446039750981508,0.8536522922313023
legacy,nq,total_reportable,long_oi_pct_change,3d_post_release,-0.6593329846092217,0.6792383280547973,140,0.004223700963090938,0.004227247765284048,0.5642857142857143,0.024049981814490494,139,0.006055882309556944,0.004908175681664906,0.6115107913669064,0.020746816229707133,-0.0018321813464660056,-0.681486933536815,0.49556343185438284
legacy,nq,total_reportable,long_oi_pct_change,1w_post_release,-0.6593329846092217,0.6792383280547973,140,0.00376497423130856,0.0015967051634693252,0.5214285714285715,0.029422930573684742,139,0.005346921603416501,0.0042691477417351464,0.60431654676259,0.02856667733266115,-0.001581947372107941,-0.45563472313728204,0.6486526694957254
legacy,nq,total_reportable,long_oi_pct_change,2w_post_release,-0.6593329846092217,0.6792383280547973,140,0.007458378107806229,0.011857501782137958,0.6214285714285714,0.04366080988022383,139,0.007074877854730385,0.009999190830683569,0.6115107913669064,0.038275307439688704,0.0003835002530758443,0.07802888285132006,0.9378050778356154
legacy,nq,total_reportable,long_oi_pct_change,4w_post_release,-0.6593329846092217,0.6792383280547973,139,0.02385792511310664,0.02148434792653342,0.6906474820143885,0.055543857162796,139,0.016023530249084133,0.02240153634745856,0.6330935251798561,0.055315037419571805,0.007834394864022508,1.178301378780681,0.2386764783296958
legacy,nq,total_reportable,long_oi_pct_change,13w_post_release,-0.6593329846092217,0.6792383280547973,137,0.0548798601204146,0.054968267371990676,0.7372262773722628,0.10038954546566019,137,0.04719485875701737,0.05080645945611728,0.7737226277372263,0.09214498650118713,0.007685001363397226,0.6601046441675578,0.5091866786104192
legacy,nq,total_reportable,short_oi_pct_change,1d_post_release,-0.7016051336573348,0.7079462480527852,140,0.000794538307208734,0.0019189202598165478,0.6214285714285714,0.01727571369383461,140,5.2126261526903265e-05,-0.00036221277453168943,0.4857142857142857,0.015128287566689614,0.0007424120456818307,0.38253732195707685,0.7020628511103957
legacy,nq,total_reportable,short_oi_pct_change,2d_post_release,-0.7016051336573348,0.7079462480527852,140,0.0016361262632873202,0.0022132641595461466,0.5857142857142857,0.016621689403177715,140,0.0034934949504871835,0.003620080783842461,0.6357142857142857,0.019305491018636097,-0.0018573686871998633,-0.8626718572033515,0.38831790988639986
legacy,nq,total_reportable,short_oi_pct_change,3d_post_release,-0.7016051336573348,0.7079462480527852,140,0.0032851796901439403,0.0037453442090639166,0.5857142857142857,0.022388313677298117,140,0.005824902071412344,0.0066428061254082404,0.6142857142857143,0.02219429674135652,-0.0025397223812684035,-0.9532255083530724,0.34047582471761917
legacy,nq,total_reportable,short_oi_pct_change,1w_post_release,-0.7016051336573348,0.7079462480527852,140,0.0025957420500926864,0.004359436885132073,0.5428571428571428,0.03125357945102833,140,0.007929635045067614,0.00890269473107086,0.6642857142857143,0.029925604474085894,-0.005333892994974927,-1.4585366517940117,0.14469268020931153
legacy,nq,total_reportable,short_oi_pct_change,2w_post_release,-0.7016051336573348,0.7079462480527852,140,0.006467847717452998,0.011773149485840184,0.6357142857142857,0.04152616519298161,140,0.015034223445003193,0.015710061200373326,0.7071428571428572,0.03926933941739548,-0.008566375727550195,-1.7734525723853833,0.07615374417137699
legacy,nq,total_reportable,short_oi_pct_change,4w_post_release,-0.7016051336573348,0.7079462480527852,139,0.01500720510925722,0.02281602012219275,0.6690647482014388,0.06225695521178745,138,0.018168611300062334,0.024277564062395895,0.6594202898550725,0.06447057826513483,-0.0031614061908051133,-0.41510001604266883,0.6780686877082223
legacy,nq,total_reportable,short_oi_pct_change,13w_post_release,-0.7016051336573348,0.7079462480527852,137,0.051672094984944975,0.05449284341404015,0.7445255474452555,0.09569114627696647,137,0.05788626118752375,0.061651307261303634,0.7372262773722628,0.10792757958277445,-0.006214166202578773,-0.5042636232251566,0.6140761364592922
legacy,nq,nonreportable,net_oi_pct_change,1d_post_release,-0.9388337922690242,0.9967749874534677,139,-0.00029587607152430794,0.0009370167266748997,0.5323741007194245,0.017331874802801593,140,0.000689316299797939,0.001766364557306166,0.5928571428571429,0.015150154609551785,-0.000985192371322247,-0.5053539942902521,0.6133102254495459
legacy,nq,nonreportable,net_oi_pct_change,2d_post_release,-0.9388337922690242,0.9967749874534677,139,0.001005595664591071,0.0017206728039651509,0.5539568345323741,0.017126059414365836,140,0.0036904989345876746,0.004569127909310078,0.6285714285714286,0.018305648842558576,-0.002684903269996604,-1.26516478066897,0.20581226471796094
legacy,nq,nonreportable,net_oi_pct_change,3d_post_release,-0.9388337922690242,0.9967749874534677,139,0.0039682780376003425,0.004146041790687782,0.60431654676259,0.021651762076400623,140,0.003954789945817672,0.004237111014467776,0.5714285714285714,0.022363665705762523,1.3488091782670741e-05,0.0051181530813807176,0.995916322505538
legacy,nq,nonreportable,net_oi_pct_change,1w_post_release,-0.9388337922690242,0.9967749874534677,139,0.0019727704522669357,0.0025034711365714557,0.5467625899280576,0.029173079974001044,140,0.004531024458913133,0.004080088754836453,0.5714285714285714,0.02999298666055742,-0.0025582540066461973,-0.7221878015750793,0.4701790220661462
legacy,nq,nonreportable,net_oi_pct_change,2w_post_release,-0.9388337922690242,0.9967749874534677,139,0.003472984127341497,0.008680642486492918,0.5899280575539568,0.03965074713941629,140,0.009618083008712494,0.01407437005692136,0.65,0.04426923472160622,-0.006145098881370997,-1.2214945474506096,0.2218988288253563
legacy,nq,nonreportable,net_oi_pct_change,4w_post_release,-0.9388337922690242,0.9967749874534677,139,0.00947622895084627,0.017162653754364543,0.60431654676259,0.05770432515125755,138,0.020524099280334576,0.024277564062395895,0.6739130434782609,0.06169572785273578,-0.011047870329488306,-1.5389206704310596,0.12382366420423119
legacy,nq,nonreportable,net_oi_pct_change,13w_post_release,-0.9388337922690242,0.9967749874534677,136,0.04250054248151634,0.0532278096716956,0.7426470588235294,0.0882853235088618,135,0.061279330426843234,0.07110796436244526,0.725925925925926,0.1096145417632096,-0.01877878794532689,-1.5524771604399903,0.12054809349485433
legacy,nq,nonreportable,long_oi_pct_change,1d_post_release,-0.6762514638474575,0.6590758781877364,139,0.0007101445526937889,0.0014464825601050446,0.5539568345323741,0.014024530627966538,140,0.0013599310233867773,0.0027160684721481143,0.6428571428571429,0.01539445594331127,-0.0006497864706929885,-0.3685906020095008,0.7124329016154767
legacy,nq,nonreportable,long_oi_pct_change,2d_post_release,-0.6762514638474575,0.6590758781877364,139,0.003044791293289792,0.003341994348572408,0.60431654676259,0.017486020112739895,140,0.0034315588761546665,0.004201332068524466,0.6285714285714286,0.017536551499220787,-0.0003867675828648745,-0.18446039750981508,0.8536522922313023
legacy,nq,nonreportable,long_oi_pct_change,3d_post_release,-0.6762514638474575,0.6590758781877364,139,0.006055882309556944,0.004908175681664906,0.6115107913669064,0.020746816229707133,140,0.004223700963090938,0.004227247765284048,0.5642857142857143,0.024049981814490494,0.0018321813464660056,0.681486933536815,0.49556343185438284
legacy,nq,nonreportable,long_oi_pct_change,1w_post_release,-0.6762514638474575,0.6590758781877364,139,0.005346921603416501,0.0042691477417351464,0.60431654676259,0.02856667733266115,140,0.00376497423130856,0.0015967051634693252,0.5214285714285715,0.029422930573684742,0.001581947372107941,0.45563472313728204,0.6486526694957254
legacy,nq,nonreportable,long_oi_pct_change,2w_post_release,-0.6762514638474575,0.6590758781877364,139,0.007074877854730385,0.009999190830683569,0.6115107913669064,0.038275307439688704,140,0.007458378107806229,0.011857501782137958,0.6214285714285714,0.04366080988022383,-0.0003835002530758443,-0.07802888285132006,0.9378050778356154
legacy,nq,nonreportable,long_oi_pct_change,4w_post_release,-0.6762514638474575,0.6590758781877364,139,0.016023530249084133,0.02240153634745856,0.6330935251798561,0.055315037419571805,139,0.02385792511310664,0.02148434792653342,0.6906474820143885,0.055543857162796,-0.007834394864022508,-1.178301378780681,0.2386764783296958
legacy,nq,nonreportable,long_oi_pct_change,13w_post_release,-0.6762514638474575,0.6590758781877364,137,0.04719485875701737,0.05080645945611728,0.7737226277372263,0.09214498650118713,137,0.0548798601204146,0.054968267371990676,0.7372262773722628,0.10038954546566019,-0.007685001363397226,-0.6601046441675578,0.5091866786104192
legacy,nq,nonreportable,short_oi_pct_change,1d_post_release,-0.7081954227908631,0.7032141958958582,140,5.2126261526903265e-05,-0.00036221277453168943,0.4857142857142857,0.015128287566689614,140,0.000794538307208734,0.0019189202598165478,0.6214285714285714,0.01727571369383461,-0.0007424120456818307,-0.38253732195707685,0.7020628511103957
legacy,nq,nonreportable,short_oi_pct_change,2d_post_release,-0.7081954227908631,0.7032141958958582,140,0.0034934949504871835,0.003620080783842461,0.6357142857142857,0.019305491018636097,140,0.0016361262632873202,0.0022132641595461466,0.5857142857142857,0.016621689403177715,0.0018573686871998633,0.8626718572033515,0.38831790988639986
legacy,nq,nonreportable,short_oi_pct_change,3d_post_release,-0.7081954227908631,0.7032141958958582,140,0.005824902071412344,0.0066428061254082404,0.6142857142857143,0.02219429674135652,140,0.0032851796901439403,0.0037453442090639166,0.5857142857142857,0.022388313677298117,0.0025397223812684035,0.9532255083530724,0.34047582471761917
legacy,nq,nonreportable,short_oi_pct_change,1w_post_release,-0.7081954227908631,0.7032141958958582,140,0.007929635045067614,0.00890269473107086,0.6642857142857143,0.029925604474085894,140,0.0025957420500926864,0.004359436885132073,0.5428571428571428,0.03125357945102833,0.005333892994974927,1.4585366517940117,0.14469268020931153
legacy,nq,nonreportable,short_oi_pct_change,2w_post_release,-0.7081954227908631,0.7032141958958582,140,0.015034223445003193,0.015710061200373326,0.7071428571428572,0.03926933941739548,140,0.006467847717452998,0.011773149485840184,0.6357142857142857,0.04152616519298161,0.008566375727550195,1.7734525723853833,0.07615374417137699
legacy,nq,nonreportable,short_oi_pct_change,4w_post_release,-0.7081954227908631,0.7032141958958582,138,0.018168611300062334,0.024277564062395895,0.6594202898550725,0.06447057826513483,139,0.01500720510925722,0.02281602012219275,0.6690647482014388,0.06225695521178745,0.0031614061908051133,0.41510001604266883,0.6780686877082223
legacy,nq,nonreportable,short_oi_pct_change,13w_post_release,-0.7081954227908631,0.7032141958958582,137,0.05788626118752375,0.061651307261303634,0.7372262773722628,0.10792757958277445,137,0.051672094984944975,0.05449284341404015,0.7445255474452555,0.09569114627696647,0.006214166202578773,0.5042636232251566,0.6140761364592922
