dataset,market,category,position_change_metric,horizon,increase_n,increase_mean_return,increase_median_return,increase_hit_rate,increase_stdev,decrease_n,decrease_mean_return,decrease_median_return,decrease_hit_rate,decrease_stdev,mean_diff_up_minus_down,welch_t,normal_p_approx
tff_disaggregated,sp500,asset_mgr,net_oi_pct_change,1d_post_release,240,0.0009245686745288376,0.0009640552980597628,0.55,0.00976381506970642,297,8.415520830555116e-05,0.000969053663222974,0.569023569023569,0.013368470371504225,0.0008404134662232865,0.8408531819159146,0.40043018941552977
tff_disaggregated,sp500,asset_mgr,net_oi_pct_change,2d_post_release,240,0.0008762944753560995,0.0015253736203875157,0.5541666666666667,0.012500438905137337,297,0.0018479891009795747,0.0017585173130429954,0.5892255892255892,0.014138454733001904,-0.0009716946256234752,-0.8444292102093197,0.39842960535235894
tff_disaggregated,sp500,asset_mgr,net_oi_pct_change,3d_post_release,240,0.0022679107769496424,0.0024043623459572006,0.6166666666666667,0.01622772239256753,297,0.0021060844421426353,0.00132761714136298,0.5387205387205387,0.019144802218444064,0.0001618263348070071,0.10598567969487044,0.9155937141351749
tff_disaggregated,sp500,asset_mgr,net_oi_pct_change,1w_post_release,240,0.003527769199247692,0.004809574956636031,0.6041666666666666,0.02253258483314398,297,0.0022237184023162463,0.003226667520847215,0.5824915824915825,0.024270904014901253,0.001304050796931446,0.6441102057618923,0.5195039728151294
tff_disaggregated,sp500,asset_mgr,net_oi_pct_change,2w_post_release,239,0.00591739348606816,0.006901480066513699,0.6401673640167364,0.03113471624769809,297,0.005327802813034269,0.008754863813229541,0.6565656565656566,0.03152976895788714,0.0005895906730338909,0.2166914273481458,0.8284488292684056
tff_disaggregated,sp500,asset_mgr,net_oi_pct_change,4w_post_release,239,0.008949388279763281,0.014194535715893242,0.6736401673640168,0.05020200766619508,294,0.012781348278039029,0.018639846993461218,0.6938775510204082,0.04271803114789329,-0.003831959998275748,-0.9362451678505104,0.3491469724381294
tff_disaggregated,sp500,asset_mgr,net_oi_pct_change,13w_post_release,236,0.033588001568662415,0.04236736179821299,0.7415254237288136,0.07320262810641787,288,0.03703584638731732,0.04663891830024236,0.7638888888888888,0.06884326590994305,-0.0034478448186549063,-0.5509520183682248,0.5816665668998201
tff_disaggregated,sp500,asset_mgr,long_oi_pct_change,1d_post_release,184,0.0005291393007413332,0.0008324476610462872,0.5489130434782609,0.009250430420461735,353,0.00042359475189026745,0.0010166708878267539,0.56657223796034,0.013068581546794269,0.00010554454885106573,0.10835059276878124,0.9137175915763069
tff_disaggregated,sp500,asset_mgr,long_oi_pct_change,2d_post_release,184,0.0005612094000412462,0.0011883956227383141,0.5489130434782609,0.011931344828825925,353,0.0018580762251241027,0.0017585173130429954,0.5864022662889519,0.014140742707761294,-0.0012968668250828565,-1.1202638136565437,0.2626013575923186
tff_disaggregated,sp500,asset_mgr,long_oi_pct_change,3d_post_release,184,0.001167419170165717,0.0022471868334019707,0.5869565217391305,0.015521899522419431,353,0.0027053839616821103,0.0016836319125601573,0.56657223796034,0.018998823485124453,-0.0015379647915163932,-1.0071361301666097,0.3138693607878993
tff_disaggregated,sp500,asset_mgr,long_oi_pct_change,1w_post_release,184,0.002495520443912622,0.001922719929335015,0.5489130434782609,0.02144451059705446,353,0.0029686493247236515,0.004667783812158044,0.6147308781869688,0.024527012275057578,-0.0004731288808110293,-0.23076838608345232,0.817494742616275
tff_disaggregated,sp500,asset_mgr,long_oi_pct_change,2w_post_release,183,0.006387521544705703,0.006856233296651304,0.6229508196721312,0.028481433254123414,353,0.005177614832748794,0.008754863813229541,0.6628895184135978,0.03273534731180577,0.0012099067119569085,0.4427277743817542,0.6579626503896145
tff_disaggregated,sp500,asset_mgr,long_oi_pct_change,4w_post_release,183,0.011471433936207703,0.016040357434441654,0.6830601092896175,0.04242121695827531,350,0.010849565092231112,0.01720995047356788,0.6857142857142857,0.04814204771634761,0.0006218688439765911,0.15330022277775854,0.8781615250004045
tff_disaggregated,sp500,asset_mgr,long_oi_pct_change,13w_post_release,179,0.03729537547173288,0.04354136429608135,0.7430167597765364,0.0710081931925289,345,0.034542666435685605,0.04505994311704198,0.7594202898550725,0.0707646582602792,0.0027527090360472753,0.42133816754241615,0.673508163341447
tff_disaggregated,sp500,asset_mgr,short_oi_pct_change,1d_post_release,215,0.000540388592528066,0.0011706865481149187,0.5953488372093023,0.014022044475221263,322,0.00040592245764017236,0.000871104260109834,0.5372670807453416,0.010246119319270445,0.00013446613488789368,0.12072810682220396,0.9039063957976973
tff_disaggregated,sp500,asset_mgr,short_oi_pct_change,2d_post_release,215,0.0010848840310535655,0.002593033849604076,0.5953488372093023,0.014268352778363103,322,0.001633271336645593,0.0013885187734797855,0.5590062111801242,0.012853686379917718,-0.0005483873055920276,-0.45384729168756266,0.6499387426314401
tff_disaggregated,sp500,asset_mgr,short_oi_pct_change,3d_post_release,215,0.0014700371822910954,0.0022486651010849013,0.5720930232558139,0.020354287108994486,322,0.0026513902844462465,0.0019496247381450837,0.5745341614906833,0.016040539943917215,-0.001181353102155151,-0.7155081537855001,0.4742951043191089
tff_disaggregated,sp500,asset_mgr,short_oi_pct_change,1w_post_release,215,0.0016336972204193743,0.0026047833293867395,0.5534883720930233,0.025517847472069626,322,0.0035896399717925643,0.005057511219714539,0.6180124223602484,0.02205171926063204,-0.00195594275137319,-0.9180872398468901,0.3585731946647665
tff_disaggregated,sp500,asset_mgr,short_oi_pct_change,2w_post_release,214,0.006132736311401363,0.010322990401261611,0.6448598130841121,0.03418071381643605,322,0.005230462447209865,0.007562834163460819,0.6521739130434783,0.029325785610132323,0.0009022738641914982,0.3164362469078477,0.7516714082558119
tff_disaggregated,sp500,asset_mgr,short_oi_pct_change,4w_post_release,212,0.01331781735215143,0.018790072427713356,0.7264150943396226,0.044386632402947754,321,0.009573965464021167,0.014194535715893242,0.6573208722741433,0.0473989855243521,0.003743851888130263,0.9275311338626704,0.3536508346421363
tff_disaggregated,sp500,asset_mgr,short_oi_pct_change,13w_post_release,207,0.03647863094279778,0.04546669889826549,0.7439613526570048,0.07278957456248095,317,0.03483285654445609,0.04354136429608135,0.7602523659305994,0.06956536972783164,0.0016457743983416956,0.257461004237482,0.7968229149535573
tff_disaggregated,sp500,dealer,net_oi_pct_change,1d_post_release,297,0.00026562462668890265,0.0008835217690965624,0.5420875420875421,0.013594450396141202,240,0.0007000002692794401,0.001015028983333166,0.5833333333333334,0.009384738498752905,-0.00043437564259053745,-0.43673493494725296,0.6623035904875951
tff_disaggregated,sp500,dealer,net_oi_pct_change,2d_post_release,297,0.0012749577676090386,0.0017585173130429954,0.5723905723905723,0.013580900171194229,240,0.001585420750402138,0.001580781305775214,0.575,0.01326170491792927,-0.00031046298279309935,-0.26682710583868746,0.7896022832029396
tff_disaggregated,sp500,dealer,net_oi_pct_change,3d_post_release,297,0.0019210454830915758,0.0021395002709763133,0.5589225589225589,0.018488362504453387,240,0.002496896488775329,0.002222445801126738,0.5916666666666667,0.017139573496158,-0.0005758510056837532,-0.37366711305491784,0.7086519957398015
tff_disaggregated,sp500,dealer,net_oi_pct_change,1w_post_release,297,0.0029572779835536226,0.004264814133235095,0.6127946127946128,0.023992666266525322,240,0.0026199892174664386,0.002457245247165729,0.5666666666666667,0.022917898627713564,0.00033728876608718397,0.166035951894297,0.8681286573132914
tff_disaggregated,sp500,dealer,net_oi_pct_change,2w_post_release,297,0.004754660198819449,0.008538557795412904,0.6565656565656566,0.03360814780477883,239,0.006629625102895782,0.007830599137362837,0.6401673640167364,0.02827073582243202,-0.0018749649040763336,-0.7013377270851439,0.4830922746327556
tff_disaggregated,sp500,dealer,net_oi_pct_change,4w_post_release,294,0.010926550427521348,0.016723995910217004,0.6700680272108843,0.04509246090510314,239,0.011231022455713901,0.01611869594417925,0.702928870292887,0.04766173774733825,-0.00030447202819255254,-0.07513623048040415,0.9401063215298041
tff_disaggregated,sp500,dealer,net_oi_pct_change,13w_post_release,289,0.035621092088821284,0.0437809975311394,0.7474048442906575,0.06756013289205118,235,0.03531317666418029,0.04546669889826549,0.7617021276595745,0.0747209597230924,0.00030791542464099486,0.04896061555619772,0.9609506825089114
tff_disaggregated,sp500,dealer,long_oi_pct_change,1d_post_release,279,3.8115617207591144e-05,0.00017687645570885202,0.5232974910394266,0.01275569029825932,258,0.0009157221765610534,0.0014622916284856569,0.6007751937984496,0.010883552932247504,-0.0008776065593534623,-0.8596153846579893,0.3900010915788934
tff_disaggregated,sp500,dealer,long_oi_pct_change,2d_post_release,279,0.00035848980943034976,0.0005138605045247324,0.5340501792114696,0.013892924116096494,258,0.0025548247296330617,0.0028244099365801745,0.6162790697674418,0.01283486312816335,-0.002196334920202712,-1.904244253347622,0.05687838075372739
tff_disaggregated,sp500,dealer,long_oi_pct_change,3d_post_release,279,0.0016024690274469848,0.0008805738944417385,0.5376344086021505,0.0181572577244467,258,0.0028012279345991016,0.004019242924914068,0.6124031007751938,0.017597653843220044,-0.0011987589071521167,-0.7767185379246305,0.4373248472745921
tff_disaggregated,sp500,dealer,long_oi_pct_change,1w_post_release,279,0.0019343231570202158,0.0032132786893068754,0.5878136200716846,0.02443536266307931,258,0.003749739583328415,0.004561034334863656,0.5968992248062015,0.022447947551115514,-0.001815416426308199,-0.8973105827036191,0.36955321103706074
tff_disaggregated,sp500,dealer,long_oi_pct_change,2w_post_release,279,0.006287632443575995,0.008857108291042914,0.6630824372759857,0.031225242373522474,257,0.00483410516297185,0.007695207896288414,0.6342412451361867,0.03147919757933974,0.0014535272806041446,0.5361242053156274,0.5918727123175811
tff_disaggregated,sp500,dealer,long_oi_pct_change,4w_post_release,278,0.012774389620226699,0.01667735381019131,0.697841726618705,0.04666849381782734,255,0.009197411286995595,0.016266824129777202,0.6705882352941176,0.045741275325314676,0.003576978333231104,0.8931482364662593,0.3717777942338246
tff_disaggregated,sp500,dealer,long_oi_pct_change,13w_post_release,271,0.03784564808020132,0.04596106876159389,0.7453874538745388,0.07033711028267581,253,0.03295225889334847,0.041782586373748876,0.7628458498023716,0.07132862198897474,0.004893389186852851,0.7900219989156255,0.4295149209058979
tff_disaggregated,sp500,dealer,short_oi_pct_change,1d_post_release,242,0.0005423165513897736,0.0008912735932923299,0.5619834710743802,0.00977949307556399,295,0.0003920338078554051,0.001018020225231675,0.559322033898305,0.013391816301906705,0.00015028274353436852,0.15004772212859607,0.8807269646075709
tff_disaggregated,sp500,dealer,short_oi_pct_change,2d_post_release,242,0.0007584089679107402,0.0009039649375758296,0.5371900826446281,0.013549925500483978,295,0.0019512829384474523,0.002620554011266707,0.6033898305084746,0.01332533812938488,-0.001192873970536712,-1.0226577995888864,0.3064696708519667
tff_disaggregated,sp500,dealer,short_oi_pct_change,3d_post_release,242,0.0014607618504933837,0.0017118065056386245,0.5619834710743802,0.017228667459996527,295,0.002767123043948739,0.00243913922381922,0.5830508474576271,0.018412345509624697,-0.0013063611934553553,-0.8475435948844513,0.3966921985945244
tff_disaggregated,sp500,dealer,short_oi_pct_change,1w_post_release,242,0.0015585495820934598,0.0018727703392558137,0.5495867768595041,0.022979211049574295,295,0.0038303049981042512,0.005210254865790631,0.6271186440677966,0.023904015223138824,-0.0022717554160107912,-1.1193553485762018,0.26298857191983416
tff_disaggregated,sp500,dealer,short_oi_pct_change,2w_post_release,241,0.00628483176757991,0.007900523871384069,0.6348547717842323,0.029404347860955284,295,0.005023627195439694,0.008639330816211599,0.6610169491525424,0.0328519083761787,0.0012612045721402156,0.4685261607030181,0.6394083674161744
tff_disaggregated,sp500,dealer,short_oi_pct_change,4w_post_release,241,0.009389049102378592,0.015088555949974936,0.6846473029045643,0.04709891262347212,292,0.012444723831964582,0.018464677699355114,0.684931506849315,0.04551356188225957,-0.00305567472958599,-0.7568858250531039,0.4491182683692731
tff_disaggregated,sp500,dealer,short_oi_pct_change,13w_post_release,236,0.0331826325267409,0.04319532529905745,0.7330508474576272,0.07242426344712886,288,0.037368023796669675,0.044791530758012454,0.7708333333333334,0.06949578571197658,-0.004185391269928777,-0.6702384664916569,0.5027057860810804
tff_disaggregated,sp500,lev_money,net_oi_pct_change,1d_post_release,266,0.0007737308456439939,0.001244513438842132,0.6015037593984962,0.011160794495357137,271,0.00015157997716740715,0.00031579379075585834,0.5202952029520295,0.01257817226097366,0.0006221508684765868,0.6065550133114671,0.5441462628626945
tff_disaggregated,sp500,lev_money,net_oi_pct_change,2d_post_release,266,0.0022135620966118948,0.002030719123208957,0.6090225563909775,0.013411982413854955,271,0.0006286196286997547,0.001371839072169534,0.5387453874538746,0.01342125723297489,0.0015849424679121402,1.3687057170473025,0.17109128252112712
tff_disaggregated,sp500,lev_money,net_oi_pct_change,3d_post_release,266,0.00271371132798022,0.002478691141240552,0.5864661654135338,0.018064115064745444,271,0.001652983219710474,0.0016638638059633948,0.5608856088560885,0.017723038794952982,0.001060728108269746,0.6867315140503402,0.4922519340930716
tff_disaggregated,sp500,lev_money,net_oi_pct_change,1w_post_release,266,0.002908020963369725,0.0038428408237667355,0.6015037593984962,0.02383252606459044,271,0.0027069202843211233,0.0036074948732411904,0.5830258302583026,0.023207144057289512,0.0002011006790486017,0.09904338264130548,0.9211038250520416
tff_disaggregated,sp500,lev_money,net_oi_pct_change,2w_post_release,266,0.0049194574663646885,0.007865561504373453,0.6390977443609023,0.032576260613551226,270,0.006251995528105411,0.008680301292750103,0.6592592592592592,0.030090218513473876,-0.0013325380617407222,-0.4917505111743308,0.6228957255487011
tff_disaggregated,sp500,lev_money,net_oi_pct_change,4w_post_release,265,0.009810735084352063,0.01605561323826632,0.6943396226415094,0.04818961661066081,268,0.012301400728558214,0.017953491791462217,0.6753731343283582,0.04423849316807489,-0.0024906656442061515,-0.6213944248313201,0.5343401393876916
tff_disaggregated,sp500,lev_money,net_oi_pct_change,13w_post_release,261,0.03567956149766167,0.04285395129678915,0.7586206896551724,0.06715772111957606,263,0.03528793375993165,0.04546669889826549,0.7490494296577946,0.074351230629927,0.0003916277377300145,0.06328133907674802,0.9495424752364172
tff_disaggregated,sp500,lev_money,long_oi_pct_change,1d_post_release,280,0.0012117084425577213,0.0011666547291913076,0.5892857142857143,0.011207812723525145,257,-0.00035948554537934725,0.0004521003324267081,0.5291828793774319,0.012562444687440564,0.0015711939879370685,1.524144754786895,0.1274725548801248
tff_disaggregated,sp500,lev_money,long_oi_pct_change,2d_post_release,280,0.0024330479612973553,0.0019401413629696052,0.6035714285714285,0.013370696069466484,257,0.00030315178176318314,0.0009893460220886663,0.5408560311284046,0.013427266235925729,0.0021298961795341723,1.8399450891660056,0.06577629938419549
tff_disaggregated,sp500,lev_money,long_oi_pct_change,3d_post_release,280,0.002476527095315825,0.002422730162042086,0.5928571428571429,0.01808135703801061,257,0.0018536112027075714,0.0016836319125601573,0.5525291828793775,0.017695938712478636,0.0006229158926082537,0.40326040757829495,0.6867566647592598
tff_disaggregated,sp500,lev_money,long_oi_pct_change,1w_post_release,280,0.0032956138899664254,0.004657488617639927,0.6035714285714285,0.023269829131524564,257,0.0022736851522053387,0.0028141011506797042,0.5797665369649806,0.02377651988073376,0.0010219287377610867,0.5026407693862194,0.6152168599896309
tff_disaggregated,sp500,lev_money,long_oi_pct_change,2w_post_release,279,0.005514809324224956,0.008772033110009625,0.6344086021505376,0.03237629249359268,257,0.005673084347014417,0.008021586119623114,0.6653696498054474,0.03020812639536864,-0.00015827502278946155,-0.05854902183283925,0.9533113156600546
tff_disaggregated,sp500,lev_money,long_oi_pct_change,4w_post_release,278,0.011542979221951093,0.015918235257432523,0.6942446043165468,0.047908112686820804,255,0.010539890074135272,0.017200629294871872,0.6745098039215687,0.04439123841550099,0.0010030891478158208,0.2508990070963463,0.8018921920876835
tff_disaggregated,sp500,lev_money,long_oi_pct_change,13w_post_release,274,0.03593493900541956,0.04567003783450707,0.7518248175182481,0.07098791801524951,250,0.03498767536906705,0.043661180913610376,0.756,0.07071588134111645,0.0009472636363525092,0.15287497484392765,0.8784968710914348
tff_disaggregated,sp500,lev_money,short_oi_pct_change,1d_post_release,262,0.0009186868753574619,0.0008999687449815497,0.5419847328244275,0.010290193772384777,275,2.2525881490962555e-05,0.0010687182218256375,0.5781818181818181,0.013240271389707169,0.0008961609938664993,0.8780724442865899,0.3799044058205006
tff_disaggregated,sp500,lev_money,short_oi_pct_change,2d_post_release,262,0.0006428405415899281,0.0013510789675630352,0.5381679389312977,0.012939990436586894,275,0.0021481426006539506,0.0021215836645867014,0.6072727272727273,0.013859849929412072,-0.0015053020590640226,-1.3015365349926034,0.19307486731967688
tff_disaggregated,sp500,lev_money,short_oi_pct_change,3d_post_release,262,0.002265966802630464,0.001843019330138973,0.5687022900763359,0.01623445834860236,275,0.0020949904127094375,0.0022486651010849013,0.5781818181818181,0.019354545192840397,0.00017097638992102666,0.11110514618213686,0.91153296794762
tff_disaggregated,sp500,lev_money,short_oi_pct_change,1w_post_release,262,0.003954139320862196,0.004697141088488066,0.6106870229007634,0.021043379019347733,275,0.001713179895423549,0.0026229431979760687,0.5745454545454546,0.02560837145499733,0.002240959425438647,1.1101406442932635,0.2669384252944198
tff_disaggregated,sp500,lev_money,short_oi_pct_change,2w_post_release,261,0.0066547687992398845,0.008448203684929823,0.6513409961685823,0.029363414449085745,275,0.004580799352872211,0.008253249696973608,0.6472727272727272,0.03310385150338042,0.002073969446367674,0.7682184748862212,0.4423573992997591
tff_disaggregated,sp500,lev_money,short_oi_pct_change,4w_post_release,259,0.01240441570819042,0.016040357434441654,0.6718146718146718,0.043105853286377414,274,0.009795169796297737,0.01689342365495783,0.6970802919708029,0.04902449501605602,0.0026092459118926825,0.6534206924032595,0.5134851023430861
tff_disaggregated,sp500,lev_money,short_oi_pct_change,13w_post_release,256,0.034829493593582415,0.04571388382992969,0.74609375,0.07345565281816321,268,0.03610724540968143,0.04280649213108989,0.7611940298507462,0.06828283163606039,-0.0012777518160990153,-0.20599621241941718,0.8367938699120212
tff_disaggregated,sp500,other_reportable,net_oi_pct_change,1d_post_release,268,-9.93008133526244e-05,0.000951782028732584,0.5485074626865671,0.01345462470678386,269,0.0010167405082980412,0.000969053663222974,0.5724907063197026,0.010088535778337423,-0.0011160413216506656,-1.0871625211577398,0.27696499105724665
tff_disaggregated,sp500,other_reportable,net_oi_pct_change,2d_post_release,268,0.0023001596501982958,0.0023455189498273743,0.5895522388059702,0.013537856732155145,269,0.0005305600402351459,0.0009848125732638824,0.5576208178438662,0.0132831459598154,0.00176959960996315,1.5288297719555362,0.12630664970285094
tff_disaggregated,sp500,other_reportable,net_oi_pct_change,3d_post_release,268,0.0031523636706505495,0.002339421614374837,0.5895522388059702,0.01917210743562107,269,0.0012080751005573592,0.0016615072003320908,0.5576208178438662,0.016479727931009682,0.0019442885700931903,1.2599972931985062,0.2076703387021341
tff_disaggregated,sp500,other_reportable,net_oi_pct_change,1w_post_release,268,0.005199107974818164,0.005195716791974503,0.6492537313432836,0.024244303892662213,269,0.00042285515262491843,0.0012934302662681585,0.5353159851301115,0.022521581135769575,0.004776252822193246,2.3649410847754293,0.018032939362424488
tff_disaggregated,sp500,other_reportable,net_oi_pct_change,2w_post_release,268,0.007479290811822325,0.008380861988012023,0.6716417910447762,0.03202813879212627,268,0.0037021064965413616,0.008234894902276468,0.6268656716417911,0.030551533185387475,0.0037771843152809635,1.3970000651579195,0.162413551525701
tff_disaggregated,sp500,other_reportable,net_oi_pct_change,4w_post_release,266,0.012515473168404897,0.016087154591222785,0.6729323308270677,0.045169908176718246,267,0.009616121085435192,0.017238733256478955,0.6966292134831461,0.047280297137851764,0.002899352082969705,0.7238713456429383,0.4691447231262526
tff_disaggregated,sp500,other_reportable,net_oi_pct_change,13w_post_release,261,0.034777284033377,0.040338160544412416,0.7662835249042146,0.07213993229765857,263,0.0361833497986324,0.046143337037021004,0.7414448669201521,0.06955919168559924,-0.0014060657652553987,-0.22709038886542693,0.82035345740945
tff_disaggregated,sp500,other_reportable,long_oi_pct_change,1d_post_release,250,-0.0005686701600178341,0.000997828497793951,0.548,0.013729983881045764,287,0.0013556032012478336,0.0009317695307899942,0.5714285714285714,0.009955093125509256,-0.0019242733612656678,-1.835257038544967,0.06646761337291472
tff_disaggregated,sp500,other_reportable,long_oi_pct_change,2d_post_release,250,0.001079065734148085,0.0019400504888148484,0.56,0.014354675338324215,287,0.001705216040206886,0.001405198474790037,0.5853658536585366,0.012582647742427918,-0.0006261503060588011,-0.533812955683757,0.5934709493097864
tff_disaggregated,sp500,other_reportable,long_oi_pct_change,3d_post_release,250,0.0016505677475054728,0.001673747859261776,0.56,0.020101434422623438,287,0.0026382011460205877,0.0022621757258103337,0.5853658536585366,0.015721489397437102,-0.000987633398515115,-0.6274675264082564,0.5303528161784005
tff_disaggregated,sp500,other_reportable,long_oi_pct_change,1w_post_release,250,0.002320090500864807,0.0026287893824520348,0.592,0.02626142598821949,287,0.003230266021223587,0.005181178718158375,0.5923344947735192,0.020830674236089326,-0.00091017552035878,-0.4404361392056856,0.6596212551984459
tff_disaggregated,sp500,other_reportable,long_oi_pct_change,2w_post_release,249,0.00570667456571772,0.007912074535799452,0.642570281124498,0.0317401384535488,287,0.00549007843825002,0.008508474279050438,0.6550522648083623,0.031018105588832317,0.0002165961274676999,0.07963160847752758,0.9365302551058557
tff_disaggregated,sp500,other_reportable,long_oi_pct_change,4w_post_release,249,0.00927572155187272,0.01605561323826632,0.6546184738955824,0.0488732869497016,284,0.012630160303487998,0.017313563523766784,0.7112676056338029,0.04378566855803143,-0.003354438751615278,-0.8297523109249878,0.4066788387201492
tff_disaggregated,sp500,other_reportable,long_oi_pct_change,13w_post_release,244,0.034301315954687356,0.043129989437149185,0.75,0.07554393002807956,280,0.036512753702885724,0.045105719252211074,0.7571428571428571,0.06649479009348154,-0.002211437748198368,-0.3532984013333356,0.7238647439056662
tff_disaggregated,sp500,other_reportable,short_oi_pct_change,1d_post_release,257,0.0007106674364801169,0.000969053663222974,0.5680933852140078,0.010574847859153533,280,0.00022946088420814162,0.0009576943924716197,0.5535714285714286,0.01299561683783695,0.0004812065522719753,0.4722501164847704,0.6367482714958852
tff_disaggregated,sp500,other_reportable,short_oi_pct_change,2d_post_release,257,0.0004751056253611918,0.0009538285154289117,0.5525291828793775,0.013235788788633228,280,0.002275218897709183,0.0021909240864864676,0.5928571428571429,0.013567700869859414,-0.001800113272347991,-1.5555861056729945,0.11980654478289623
tff_disaggregated,sp500,other_reportable,short_oi_pct_change,3d_post_release,257,0.0009756556998154434,0.0018518856059639432,0.5642023346303502,0.017692623547011416,280,0.0032823648247560996,0.002244651218963667,0.5821428571428572,0.01801870849401407,-0.0023067091249406564,-1.4959842135926005,0.13465776903591303
tff_disaggregated,sp500,other_reportable,short_oi_pct_change,1w_post_release,257,0.001121561408863784,0.0019320868389702817,0.556420233463035,0.023516674347497157,280,0.004353098897247781,0.00534863584108336,0.625,0.023414668671905964,-0.003231537488383997,-1.5940179025417616,0.11093202519481599
tff_disaggregated,sp500,other_reportable,short_oi_pct_change,2w_post_release,256,0.006270006443132925,0.008763448461619583,0.6484375,0.029743691567670275,280,0.004969617247140855,0.0076842331108146755,0.65,0.03274733550300518,0.0013003891959920705,0.4817655386037883,0.6299725126811925
tff_disaggregated,sp500,other_reportable,short_oi_pct_change,4w_post_release,255,0.011034445674291115,0.018169302969595735,0.7019607843137254,0.045704358257762194,278,0.011089340092311743,0.01532693360219961,0.6690647482014388,0.04676735922628422,-5.4894418020628305e-05,-0.013698245892443608,0.9890707228918677
tff_disaggregated,sp500,other_reportable,short_oi_pct_change,13w_post_release,250,0.03812567476977243,0.046007345824866874,0.752,0.06704082181383231,274,0.03307180086608983,0.041906192889562766,0.7554744525547445,0.07408941216197823,0.005053873903682601,0.8197213563810515,0.4123749724431876
tff_disaggregated,sp500,non_reportable,net_oi_pct_change,1d_post_release,277,0.0002340215839861112,0.0008661314657181229,0.5415162454873647,0.009958077981005129,260,0.0007002561538058343,0.0010937644650903522,0.5807692307692308,0.01366728574537521,-0.0004662345698197231,-0.4493774541742306,0.6531593925409857
tff_disaggregated,sp500,non_reportable,net_oi_pct_change,2d_post_release,277,0.0008122840480440662,0.0009620259094491601,0.5451263537906137,0.012823489303939256,260,0.002054464445262274,0.0025803988076688045,0.6038461538461538,0.014039105463605064,-0.0012421803972182078,-1.068419689247332,0.2853312394308934
tff_disaggregated,sp500,non_reportable,net_oi_pct_change,3d_post_release,277,0.002089719140678894,0.002369585468095181,0.5631768953068592,0.01658470359963818,260,0.002272897937754705,0.001843019330138973,0.5846153846153846,0.019203590388385025,-0.00018317879707581072,-0.11796291357986831,0.9060970433347779
tff_disaggregated,sp500,non_reportable,net_oi_pct_change,1w_post_release,277,0.00275772070391985,0.004149044064975405,0.5992779783393501,0.02137086766156342,260,0.0028585397627752802,0.0031473862014193,0.5846153846153846,0.025610875200926177,-0.00010081905885543033,-0.04936216570578308,0.9606306787793378
tff_disaggregated,sp500,non_reportable,net_oi_pct_change,2w_post_release,276,0.005926420035781148,0.008234894902276468,0.6521739130434783,0.027399333029710947,260,0.005234317495253352,0.008380861988012023,0.6461538461538462,0.035067752565234034,0.0006921025405277961,0.2535699902996402,0.7998277832806987
tff_disaggregated,sp500,non_reportable,net_oi_pct_change,4w_post_release,275,0.012142985324088255,0.01554254545707523,0.6909090909090909,0.04446336818576477,258,0.009912012513498557,0.018073160106173436,0.6782945736434108,0.04807866566484283,0.0022309728105896973,0.5551713246648643,0.5787774807063975
tff_disaggregated,sp500,non_reportable,net_oi_pct_change,13w_post_release,272,0.03590945186668987,0.043129989437149185,0.7757352941176471,0.06679519448565979,252,0.035022703261952684,0.04524209358028841,0.7301587301587301,0.07499878578138935,0.0008867486047371836,0.14249920079885428,0.8866857105996836
tff_disaggregated,sp500,non_reportable,long_oi_pct_change,1d_post_release,263,-0.00046907687921232444,0.000969053663222974,0.5513307984790875,0.01394885619925126,274,0.0013513058320675586,0.0009722185371270342,0.5693430656934306,0.009445403473147223,-0.001820382711279883,-1.7636116419054364,0.07779738630636503
tff_disaggregated,sp500,non_reportable,long_oi_pct_change,2d_post_release,263,0.0013337007379989213,0.0022666008273093396,0.5855513307984791,0.01379234598605134,274,0.0014905114707397125,0.001454473551079194,0.5620437956204379,0.01309274350469998,-0.00015681073274079129,-0.13501502487414216,0.8925999949736536
tff_disaggregated,sp500,non_reportable,long_oi_pct_change,3d_post_release,263,0.002593803478555959,0.0031487066388551366,0.5931558935361216,0.018383645651326636,274,0.001779691061766641,0.0014072876491643127,0.5547445255474452,0.017415245725521684,0.0008141124167893182,0.5263948421949189,0.5986138985910955
tff_disaggregated,sp500,non_reportable,long_oi_pct_change,1w_post_release,263,0.003427419197311872,0.00487206115941774,0.623574144486692,0.023932873651735576,274,0.002210575636548719,0.002733448293098517,0.5620437956204379,0.023099498606098032,0.001216843560763153,0.5991122217505133,0.5490980521382883
tff_disaggregated,sp500,non_reportable,long_oi_pct_change,2w_post_release,262,0.005070321262040556,0.007527774052075276,0.6526717557251909,0.03267095684115244,274,0.006088285795572418,0.009105969499256794,0.6459854014598541,0.030035977962648983,-0.0010179645335318625,-0.37505940038862895,0.7076162904724166
tff_disaggregated,sp500,non_reportable,long_oi_pct_change,4w_post_release,261,0.010885103664575521,0.01531182851795454,0.6896551724137931,0.0441769126079905,272,0.011233853441737822,0.018215204020930242,0.6801470588235294,0.048176966164496064,-0.0003487497771623004,-0.08715869986901618,0.9305453671081986
tff_disaggregated,sp500,non_reportable,long_oi_pct_change,13w_post_release,255,0.03945391403510702,0.046143337037021004,0.7843137254901961,0.06877524649508773,269,0.0317187511182135,0.04354136429608135,0.724907063197026,0.07257944534741281,0.007735162916893523,1.2526359519892858,0.21033822462797155
tff_disaggregated,sp500,non_reportable,short_oi_pct_change,1d_post_release,272,-0.00035895819101273453,0.0008748266174073427,0.5441176470588235,0.013871452048476701,265,0.0013001026668269188,0.0009963410653295313,0.5773584905660377,0.009387197454455308,-0.0016590608578396534,-1.6268880427111625,0.10376087797551775
tff_disaggregated,sp500,non_reportable,short_oi_pct_change,2d_post_release,272,0.0016659650482773781,0.00259415888850012,0.6029411764705882,0.014080799734331824,265,0.0011547960148866065,0.0009620259094491601,0.5433962264150943,0.012743824799353775,0.0005111690333907716,0.4412899247513279,0.6590031191593986
tff_disaggregated,sp500,non_reportable,short_oi_pct_change,3d_post_release,272,0.0029095411514542427,0.0031762059489856,0.6029411764705882,0.018669419631323497,265,0.001427964047504615,0.0012428328902269747,0.5433962264150943,0.017042893230545284,0.0014815771039496277,0.9608686061251441,0.3366182375712665
tff_disaggregated,sp500,non_reportable,short_oi_pct_change,1w_post_release,272,0.003249057171891707,0.005142838421130724,0.6323529411764706,0.024410692138007204,265,0.0023523223492559506,0.0024473743524395797,0.5509433962264151,0.022558424024271686,0.0008967348226357565,0.44226998664190675,0.658293846817565
tff_disaggregated,sp500,non_reportable,short_oi_pct_change,2w_post_release,272,0.00523872161046538,0.008588944305812252,0.6507352941176471,0.032695461423156574,264,0.0059533416689200175,0.007959461673231472,0.6477272727272727,0.02990810060501282,-0.0007146200584546378,-0.2641607904013201,0.7916560229275466
tff_disaggregated,sp500,non_reportable,short_oi_pct_change,4w_post_release,270,0.011845556468701045,0.017440927367528225,0.7,0.04463467332124103,263,0.010259771658013752,0.015360023732895689,0.6692015209125475,0.04786180670860108,0.0015857848106872931,0.3953505679249834,0.6925841847948107
tff_disaggregated,sp500,non_reportable,short_oi_pct_change,13w_post_release,264,0.03934864186184267,0.04555628207448703,0.7651515151515151,0.0704247437683047,260,0.03155788722394329,0.042968906356612435,0.7423076923076923,0.07108339754574655,0.007790754637899383,1.2601752784506055,0.2076061388686007
tff_disaggregated,nq,asset_mgr,net_oi_pct_change,1d_post_release,259,0.0022171232138623893,0.002757677955993243,0.6254826254826255,0.012940561211281945,300,8.132035129206128e-05,0.00119394381126392,0.56,0.015486176773334822,0.002135802862570328,1.7761625918262518,0.07570612204163459
tff_disaggregated,nq,asset_mgr,net_oi_pct_change,2d_post_release,259,0.002917263497299361,0.003424760375972724,0.6293436293436293,0.01649838251821741,300,0.0019315596803906032,0.0026352339477876408,0.5733333333333334,0.017582766569460027,0.000985703816908758,0.6832221459810393,0.4944664807880525
tff_disaggregated,nq,asset_mgr,net_oi_pct_change,3d_post_release,259,0.004081323318809163,0.004513393026643664,0.5945945945945946,0.020879307199598338,300,0.003410420361621368,0.003809334932832864,0.5933333333333334,0.021420464434787508,0.0006709029571877944,0.3743075405205427,0.7081755226528577
tff_disaggregated,nq,asset_mgr,net_oi_pct_change,1w_post_release,259,0.006352772656965372,0.007583737583737538,0.6254826254826255,0.02886617428819579,300,0.0023483083938568897,0.0025891511320265126,0.5466666666666666,0.027754070079676806,0.004004464263108482,1.6649416575098654,0.09592439614848408
tff_disaggregated,nq,asset_mgr,net_oi_pct_change,2w_post_release,258,0.010014943190716961,0.012516585198958041,0.6744186046511628,0.038871087354771156,300,0.006847794116746185,0.011385698910135189,0.6066666666666667,0.037724691822890864,0.0031671490739707767,0.9727692159573342,0.33066801572432425
tff_disaggregated,nq,asset_mgr,net_oi_pct_change,4w_post_release,257,0.02016109752499217,0.028647370323236165,0.688715953307393,0.05620602228011198,298,0.013512995857710385,0.017670190494667892,0.6442953020134228,0.05560931341626761,0.006648101667281785,1.3962949061405219,0.1626257071116391
tff_disaggregated,nq,asset_mgr,net_oi_pct_change,13w_post_release,252,0.05733430150993409,0.05487241919055408,0.7896825396825397,0.09289439773207003,294,0.04935403997333087,0.058698024899964896,0.7517006802721088,0.09088569017958205,0.007980261536603223,1.0107309167521086,0.3121452354786268
tff_disaggregated,nq,asset_mgr,long_oi_pct_change,1d_post_release,234,0.0017111294244622059,0.0023162756402365092,0.6068376068376068,0.013726460111623548,325,0.0006099284075502186,0.001462991427764626,0.5784615384615385,0.014853097711262545,0.0011012010169119872,0.9039581098480611,0.3660176142257996
tff_disaggregated,nq,asset_mgr,long_oi_pct_change,2d_post_release,234,0.002708888895287401,0.0032849375767022293,0.6239316239316239,0.015357443796786127,325,0.0021574127643706575,0.0029112388050922533,0.5815384615384616,0.018240848817879827,0.0005514761309167436,0.3868992723816473,0.6988307798453454
tff_disaggregated,nq,asset_mgr,long_oi_pct_change,3d_post_release,234,0.0031709217779755812,0.00397003999575829,0.5854700854700855,0.019382751116406274,325,0.0041175173908052235,0.004251719875130622,0.6,0.022365553888457908,-0.0009465956128296422,-0.5337997409714825,0.5934800930070087
tff_disaggregated,nq,asset_mgr,long_oi_pct_change,1w_post_release,234,0.005833953885225059,0.007706191253241679,0.6239316239316239,0.026769244615380005,325,0.003029893622056721,0.0031461068756546418,0.5538461538461539,0.029370424865372235,0.0028040602631683384,1.1727869458457927,0.24088125433217844
tff_disaggregated,nq,asset_mgr,long_oi_pct_change,2w_post_release,233,0.009639060078052094,0.01281789339673578,0.6652360515021459,0.03940721129401097,325,0.00736090024628521,0.010887283811543247,0.6184615384615385,0.03744326282475189,0.0022781598317668838,0.6875549037066938,0.4917331149840762
tff_disaggregated,nq,asset_mgr,long_oi_pct_change,4w_post_release,232,0.019823609315713118,0.026112165488743178,0.6637931034482759,0.054020630477615426,323,0.014269961202090523,0.02148434792653342,0.6656346749226006,0.05723980201943111,0.005553648113622595,1.1650728609349412,0.24398950121317875
tff_disaggregated,nq,asset_mgr,long_oi_pct_change,13w_post_release,229,0.0554669662721421,0.05324302691873828,0.7903930131004366,0.09361064158233015,317,0.05128200774871333,0.05871031437889651,0.7539432176656151,0.09061276372428366,0.004184958523428768,0.5224372424409458,0.6013659312855912
tff_disaggregated,nq,asset_mgr,short_oi_pct_change,1d_post_release,258,-0.0001886880050031815,0.0012838660981550065,0.562015503875969,0.01595921620870169,301,0.0021505399437501595,0.002344467084597346,0.6146179401993356,0.012822861171250427,-0.0023392279487533412,-1.8890183087626826,0.05888937546325822
tff_disaggregated,nq,asset_mgr,short_oi_pct_change,2d_post_release,258,0.001704391907380509,0.0026352339477876408,0.5813953488372093,0.017554963296895227,301,0.002974438663832373,0.0034844621566172407,0.6146179401993356,0.01667065539448648,-0.001270046756451864,-0.87272978968374,0.38281037644846283
tff_disaggregated,nq,asset_mgr,short_oi_pct_change,3d_post_release,258,0.002578932189029044,0.004624437589163866,0.5930232558139535,0.022497520922348156,301,0.004700413100626214,0.004065864676262576,0.5946843853820598,0.01991864443000789,-0.0021214809115971695,-1.17141130128645,0.24143349181142748
tff_disaggregated,nq,asset_mgr,short_oi_pct_change,1w_post_release,258,0.0024842689097692564,0.003300807193299171,0.5581395348837209,0.028698153078465755,301,0.0056774726165801665,0.0072054967515706725,0.6046511627906976,0.02795517858051437,-0.00319320370681091,-1.3272215333903328,0.18443541125626098
tff_disaggregated,nq,asset_mgr,short_oi_pct_change,2w_post_release,257,0.005333427342813551,0.010905160256811097,0.5875486381322957,0.03853963750787147,301,0.010855490867527406,0.01196542169549919,0.6810631229235881,0.03789309235232901,-0.0055220635247138555,-1.700120588953455,0.08910824528232981
tff_disaggregated,nq,asset_mgr,short_oi_pct_change,4w_post_release,256,0.012534899565189188,0.020706606908818204,0.64453125,0.056985300853525225,299,0.020064684083051003,0.025569176290338724,0.6822742474916388,0.0548759138951026,-0.007529784517861815,-1.578452576569523,0.11446167471938444
tff_disaggregated,nq,asset_mgr,short_oi_pct_change,13w_post_release,254,0.05546255194295528,0.06308764118558463,0.7874015748031497,0.08851808233303093,292,0.050927546366958995,0.05280034726777405,0.7534246575342466,0.09469958877268539,0.004535005575996287,0.5779980800436637,0.5632654154749576
tff_disaggregated,nq,dealer,net_oi_pct_change,1d_post_release,291,0.00022243658193720324,0.0013611772493649088,0.5738831615120275,0.015607023459373193,268,0.0019921715389337727,0.0022449257518135646,0.6082089552238806,0.012905595601973815,-0.0017697349569965695,-1.4653892583364203,0.1428147464115748
tff_disaggregated,nq,dealer,net_oi_pct_change,2d_post_release,291,0.0027155479482421216,0.0029806702577759303,0.5910652920962199,0.0176995906298198,268,0.0020328906603703663,0.0031792070308430675,0.6082089552238806,0.016408162137731896,0.0006826572878717552,0.4732092072195079,0.6360639296035684
tff_disaggregated,nq,dealer,net_oi_pct_change,3d_post_release,291,0.003694021974844676,0.004863208231692617,0.6013745704467354,0.021471347185618512,268,0.003750852437978294,0.0037453442090639166,0.585820895522388,0.020846564508919634,-5.683046313361816e-05,-0.03174033776242388,0.9746791261977352
tff_disaggregated,nq,dealer,net_oi_pct_change,1w_post_release,291,0.004778494386788321,0.006180547533787495,0.5945017182130584,0.029207418612743775,268,0.0035795476483421523,0.003972655836886663,0.5708955223880597,0.027364471620887624,0.001198946738446169,0.5010593120671787,0.6163293809920494
tff_disaggregated,nq,dealer,net_oi_pct_change,2w_post_release,290,0.007299382676307639,0.0115670687897661,0.6344827586206897,0.04019483830398724,268,0.0094081067242523,0.011943258194272777,0.6417910447761194,0.03608645651991643,-0.0021087240479446606,-0.6529403408137032,0.5137947405564316
tff_disaggregated,nq,dealer,net_oi_pct_change,4w_post_release,289,0.018667673921646238,0.02163848245387401,0.6885813148788927,0.054347665359764166,266,0.014335778444229024,0.02452151693429805,0.6390977443609023,0.05762659774006459,0.004331895477417214,0.909119429820455,0.3632870874893237
tff_disaggregated,nq,dealer,net_oi_pct_change,13w_post_release,285,0.05373990754182253,0.05945208610282182,0.7543859649122807,0.09605725996034437,261,0.05226995434192815,0.05324302691873828,0.7854406130268199,0.08713589574448756,0.001469953199894375,0.18749327309865302,0.8512738974597345
tff_disaggregated,nq,dealer,long_oi_pct_change,1d_post_release,280,0.00043744823893731736,0.0013703432144227534,0.5678571428571428,0.015805519140960504,279,0.0017066147343208903,0.0022173692996412253,0.6129032258064516,0.012810405469354313,-0.0012691664953835729,-1.0431111069848276,0.29689683713565684
tff_disaggregated,nq,dealer,long_oi_pct_change,2d_post_release,280,0.002008616911196486,0.002652335678061557,0.575,0.016368229692115845,279,0.0027692703038806436,0.0034844621566172407,0.6236559139784946,0.017788575348588236,-0.0007606533926841578,-0.5260261927700519,0.59887000832821
tff_disaggregated,nq,dealer,long_oi_pct_change,3d_post_release,280,0.0021811636272839946,0.0037810335509989024,0.5857142857142857,0.021009037731605465,279,0.005266892589313495,0.004462250431070736,0.6021505376344086,0.021226168593920486,-0.0030857289620295006,-1.7273431918277433,0.08410604650736095
tff_disaggregated,nq,dealer,long_oi_pct_change,1w_post_release,280,0.004198495837722399,0.005938503469922862,0.5857142857142857,0.02894631255307076,279,0.0042088953467699875,0.0042691477417351464,0.5806451612903226,0.027729044545240816,-1.0399509047588282e-05,-0.004337508244819328,0.996539179991072
tff_disaggregated,nq,dealer,long_oi_pct_change,2w_post_release,279,0.008403556269779712,0.013050542669624354,0.6523297491039427,0.04053079212822133,279,0.008220793472975958,0.010653193868274569,0.6236559139784946,0.03591272499119232,0.00018276279680375443,0.05637326484072942,0.9550444546433319
tff_disaggregated,nq,dealer,long_oi_pct_change,4w_post_release,278,0.019241256418315943,0.025041472850517832,0.7014388489208633,0.053604479128046265,277,0.013932149982775631,0.021620782748855705,0.628158844765343,0.05815460914030022,0.005309106435540311,1.11813158979385,0.26351079641277697
tff_disaggregated,nq,dealer,long_oi_pct_change,13w_post_release,274,0.05710252179365924,0.06688678315039764,0.7591240875912408,0.09060822974184596,272,0.04894206162205895,0.05063885512319399,0.7794117647058824,0.09301182442567774,0.00816046017160029,1.03831689773435,0.29912254430277635
tff_disaggregated,nq,dealer,short_oi_pct_change,1d_post_release,279,0.0019614198529064584,0.0020609343665995983,0.6057347670250897,0.012714591005034283,280,0.0001835531386324121,0.001486968533963351,0.575,0.015857961208825405,0.0017778667142740463,1.4626064441510793,0.1435750989207282
tff_disaggregated,nq,dealer,short_oi_pct_change,2d_post_release,279,0.001933871781981621,0.0029112388050922533,0.5913978494623656,0.01585881954987995,280,0.0028410318669458688,0.003351928978713725,0.6071428571428571,0.018234447583691468,-0.0009071600849642478,-0.627657364560414,0.5302284210257951
tff_disaggregated,nq,dealer,short_oi_pct_change,3d_post_release,279,0.00355233643250372,0.0030262089734314213,0.5734767025089605,0.020537659211952372,280,0.003889596369248021,0.005350825655815683,0.6142857142857143,0.02178861616566572,-0.00033725993674430096,-0.18831861736888997,0.8506268918955793
tff_disaggregated,nq,dealer,short_oi_pct_change,1w_post_release,279,0.0037426719224527977,0.0042691477417351464,0.5806451612903226,0.027200447808427015,280,0.004663054178381313,0.005788819040804083,0.5857142857142857,0.029434609484203525,-0.0009203822559285153,-0.38395563712057806,0.7010113284080223
tff_disaggregated,nq,dealer,short_oi_pct_change,2w_post_release,278,0.009364137395485805,0.012516585198958041,0.6510791366906474,0.0359393677934467,280,0.007267726365299206,0.011503796282838041,0.625,0.040464780275750754,0.002096411030186599,0.6471504297297601,0.5175345896973773
tff_disaggregated,nq,dealer,short_oi_pct_change,4w_post_release,277,0.015135605033023119,0.023825155821619814,0.6462093862815884,0.05595852041655023,278,0.018042130343069347,0.022226351903877895,0.6834532374100719,0.05597343281221853,-0.0029065253100462284,-0.6117386408053794,0.5407106919572214
tff_disaggregated,nq,dealer,short_oi_pct_change,13w_post_release,272,0.050245806146753426,0.05284929510995773,0.7757352941176471,0.08513710604216851,274,0.055808293652356705,0.061841714653742,0.7627737226277372,0.09808298619863047,-0.005562487505603279,-0.7078151029977742,0.4790600861302207
tff_disaggregated,nq,lev_money,net_oi_pct_change,1d_post_release,297,0.0012880424812424878,0.0018057586974518092,0.5959595959595959,0.012775457243538145,262,0.0008247419879731235,0.0016683646159216803,0.583969465648855,0.01604641436049647,0.0004633004932693643,0.3742734762466322,0.7082008633352543
tff_disaggregated,nq,lev_money,net_oi_pct_change,2d_post_release,297,0.002141842403320829,0.0024220803388608214,0.5824915824915825,0.017957932995023514,262,0.002667602885997822,0.0032849375767022293,0.6183206106870229,0.016058322286469532,-0.0005257604826769927,-0.3654242446696497,0.7147947461224042
tff_disaggregated,nq,lev_money,net_oi_pct_change,3d_post_release,297,0.003935298788304189,0.0030262089734314213,0.5656565656565656,0.021585298178176386,262,0.0034786454501207612,0.0050932413063921045,0.6259541984732825,0.020695353776557162,0.00045665333818342745,0.2551376737512759,0.7986167673289527
tff_disaggregated,nq,lev_money,net_oi_pct_change,1w_post_release,297,0.003628111979360831,0.004250284871205601,0.5723905723905723,0.02910482105675666,262,0.004856150299392868,0.006218798971682871,0.5954198473282443,0.027443880494260543,-0.0012280383200320372,-0.513161953882408,0.6078380371139326
tff_disaggregated,nq,lev_money,net_oi_pct_change,2w_post_release,297,0.009330272811060924,0.013557414552144653,0.6599326599326599,0.03553851133949635,261,0.0071536496296694925,0.011242687127424933,0.6130268199233716,0.041171735606004796,0.0021766231813914313,0.6639515966716298,0.5067212911932837
tff_disaggregated,nq,lev_money,net_oi_pct_change,4w_post_release,295,0.0157476527140701,0.025250726323152728,0.6508474576271186,0.05864679868032215,260,0.017548912611038473,0.021634773552809072,0.6807692307692308,0.05278456864902687,-0.001801259896968374,-0.38079530446839027,0.7033551437356113
tff_disaggregated,nq,lev_money,net_oi_pct_change,13w_post_release,291,0.05014307344710693,0.05324302691873828,0.7594501718213058,0.09042824026007573,255,0.05633998964531196,0.061651307261303634,0.7803921568627451,0.09345148901867406,-0.0061969161982050255,-0.7848075528723136,0.43256641110543226
tff_disaggregated,nq,lev_money,long_oi_pct_change,1d_post_release,265,0.0005082348019985012,0.0018834440901489558,0.5849056603773585,0.015989345592752564,294,0.001578057126695151,0.0016924611719074667,0.5952380952380952,0.012784829931669382,-0.0010698223246966498,-0.8675377952756953,0.38564741251462287
tff_disaggregated,nq,lev_money,long_oi_pct_change,2d_post_release,265,0.0013228304607765134,0.0015401424969561095,0.5584905660377358,0.018588344752075363,294,0.0033486023054827875,0.003739401493107808,0.6360544217687075,0.01556750842809692,-0.002025771844706274,-1.3886279452068329,0.16494591513119544
tff_disaggregated,nq,lev_money,long_oi_pct_change,3d_post_release,265,0.0031572896273470794,0.003594613004620495,0.5735849056603773,0.023381006636239366,294,0.004229615975547645,0.004428928451182146,0.6122448979591837,0.018952699891032092,-0.0010723263482005658,-0.5916697455620415,0.5540717597501631
tff_disaggregated,nq,lev_money,long_oi_pct_change,1w_post_release,265,0.002751804568166696,0.0037617090498798245,0.5773584905660377,0.030003727765601448,294,0.005512355189615388,0.00630952090796022,0.5884353741496599,0.026695352126410013,-0.0027605506214486916,-1.1441845647678013,0.2525471029661892
tff_disaggregated,nq,lev_money,long_oi_pct_change,2w_post_release,264,0.008542861811760515,0.013485579437420236,0.6401515151515151,0.03814522852805974,294,0.008105027414707673,0.011285602898359559,0.6360544217687075,0.03842123194170543,0.0004378343970528418,0.13490908385455305,0.8926837573376085
tff_disaggregated,nq,lev_money,long_oi_pct_change,4w_post_release,263,0.01618727709640685,0.026851230425055883,0.6615969581749049,0.059060638813052464,292,0.016955551209471512,0.020399372219154666,0.6678082191780822,0.05306078431247269,-0.0007682741130646611,-0.16052843349132903,0.8724648253666863
tff_disaggregated,nq,lev_money,long_oi_pct_change,13w_post_release,259,0.05442739460161116,0.055327726682658396,0.7799227799227799,0.09278265608085182,287,0.051782705682388075,0.05670037891911828,0.759581881533101,0.09108663731093514,0.0026446889192230857,0.33547958694023594,0.7372633407010638
tff_disaggregated,nq,lev_money,short_oi_pct_change,1d_post_release,289,0.00045218192059533023,0.0018417598982172212,0.5778546712802768,0.015641190072829714,270,0.001733149787873803,0.0016783034053053925,0.6037037037037037,0.012913438356691195,-0.0012809678672784726,-1.0586341654330393,0.2897664209317105
tff_disaggregated,nq,lev_money,short_oi_pct_change,2d_post_release,289,0.0010956816569621744,0.0022779298611821375,0.5778546712802768,0.017515706089891475,270,0.003771804263169064,0.0038538711347291255,0.6222222222222222,0.016523123581281673,-0.0026761226062068898,-1.8587981070036348,0.0630557608984445
tff_disaggregated,nq,lev_money,short_oi_pct_change,3d_post_release,289,0.0036922727902956873,0.004931157994639834,0.6228373702422145,0.022132858768399075,270,0.0037523037468982596,0.0030449597306587695,0.562962962962963,0.02009710398646605,-6.003095660257231e-05,-0.033605977466563124,0.9731913556331524
tff_disaggregated,nq,lev_money,short_oi_pct_change,1w_post_release,289,0.004335275100719721,0.005460281717381221,0.5986159169550173,0.029626706828618773,270,0.0040628375266781435,0.004836702854850938,0.5666666666666667,0.02690512296622806,0.00027243757404157767,0.11392953426141797,0.9092936530377318
tff_disaggregated,nq,lev_money,short_oi_pct_change,2w_post_release,288,0.00794748839700035,0.012105583413686394,0.6319444444444444,0.04117664588954523,270,0.008701173777380484,0.01125644149039029,0.6444444444444445,0.03494758273907107,-0.0007536853803801341,-0.23358815945926953,0.8153047208619091
tff_disaggregated,nq,lev_money,short_oi_pct_change,4w_post_release,287,0.016868766372153735,0.023825155821619814,0.686411149825784,0.05906455790422734,268,0.0162945480623603,0.021618449993771605,0.6417910447761194,0.052484446985856435,0.0005742183097934353,0.12123406016556712,0.9035056469629492
tff_disaggregated,nq,lev_money,short_oi_pct_change,13w_post_release,283,0.052846157113527345,0.055595110904228084,0.7667844522968198,0.09790373941406205,263,0.053242848933590985,0.05772132640920136,0.7718631178707225,0.08497468756882111,-0.0003966918200636396,-0.05065646470911276,0.9595992682097945
tff_disaggregated,nq,other_reportable,net_oi_pct_change,1d_post_release,283,0.0010030921467379884,0.001942130058151914,0.6113074204946997,0.014545918457495791,276,0.0011404200733736468,0.0014547369939348354,0.5688405797101449,0.01425427356831132,-0.00013732792663565842,-0.11273743175019789,0.9102387241663036
tff_disaggregated,nq,other_reportable,net_oi_pct_change,2d_post_release,283,0.0029945124583808393,0.003301725549873513,0.6219081272084805,0.01748760950157792,276,0.001766638131144703,0.002773346061942905,0.5760869565217391,0.01666218565718521,0.0012278743272361363,0.8500456596005604,0.39529970138027326
tff_disaggregated,nq,other_reportable,net_oi_pct_change,3d_post_release,283,0.004501973690228063,0.004770619363696937,0.6113074204946997,0.022066501413618926,276,0.002920761933780586,0.0033609324198151658,0.5760869565217391,0.02018683632357052,0.0015812117564474775,0.8843275353781368,0.376519428254787
tff_disaggregated,nq,other_reportable,net_oi_pct_change,1w_post_release,283,0.0062165046343637086,0.006527709908193957,0.6113074204946997,0.028632074256191645,276,0.0021398182057469875,0.0025891511320265126,0.5543478260869565,0.02789725634115979,0.0040766864286167215,1.705058639052205,0.08818348856454086
tff_disaggregated,nq,other_reportable,net_oi_pct_change,2w_post_release,282,0.010163272500653372,0.012305211316479103,0.6595744680851063,0.036862532053228474,276,0.00642083598929196,0.01125644149039029,0.6159420289855072,0.03960907297568383,0.0037424365113614124,1.1547789514634357,0.24818095871296303
tff_disaggregated,nq,other_reportable,net_oi_pct_change,4w_post_release,280,0.017758137959993255,0.02155770628913878,0.6642857142857143,0.05793677898077263,275,0.015403622548082077,0.02434258795464972,0.6654545454545454,0.05389887164688801,0.0023545154119111785,0.4958021086767161,0.6200340369881456
tff_disaggregated,nq,other_reportable,net_oi_pct_change,13w_post_release,276,0.0538986779373737,0.05433874691320184,0.7608695652173914,0.09223754164448783,270,0.0521566541553612,0.05745936188321443,0.7777777777777778,0.0915542173433671,0.0017420237820124987,0.2214689697889452,0.8247272952425352
tff_disaggregated,nq,other_reportable,long_oi_pct_change,1d_post_release,272,0.0010079536843268534,0.0019051632098606719,0.5882352941176471,0.016089480891035915,287,0.0011305491834183732,0.001558531516970607,0.5923344947735192,0.012597686887252983,-0.00012259549909151971,-0.09994232807956868,0.9203901116094115
tff_disaggregated,nq,other_reportable,long_oi_pct_change,2d_post_release,272,0.002076057316775995,0.003564847162971674,0.6176470588235294,0.018698257989584424,287,0.0026841517761485886,0.0026689113173226087,0.5818815331010453,0.015419399950198467,-0.0006080944593725938,-0.41825202394412064,0.6757628627053163
tff_disaggregated,nq,other_reportable,long_oi_pct_change,3d_post_release,272,0.004028052745933155,0.004185579879201984,0.5808823529411765,0.023051731825238786,287,0.003430517425659113,0.004098277479875012,0.6062717770034843,0.019222116536186287,0.0005975353202740423,0.33191119442237166,0.739956317203244
tff_disaggregated,nq,other_reportable,long_oi_pct_change,1w_post_release,272,0.004697103523380738,0.0060292254062002115,0.5992647058823529,0.03024896537327141,287,0.0037360574144652877,0.004597193205783778,0.5679442508710801,0.02640666822935084,0.0009610461089154506,0.3992720188123837,0.6896927822746413
tff_disaggregated,nq,other_reportable,long_oi_pct_change,2w_post_release,271,0.009710195777794691,0.011707422290037295,0.6383763837638377,0.03946624679902703,287,0.006992092412705472,0.011580877276181178,0.6376306620209059,0.037100005600031585,0.0027181033650892188,0.8370966980628387,0.4025382162758875
tff_disaggregated,nq,other_reportable,long_oi_pct_change,4w_post_release,270,0.017419397247992508,0.023579304038421234,0.6777777777777778,0.059910547875230334,285,0.015807149377413,0.02240153634745856,0.6526315789473685,0.051981827154474344,0.0016122478705795085,0.33783568628996785,0.7354870155758015
tff_disaggregated,nq,other_reportable,long_oi_pct_change,13w_post_release,264,0.05278395048868709,0.05580359371925214,0.7537878787878788,0.09626151632346483,282,0.05327435745974919,0.0561335936700168,0.7836879432624113,0.08762972070237816,-0.0004904069710621045,-0.06211669318119928,0.9504699034328384
tff_disaggregated,nq,other_reportable,short_oi_pct_change,1d_post_release,272,0.0015476181688147785,0.001899030024194559,0.5698529411764706,0.014419481683588184,287,0.0006190901597921863,0.0015792136640311316,0.6097560975609756,0.014372397701358555,0.0009285280090225922,0.762175262818541,0.44595540803195116
tff_disaggregated,nq,other_reportable,short_oi_pct_change,2d_post_release,272,0.0029669317230860527,0.003695364976184057,0.6102941176470589,0.0171493404162615,287,0.0018398387499592654,0.002219534199502382,0.5888501742160279,0.01702736008743644,0.0011270929731267874,0.7793539605097081,0.43577123631387643
tff_disaggregated,nq,other_reportable,short_oi_pct_change,3d_post_release,272,0.003314855911336692,0.003515941076772444,0.5661764705882353,0.020786510445964034,287,0.004106439164370744,0.004513393026643664,0.6202090592334495,0.021527964410450323,-0.0007915832530340523,-0.4422773585387546,0.6582885129281475
tff_disaggregated,nq,other_reportable,short_oi_pct_change,1w_post_release,272,0.002920030444357144,0.00454773677975262,0.5772058823529411,0.028084152863478633,287,0.005420252109567787,0.005445198586286226,0.5888501742160279,0.02853713309186024,-0.0025002216652106426,-1.0438248355198514,0.2965664389227608
tff_disaggregated,nq,other_reportable,short_oi_pct_change,2w_post_release,271,0.008049938415886585,0.01196542169549919,0.6309963099630996,0.03924219649342769,287,0.008559791872904414,0.011344682530775474,0.6445993031358885,0.03737020857639122,-0.0005098534570178292,-0.1569825096319106,0.8752586324787321
tff_disaggregated,nq,other_reportable,short_oi_pct_change,4w_post_release,269,0.01734074669013728,0.02574732478245778,0.6877323420074349,0.05461046839332713,286,0.015886762132425715,0.021303853901154968,0.6433566433566433,0.05723831524294652,0.0014539845577115663,0.3062414358774314,0.7594208256670952
tff_disaggregated,nq,other_reportable,short_oi_pct_change,13w_post_release,263,0.051578801980320284,0.056518014816562046,0.7718631178707225,0.09564709916539571,283,0.05439260357540083,0.054968267371990676,0.7667844522968198,0.08826344170733892,-0.002813801595080545,-0.3564553705474901,0.7214995690825027
tff_disaggregated,nq,non_reportable,net_oi_pct_change,1d_post_release,270,0.0009831901725202402,0.0015527272495100553,0.5777777777777777,0.014630337454965031,289,0.0011528362325173439,0.002298936077887559,0.6020761245674741,0.014186547072392568,-0.00016964605999710372,-0.13901862680192698,0.8894354299128056
tff_disaggregated,nq,non_reportable,net_oi_pct_change,2d_post_release,270,0.0016734461138866435,0.0021388846627728997,0.5777777777777777,0.016633231732235337,289,0.0030560854642502485,0.0038056785550624195,0.6193771626297578,0.017490985662175402,-0.001382639350363605,-0.9579328763678356,0.33809660706883826
tff_disaggregated,nq,non_reportable,net_oi_pct_change,3d_post_release,270,0.0038003450266418178,0.004105953233475179,0.6,0.020210330871841986,289,0.0036473899337878643,0.004271446373498078,0.5882352941176471,0.022036130535924466,0.00015295509285395345,0.0855974828731077,0.9317863994933872
tff_disaggregated,nq,non_reportable,net_oi_pct_change,1w_post_release,270,0.003920182807039332,0.005558403594299266,0.5888888888888889,0.02782908656351678,289,0.004468551136368438,0.004554236496336461,0.5778546712802768,0.028816591427893314,-0.0005483683293291053,-0.2288505214626848,0.8189850981430931
tff_disaggregated,nq,non_reportable,net_oi_pct_change,2w_post_release,269,0.0068723575098574765,0.010136092468307156,0.6171003717472119,0.036958716979771426,289,0.00965235089300059,0.014348984801569431,0.657439446366782,0.039444078194284485,-0.002779993383143114,-0.8595066248109003,0.3900610666083941
tff_disaggregated,nq,non_reportable,net_oi_pct_change,4w_post_release,268,0.014508048417386524,0.02230619869257111,0.6567164179104478,0.05432337480687858,287,0.018536996005787787,0.02434258795464972,0.6724738675958188,0.057424319576974026,-0.004028947588401263,-0.849357245805876,0.39568253575948625
tff_disaggregated,nq,non_reportable,net_oi_pct_change,13w_post_release,263,0.046725278520939904,0.05324302691873828,0.7718631178707225,0.08355712367329926,283,0.05890312184330555,0.05945208610282182,0.7667844522968198,0.09866859759290547,-0.012177843322365649,-1.5598809700778915,0.11878801230848086
tff_disaggregated,nq,non_reportable,long_oi_pct_change,1d_post_release,281,0.0009981368946485084,0.0016097588146828379,0.5729537366548043,0.014711767980409327,278,0.0011444408287113177,0.001811340439320852,0.6079136690647482,0.014083279054542585,-0.00014630393406280928,-0.12011169435016461,0.9043946687082368
tff_disaggregated,nq,non_reportable,long_oi_pct_change,2d_post_release,281,0.0029060342959454414,0.0032681496035309454,0.608540925266904,0.017624022352608782,278,0.001864904722147649,0.0029872232913906727,0.5899280575539568,0.016528886049665643,0.0010411295737977923,0.7204904924924325,0.47122305142613485
tff_disaggregated,nq,non_reportable,long_oi_pct_change,3d_post_release,281,0.004917216656503683,0.0058500815226434355,0.6227758007117438,0.021262784637546734,278,0.0025124135524476564,0.0027273233829278043,0.564748201438849,0.02101492537273549,0.002404803104056027,1.3448502214589715,0.17867360819145936
tff_disaggregated,nq,non_reportable,long_oi_pct_change,1w_post_release,281,0.005420697214466662,0.005646312865994929,0.608540925266904,0.029330812531430318,278,0.002973542154841605,0.003924994714052166,0.5575539568345323,0.027257649426744756,0.002447155059625057,1.021944435306808,0.30680719972805803
tff_disaggregated,nq,non_reportable,long_oi_pct_change,2w_post_release,281,0.009025522392014835,0.010887283811543247,0.6334519572953736,0.03740882738220115,277,0.007588526303511419,0.013078735257693097,0.6425992779783394,0.03915341767693113,0.0014369960885034158,0.44316275746040734,0.657648014672063
tff_disaggregated,nq,non_reportable,long_oi_pct_change,4w_post_release,281,0.014350663415351659,0.021631064651744136,0.6441281138790036,0.05751478529093257,274,0.01888955624017104,0.024891458023813207,0.6861313868613139,0.0542747796670593,-0.004538892824819382,-0.9563942542545738,0.3388730865030153
tff_disaggregated,nq,non_reportable,long_oi_pct_change,13w_post_release,275,0.05140086307007027,0.05645303392812395,0.7781818181818182,0.09062258233746577,271,0.054697765270824136,0.05581415341190965,0.7601476014760148,0.09315774594500008,-0.0032969022007538692,-0.41908924406100384,0.6751509111677275
tff_disaggregated,nq,non_reportable,short_oi_pct_change,1d_post_release,284,0.0009636078894663903,0.0015103784552843447,0.5704225352112676,0.013242474409243242,275,0.0011816959169800812,0.001942130058151914,0.610909090909091,0.015509654046001554,-0.00021808802751369094,-0.17853287267130163,0.8583045072145102
tff_disaggregated,nq,non_reportable,short_oi_pct_change,2d_post_release,284,0.002826815721726094,0.0035347567769614674,0.6197183098591549,0.017529559922659976,275,0.0019353581270818358,0.002219534199502382,0.5781818181818181,0.01662443827860722,0.0008914575946442583,0.6170801066797749,0.5371818894099213
tff_disaggregated,nq,non_reportable,short_oi_pct_change,3d_post_release,284,0.00443048199462532,0.005000953400455588,0.5950704225352113,0.02095984097433821,275,0.002988843496670519,0.0030262089734314213,0.5927272727272728,0.021368512541396708,0.0014416384979548005,0.8049833028378355,0.42082931516618316
tff_disaggregated,nq,non_reportable,short_oi_pct_change,1w_post_release,284,0.0059828242760985575,0.006681082461581722,0.6373239436619719,0.027774285921736416,275,0.0023663219705422106,0.0025034711365714557,0.5272727272727272,0.02880773126288706,0.003616502305556347,1.5102883490945516,0.1309698633379165
tff_disaggregated,nq,non_reportable,short_oi_pct_change,2w_post_release,284,0.010461482385140242,0.013695462115901558,0.6619718309859155,0.03848564972770617,274,0.006084425477551106,0.010394643168290862,0.6131386861313869,0.03796060950736178,0.004377056907589136,1.352435362742745,0.17623608324243759
tff_disaggregated,nq,non_reportable,short_oi_pct_change,4w_post_release,282,0.016685110590264122,0.022052015979112882,0.6560283687943262,0.056748006412470554,273,0.01649477524932674,0.023783481929830153,0.673992673992674,0.055185345039207856,0.0001903353409373823,0.040059480548780564,0.968045705690945
tff_disaggregated,nq,non_reportable,short_oi_pct_change,13w_post_release,276,0.0559747955762537,0.0576562063768018,0.7717391304347826,0.09518621429345993,270,0.05003440056895053,0.05557094004728402,0.7666666666666667,0.0883223186117147,0.005940395007303166,0.7561429475034483,0.4495634947417537
legacy,sp500,noncommercial,net_oi_pct_change,1d_post_release,274,0.0010781961923340114,0.0011393397677281758,0.5766423357664233,0.010637182392099945,263,-0.00018454440283592922,0.0008515744450250384,0.5437262357414449,0.01305803664732139,0.0012627405951699405,1.2257360349103312,0.22029802506494567
legacy,sp500,noncommercial,net_oi_pct_change,2d_post_release,274,0.0023325348125704704,0.002624240653210208,0.6058394160583942,0.013704572121626193,263,0.0004564596898558504,0.000873856755907898,0.5399239543726235,0.013090261674860338,0.00187607512271462,1.6225011159178762,0.10469609436765237
legacy,sp500,noncommercial,net_oi_pct_change,3d_post_release,274,0.004009320501028365,0.0033920911384828223,0.6204379562043796,0.018308074976810473,263,0.0002709195760551516,0.0006525045298870769,0.5247148288973384,0.017259947759752002,0.0037384009249732133,2.4355427781116736,0.014869466290350294
legacy,sp500,noncommercial,net_oi_pct_change,1w_post_release,274,0.003659646577652773,0.00420692909910525,0.5985401459854015,0.023290079968455717,263,0.0019177407263517542,0.0036074948732411904,0.5855513307984791,0.023722870080735824,0.001741905851301019,0.8582284504640773,0.3907663290232012
legacy,sp500,noncommercial,net_oi_pct_change,2w_post_release,274,0.006582390443635169,0.00901865843184857,0.6386861313868614,0.02817817216836963,262,0.004553585866738289,0.008014217465143303,0.6603053435114504,0.03433560894356117,0.0020288045768968796,0.7459247323359538,0.45571288397234966
legacy,sp500,noncommercial,net_oi_pct_change,4w_post_release,274,0.011162492450683728,0.016047985336353987,0.7007299270072993,0.0480314929038991,259,0.010957904483087094,0.017493460944001837,0.667953667953668,0.044312374543407584,0.0002045879675966339,0.051145054885113894,0.9592099343425923
legacy,sp500,noncommercial,net_oi_pct_change,13w_post_release,270,0.03282156694955597,0.04244942312496003,0.7444444444444445,0.07427567306746222,254,0.038312082887289794,0.04564741621220059,0.7637795275590551,0.06692099792524445,-0.0054905159377338225,-0.8899249698316253,0.37350617522880725
legacy,sp500,noncommercial,long_oi_pct_change,1d_post_release,250,0.001006693726814275,0.0010320603552431695,0.556,0.009924391078640722,287,-1.666499285679093e-05,0.0008835217690965624,0.5644599303135889,0.013368530705902933,0.0010233587196710658,1.0149274153312577,0.31014042864763636
legacy,sp500,noncommercial,long_oi_pct_change,2d_post_release,250,0.0019071489198792513,0.0025534824047150906,0.588,0.012898315754603247,287,0.000983889223367891,0.0010819834301964981,0.5609756097560976,0.013880323351954537,0.0009232596965113604,0.7985387462550917,0.4245579176448105
legacy,sp500,noncommercial,long_oi_pct_change,3d_post_release,250,0.003342829089001341,0.003241268492832017,0.604,0.017304004670644222,287,0.0011641059008151277,0.0012855920263397103,0.5470383275261324,0.018344077341077257,0.002178723188186213,1.4151712280962023,0.1570182982158456
legacy,sp500,noncommercial,long_oi_pct_change,1w_post_release,250,0.004761818844373796,0.005346823408656665,0.628,0.022681795948018568,287,0.0011033249554492069,0.0025331367052392473,0.5609756097560976,0.0240953130272571,0.003658493888924589,1.8110475728616067,0.07013348793196057
legacy,sp500,noncommercial,long_oi_pct_change,2w_post_release,249,0.007980938018050356,0.009783126534303133,0.6546184738955824,0.028262812035992547,287,0.003516936976121705,0.006942718914889623,0.6445993031358885,0.033671683063011916,0.004464001041928651,1.6684574188656447,0.0952249580680543
legacy,sp500,noncommercial,long_oi_pct_change,4w_post_release,247,0.010945172674689028,0.017238733256478955,0.6963562753036437,0.05055528958962077,286,0.011164903992862619,0.015791451445758442,0.6748251748251748,0.04220610083827268,-0.0002197313181735907,-0.05396990533888893,0.9569591413440809
legacy,sp500,noncommercial,long_oi_pct_change,13w_post_release,244,0.035704234850107104,0.04567003783450707,0.7663934426229508,0.06933893559679354,280,0.03529021009401995,0.043902978775603785,0.7428571428571429,0.07215788324614078,0.0004140247560871571,0.06690009713071882,0.9466612357142665
legacy,sp500,noncommercial,short_oi_pct_change,1d_post_release,254,0.0004892052508481621,0.0008797994117990537,0.547244094488189,0.010349414675376726,283,0.00043333019448140125,0.0010687182218256375,0.5724381625441696,0.013138475646515364,5.58750563667608e-05,0.055011084917917015,0.9561296326793534
legacy,sp500,noncommercial,short_oi_pct_change,2d_post_release,254,0.00028307151817984287,0.0013510789675630352,0.547244094488189,0.013310687275545472,283,0.0024284921252958214,0.0021152473456635956,0.5971731448763251,0.013474383249668678,-0.0021454206071159785,-1.8539919727862642,0.06374030842346408
legacy,sp500,noncommercial,short_oi_pct_change,3d_post_release,254,0.0010958090076282152,0.001613360351453541,0.5708661417322834,0.016144200855190402,283,0.003150071299811697,0.0023182561692678405,0.5759717314487632,0.019289401033552284,-0.0020542622921834817,-1.342656027133594,0.17938337947880142
legacy,sp500,noncommercial,short_oi_pct_change,1w_post_release,254,0.002236833646203417,0.0028241147808707456,0.5866141732283464,0.02230340150890723,283,0.003317855926401779,0.0050754219764708175,0.5971731448763251,0.024547516835740354,-0.001081022280198362,-0.5346819999429895,0.592869770448565
legacy,sp500,noncommercial,short_oi_pct_change,2w_post_release,253,0.005709146024942315,0.008006848810663492,0.6561264822134387,0.029886660858603444,283,0.005484807541805874,0.008639330816211599,0.6431095406360424,0.03261212786726956,0.00022433848313644072,0.08309622381979859,0.933775028418889
legacy,sp500,noncommercial,short_oi_pct_change,4w_post_release,251,0.010847569072103139,0.018169302969595735,0.6892430278884463,0.04612405154476448,282,0.011254894877691528,0.01560734606587555,0.6808510638297872,0.04638341948249797,-0.00040732580558838945,-0.10149906630903113,0.9191542987099275
legacy,sp500,noncommercial,short_oi_pct_change,13w_post_release,245,0.03804106469783829,0.04718766961678389,0.7714285714285715,0.06756947024115958,279,0.03323667125011233,0.03921504771032325,0.7383512544802867,0.07355318240463748,0.0048043934477259576,0.7791072770039112,0.4359165238272036
legacy,sp500,commercial,net_oi_pct_change,1d_post_release,267,-0.00010148154589738932,0.0007090417596054,0.5468164794007491,0.013441963711896791,270,0.0010147635241047135,0.0011393397677281758,0.5740740740740741,0.01011976718001935,-0.001116245070002103,-1.0862325854466215,0.27737610414265357
legacy,sp500,commercial,net_oi_pct_change,2d_post_release,267,0.0009037127914950492,0.0013303188629565366,0.5617977528089888,0.013434918534320554,270,0.001918044895360072,0.0021940922459480205,0.5851851851851851,0.013426179271202654,-0.0010143321038650227,-0.8750562403404715,0.38154330552649396
legacy,sp500,commercial,net_oi_pct_change,3d_post_release,267,0.0007857256786977914,0.0012855920263397103,0.550561797752809,0.017913415854702235,270,0.003555618183599876,0.0031586583206613117,0.5962962962962963,0.01778073741295103,-0.002769892504902085,-1.7981842031250623,0.07214782203466372
legacy,sp500,commercial,net_oi_pct_change,1w_post_release,267,0.002529328752018719,0.0038350101735600273,0.602996254681648,0.024332267931007692,270,0.003080659987105086,0.003248951850679971,0.5814814814814815,0.022683234676010636,-0.000551331235086367,-0.27151881668769784,0.7859920294642257
legacy,sp500,commercial,net_oi_pct_change,2w_post_release,266,0.005649255911621312,0.008523516037231671,0.6804511278195489,0.033712799765298805,270,0.005533008911667404,0.007540250153872496,0.6185185185185185,0.028845782789148466,0.00011624699995390828,0.0428651447521415,0.9658090336573575
legacy,sp500,commercial,net_oi_pct_change,4w_post_release,264,0.010903036370501279,0.016191399246840432,0.6666666666666666,0.0445560813382199,269,0.011220143460202829,0.016542894928358365,0.7026022304832714,0.04787639033311283,-0.0003171070897015505,-0.07917572908069438,0.9368928493634145
legacy,sp500,commercial,net_oi_pct_change,13w_post_release,258,0.036990062085374247,0.046463518922963964,0.7674418604651163,0.07150737317079056,266,0.03402126357791415,0.04191374066343989,0.7406015037593985,0.07019518968688561,0.0029687985074600964,0.479444164476935,0.6316226809592622
legacy,sp500,commercial,long_oi_pct_change,1d_post_release,242,-0.00012344056516784357,0.00017636796370024133,0.5289256198347108,0.011771051724457488,295,0.0009381803238111453,0.0011626229102676966,0.5864406779661017,0.011985795045507862,-0.0010616208889789888,-1.0313646125380374,0.3023698690629206
legacy,sp500,commercial,long_oi_pct_change,2d_post_release,242,-0.00019043113528049535,0.00036239361928547265,0.5165289256198347,0.01288355846437962,295,0.002729653463777212,0.0029516318244013906,0.6203389830508474,0.013740136764542436,-0.002920084599057707,-2.535981090947634,0.01121327886529182
legacy,sp500,commercial,long_oi_pct_change,3d_post_release,242,-7.495362640070194e-05,0.001016708665953936,0.5330578512396694,0.016900935170892802,295,0.004026930316519481,0.003315943562813173,0.6067796610169491,0.018475575986074428,-0.0041018839429201835,-2.682950324039149,0.007297582918748802
legacy,sp500,commercial,long_oi_pct_change,1w_post_release,242,0.00025849644654965786,0.0024492428875431127,0.5537190082644629,0.023753239788886202,295,0.004896789265228319,0.005043705971305323,0.6237288135593221,0.02311614175124543,-0.004638292818678661,-2.2788125819231477,0.022678208657798748
legacy,sp500,commercial,long_oi_pct_change,2w_post_release,242,0.004674526989254434,0.00847833898199013,0.6611570247933884,0.03111319454692997,294,0.006344826351162908,0.008137417908298361,0.6394557823129252,0.031533710904548866,-0.0016702993619084746,-0.6147476060174119,0.5387214152995521
legacy,sp500,commercial,long_oi_pct_change,4w_post_release,240,0.009629779999708625,0.018568221104337312,0.6583333333333333,0.045163364208068255,293,0.012237109190023307,0.015360023732895689,0.7064846416382252,0.04710947230592065,-0.0026073291903146827,-0.650344636019916,0.5154696307315806
legacy,sp500,commercial,long_oi_pct_change,13w_post_release,234,0.028072873586487825,0.04077319730990081,0.7136752136752137,0.07272749286507857,290,0.041462205898322654,0.0481034022859439,0.7862068965517242,0.06873559874136873,-0.013389332311834829,-2.14688838330288,0.031802168660599844
legacy,sp500,commercial,short_oi_pct_change,1d_post_release,250,0.0008013926626006995,0.0009905457023288156,0.568,0.0095998169667209,287,0.00016216868677175898,0.0009199448033119229,0.554006968641115,0.013584299858110292,0.0006392239758289405,0.6355488082593896,0.5250705445723921
legacy,sp500,commercial,short_oi_pct_change,2d_post_release,250,0.001671846058367906,0.001435635272359792,0.56,0.013070169958817808,287,0.0011888568727680176,0.00202389213165155,0.5853658536585366,0.013750170204373014,0.0004829891855998884,0.4169144084044382,0.6767410142135566
legacy,sp500,commercial,short_oi_pct_change,3d_post_release,250,0.00216807928381311,0.001757874705963669,0.54,0.01807285876054586,287,0.002187407124846688,0.002369585468095181,0.6027874564459931,0.017749416916202056,-1.9327841033577823e-05,-0.012465114889545678,0.9900545348345511
legacy,sp500,commercial,short_oi_pct_change,1w_post_release,250,0.002768951866999318,0.002328448183101184,0.556,0.022550523292317104,287,0.002839271799852062,0.00487206115941774,0.6236933797909407,0.02433113976974464,-7.031993285274438e-05,-0.03474194152794338,0.9722855165964557
legacy,sp500,commercial,short_oi_pct_change,2w_post_release,250,0.006875354597640115,0.008234894902276468,0.64,0.02810570826160549,286,0.004467747654655381,0.008395903746193256,0.6573426573426573,0.03390138466232199,0.0024076069429847333,0.8986192980991781,0.3688554759931542
legacy,sp500,commercial,short_oi_pct_change,4w_post_release,249,0.012804544344238377,0.01531182851795454,0.6907630522088354,0.04468269733260631,284,0.009536227643984306,0.017440927367528225,0.6795774647887324,0.047550179493956096,0.0032683167002540703,0.8176009898068763,0.41358506217271296
legacy,sp500,commercial,short_oi_pct_change,13w_post_release,247,0.03365951007195958,0.04165729404329621,0.7408906882591093,0.07616346599776282,277,0.037109000512554884,0.04672659054315553,0.7653429602888087,0.06573047325066977,-0.003449490440595303,-0.5517753042647227,0.58110230911752
legacy,sp500,total_reportable,net_oi_pct_change,1d_post_release,260,0.0007002561538058343,0.0010937644650903522,0.5807692307692308,0.01366728574537521,277,0.0002340215839861112,0.0008661314657181229,0.5415162454873647,0.009958077981005129,0.0004662345698197231,0.4493774541742306,0.6531593925409857
legacy,sp500,total_reportable,net_oi_pct_change,2d_post_release,260,0.002054464445262274,0.0025803988076688045,0.6038461538461538,0.014039105463605064,277,0.0008122840480440662,0.0009620259094491601,0.5451263537906137,0.012823489303939256,0.0012421803972182078,1.068419689247332,0.2853312394308934
legacy,sp500,total_reportable,net_oi_pct_change,3d_post_release,260,0.002272897937754705,0.001843019330138973,0.5846153846153846,0.019203590388385025,277,0.002089719140678894,0.002369585468095181,0.5631768953068592,0.01658470359963818,0.00018317879707581072,0.11796291357986831,0.9060970433347779
legacy,sp500,total_reportable,net_oi_pct_change,1w_post_release,260,0.0028585397627752802,0.0031473862014193,0.5846153846153846,0.025610875200926177,277,0.00275772070391985,0.004149044064975405,0.5992779783393501,0.02137086766156342,0.00010081905885543033,0.04936216570578308,0.9606306787793378
legacy,sp500,total_reportable,net_oi_pct_change,2w_post_release,260,0.005234317495253352,0.008380861988012023,0.6461538461538462,0.035067752565234034,276,0.005926420035781148,0.008234894902276468,0.6521739130434783,0.027399333029710947,-0.0006921025405277961,-0.2535699902996402,0.7998277832806987
legacy,sp500,total_reportable,net_oi_pct_change,4w_post_release,258,0.009912012513498557,0.018073160106173436,0.6782945736434108,0.04807866566484283,275,0.012142985324088255,0.01554254545707523,0.6909090909090909,0.04446336818576477,-0.0022309728105896973,-0.5551713246648643,0.5787774807063975
legacy,sp500,total_reportable,net_oi_pct_change,13w_post_release,252,0.035022703261952684,0.04524209358028841,0.7301587301587301,0.07499878578138935,272,0.03590945186668987,0.043129989437149185,0.7757352941176471,0.06679519448565979,-0.0008867486047371836,-0.14249920079885428,0.8866857105996836
legacy,sp500,total_reportable,long_oi_pct_change,1d_post_release,274,0.0013513058320675586,0.0009722185371270342,0.5693430656934306,0.009445403473147223,263,-0.00046907687921232444,0.000969053663222974,0.5513307984790875,0.01394885619925126,0.001820382711279883,1.7636116419054364,0.07779738630636503
legacy,sp500,total_reportable,long_oi_pct_change,2d_post_release,274,0.0014905114707397125,0.001454473551079194,0.5620437956204379,0.01309274350469998,263,0.0013337007379989213,0.0022666008273093396,0.5855513307984791,0.01379234598605134,0.00015681073274079129,0.13501502487414216,0.8925999949736536
legacy,sp500,total_reportable,long_oi_pct_change,3d_post_release,274,0.001779691061766641,0.0014072876491643127,0.5547445255474452,0.017415245725521684,263,0.002593803478555959,0.0031487066388551366,0.5931558935361216,0.018383645651326636,-0.0008141124167893182,-0.5263948421949189,0.5986138985910955
legacy,sp500,total_reportable,long_oi_pct_change,1w_post_release,274,0.002210575636548719,0.002733448293098517,0.5620437956204379,0.023099498606098032,263,0.003427419197311872,0.00487206115941774,0.623574144486692,0.023932873651735576,-0.001216843560763153,-0.5991122217505133,0.5490980521382883
legacy,sp500,total_reportable,long_oi_pct_change,2w_post_release,274,0.006088285795572418,0.009105969499256794,0.6459854014598541,0.030035977962648983,262,0.005070321262040556,0.007527774052075276,0.6526717557251909,0.03267095684115244,0.0010179645335318625,0.37505940038862895,0.7076162904724166
legacy,sp500,total_reportable,long_oi_pct_change,4w_post_release,272,0.011233853441737822,0.018215204020930242,0.6801470588235294,0.048176966164496064,261,0.010885103664575521,0.01531182851795454,0.6896551724137931,0.0441769126079905,0.0003487497771623004,0.08715869986901618,0.9305453671081986
legacy,sp500,total_reportable,long_oi_pct_change,13w_post_release,269,0.0317187511182135,0.04354136429608135,0.724907063197026,0.07257944534741281,255,0.03945391403510702,0.046143337037021004,0.7843137254901961,0.06877524649508773,-0.007735162916893523,-1.2526359519892858,0.21033822462797155
legacy,sp500,total_reportable,short_oi_pct_change,1d_post_release,265,0.0013001026668269188,0.0009963410653295313,0.5773584905660377,0.009387197454455308,272,-0.00035895819101273453,0.0008748266174073427,0.5441176470588235,0.013871452048476701,0.0016590608578396534,1.6268880427111625,0.10376087797551775
legacy,sp500,total_reportable,short_oi_pct_change,2d_post_release,265,0.0011547960148866065,0.0009620259094491601,0.5433962264150943,0.012743824799353775,272,0.0016659650482773781,0.00259415888850012,0.6029411764705882,0.014080799734331824,-0.0005111690333907716,-0.4412899247513279,0.6590031191593986
legacy,sp500,total_reportable,short_oi_pct_change,3d_post_release,265,0.001427964047504615,0.0012428328902269747,0.5433962264150943,0.017042893230545284,272,0.0029095411514542427,0.0031762059489856,0.6029411764705882,0.018669419631323497,-0.0014815771039496277,-0.9608686061251441,0.3366182375712665
legacy,sp500,total_reportable,short_oi_pct_change,1w_post_release,265,0.0023523223492559506,0.0024473743524395797,0.5509433962264151,0.022558424024271686,272,0.003249057171891707,0.005142838421130724,0.6323529411764706,0.024410692138007204,-0.0008967348226357565,-0.44226998664190675,0.658293846817565
legacy,sp500,total_reportable,short_oi_pct_change,2w_post_release,264,0.0059533416689200175,0.007959461673231472,0.6477272727272727,0.02990810060501282,272,0.00523872161046538,0.008588944305812252,0.6507352941176471,0.032695461423156574,0.0007146200584546378,0.2641607904013201,0.7916560229275466
legacy,sp500,total_reportable,short_oi_pct_change,4w_post_release,263,0.010259771658013752,0.015360023732895689,0.6692015209125475,0.04786180670860108,270,0.011845556468701045,0.017440927367528225,0.7,0.04463467332124103,-0.0015857848106872931,-0.3953505679249834,0.6925841847948107
legacy,sp500,total_reportable,short_oi_pct_change,13w_post_release,260,0.03155788722394329,0.042968906356612435,0.7423076923076923,0.07108339754574655,264,0.03934864186184267,0.04555628207448703,0.7651515151515151,0.0704247437683047,-0.007790754637899383,-1.2601752784506055,0.2076061388686007
legacy,sp500,nonreportable,net_oi_pct_change,1d_post_release,277,0.0002340215839861112,0.0008661314657181229,0.5415162454873647,0.009958077981005129,260,0.0007002561538058343,0.0010937644650903522,0.5807692307692308,0.01366728574537521,-0.0004662345698197231,-0.4493774541742306,0.6531593925409857
legacy,sp500,nonreportable,net_oi_pct_change,2d_post_release,277,0.0008122840480440662,0.0009620259094491601,0.5451263537906137,0.012823489303939256,260,0.002054464445262274,0.0025803988076688045,0.6038461538461538,0.014039105463605064,-0.0012421803972182078,-1.068419689247332,0.2853312394308934
legacy,sp500,nonreportable,net_oi_pct_change,3d_post_release,277,0.002089719140678894,0.002369585468095181,0.5631768953068592,0.01658470359963818,260,0.002272897937754705,0.001843019330138973,0.5846153846153846,0.019203590388385025,-0.00018317879707581072,-0.11796291357986831,0.9060970433347779
legacy,sp500,nonreportable,net_oi_pct_change,1w_post_release,277,0.00275772070391985,0.004149044064975405,0.5992779783393501,0.02137086766156342,260,0.0028585397627752802,0.0031473862014193,0.5846153846153846,0.025610875200926177,-0.00010081905885543033,-0.04936216570578308,0.9606306787793378
legacy,sp500,nonreportable,net_oi_pct_change,2w_post_release,276,0.005926420035781148,0.008234894902276468,0.6521739130434783,0.027399333029710947,260,0.005234317495253352,0.008380861988012023,0.6461538461538462,0.035067752565234034,0.0006921025405277961,0.2535699902996402,0.7998277832806987
legacy,sp500,nonreportable,net_oi_pct_change,4w_post_release,275,0.012142985324088255,0.01554254545707523,0.6909090909090909,0.04446336818576477,258,0.009912012513498557,0.018073160106173436,0.6782945736434108,0.04807866566484283,0.0022309728105896973,0.5551713246648643,0.5787774807063975
legacy,sp500,nonreportable,net_oi_pct_change,13w_post_release,272,0.03590945186668987,0.043129989437149185,0.7757352941176471,0.06679519448565979,252,0.035022703261952684,0.04524209358028841,0.7301587301587301,0.07499878578138935,0.0008867486047371836,0.14249920079885428,0.8866857105996836
legacy,sp500,nonreportable,long_oi_pct_change,1d_post_release,263,-0.00046907687921232444,0.000969053663222974,0.5513307984790875,0.01394885619925126,274,0.0013513058320675586,0.0009722185371270342,0.5693430656934306,0.009445403473147223,-0.001820382711279883,-1.7636116419054364,0.07779738630636503
legacy,sp500,nonreportable,long_oi_pct_change,2d_post_release,263,0.0013337007379989213,0.0022666008273093396,0.5855513307984791,0.01379234598605134,274,0.0014905114707397125,0.001454473551079194,0.5620437956204379,0.01309274350469998,-0.00015681073274079129,-0.13501502487414216,0.8925999949736536
legacy,sp500,nonreportable,long_oi_pct_change,3d_post_release,263,0.002593803478555959,0.0031487066388551366,0.5931558935361216,0.018383645651326636,274,0.001779691061766641,0.0014072876491643127,0.5547445255474452,0.017415245725521684,0.0008141124167893182,0.5263948421949189,0.5986138985910955
legacy,sp500,nonreportable,long_oi_pct_change,1w_post_release,263,0.003427419197311872,0.00487206115941774,0.623574144486692,0.023932873651735576,274,0.002210575636548719,0.002733448293098517,0.5620437956204379,0.023099498606098032,0.001216843560763153,0.5991122217505133,0.5490980521382883
legacy,sp500,nonreportable,long_oi_pct_change,2w_post_release,262,0.005070321262040556,0.007527774052075276,0.6526717557251909,0.03267095684115244,274,0.006088285795572418,0.009105969499256794,0.6459854014598541,0.030035977962648983,-0.0010179645335318625,-0.37505940038862895,0.7076162904724166
legacy,sp500,nonreportable,long_oi_pct_change,4w_post_release,261,0.010885103664575521,0.01531182851795454,0.6896551724137931,0.0441769126079905,272,0.011233853441737822,0.018215204020930242,0.6801470588235294,0.048176966164496064,-0.0003487497771623004,-0.08715869986901618,0.9305453671081986
legacy,sp500,nonreportable,long_oi_pct_change,13w_post_release,255,0.03945391403510702,0.046143337037021004,0.7843137254901961,0.06877524649508773,269,0.0317187511182135,0.04354136429608135,0.724907063197026,0.07257944534741281,0.007735162916893523,1.2526359519892858,0.21033822462797155
legacy,sp500,nonreportable,short_oi_pct_change,1d_post_release,272,-0.00035895819101273453,0.0008748266174073427,0.5441176470588235,0.013871452048476701,265,0.0013001026668269188,0.0009963410653295313,0.5773584905660377,0.009387197454455308,-0.0016590608578396534,-1.6268880427111625,0.10376087797551775
legacy,sp500,nonreportable,short_oi_pct_change,2d_post_release,272,0.0016659650482773781,0.00259415888850012,0.6029411764705882,0.014080799734331824,265,0.0011547960148866065,0.0009620259094491601,0.5433962264150943,0.012743824799353775,0.0005111690333907716,0.4412899247513279,0.6590031191593986
legacy,sp500,nonreportable,short_oi_pct_change,3d_post_release,272,0.0029095411514542427,0.0031762059489856,0.6029411764705882,0.018669419631323497,265,0.001427964047504615,0.0012428328902269747,0.5433962264150943,0.017042893230545284,0.0014815771039496277,0.9608686061251441,0.3366182375712665
legacy,sp500,nonreportable,short_oi_pct_change,1w_post_release,272,0.003249057171891707,0.005142838421130724,0.6323529411764706,0.024410692138007204,265,0.0023523223492559506,0.0024473743524395797,0.5509433962264151,0.022558424024271686,0.0008967348226357565,0.44226998664190675,0.658293846817565
legacy,sp500,nonreportable,short_oi_pct_change,2w_post_release,272,0.00523872161046538,0.008588944305812252,0.6507352941176471,0.032695461423156574,264,0.0059533416689200175,0.007959461673231472,0.6477272727272727,0.02990810060501282,-0.0007146200584546378,-0.2641607904013201,0.7916560229275466
legacy,sp500,nonreportable,short_oi_pct_change,4w_post_release,270,0.011845556468701045,0.017440927367528225,0.7,0.04463467332124103,263,0.010259771658013752,0.015360023732895689,0.6692015209125475,0.04786180670860108,0.0015857848106872931,0.3953505679249834,0.6925841847948107
legacy,sp500,nonreportable,short_oi_pct_change,13w_post_release,264,0.03934864186184267,0.04555628207448703,0.7651515151515151,0.0704247437683047,260,0.03155788722394329,0.042968906356612435,0.7423076923076923,0.07108339754574655,0.007790754637899383,1.2601752784506055,0.2076061388686007
legacy,nq,noncommercial,net_oi_pct_change,1d_post_release,282,0.0006152559585539129,0.0015755434964408455,0.5638297872340425,0.012903692843912209,277,0.0015347611460858259,0.001942130058151914,0.6173285198555957,0.015769949813741198,-0.000919505187531913,-0.753731548911971,0.4510104337935621
legacy,nq,noncommercial,net_oi_pct_change,2d_post_release,282,0.001775616716313786,0.003387660233656664,0.599290780141844,0.016048887072223367,277,0.003011968360712014,0.0027923689679056896,0.5992779783393501,0.018078819790694887,-0.0012363516443982278,-0.8545282376963342,0.3928123703864012
legacy,nq,noncommercial,net_oi_pct_change,3d_post_release,282,0.004167647873080678,0.0037472939114117088,0.5921985815602837,0.02041299851111106,277,0.0032668308586614896,0.004714549043845828,0.5956678700361011,0.021912632967513914,0.0009008170144191884,0.5027034002014574,0.6151728187504975
legacy,nq,noncommercial,net_oi_pct_change,1w_post_release,282,0.0044238385060118126,0.004138832172770668,0.574468085106383,0.027307603780566268,277,0.00397956020799916,0.0065062727277525045,0.592057761732852,0.029362457191523895,0.00044427829801265296,0.18516717983638248,0.8530979106113475
legacy,nq,noncommercial,net_oi_pct_change,2w_post_release,281,0.008974214037238646,0.010905160256811097,0.6441281138790036,0.0359073706355817,277,0.007640575573158023,0.011816923909919286,0.631768953068592,0.04055627357389587,0.0013336384640806227,0.41105445004628877,0.6810326089847544
legacy,nq,noncommercial,net_oi_pct_change,4w_post_release,279,0.0167705316681343,0.021862189188153636,0.6630824372759857,0.05181300313700765,276,0.016410494543881205,0.02451710412649144,0.6666666666666666,0.05990723498502122,0.0003600371242530945,0.07569193320210107,0.9396641939552051
legacy,nq,noncommercial,net_oi_pct_change,13w_post_release,274,0.05444596028280724,0.05362290344371057,0.7846715328467153,0.08770041032854475,272,0.05161815667343193,0.05862837263277798,0.7536764705882353,0.09593242123417725,0.002827803609375311,0.35940591367817015,0.7192914514020348
legacy,nq,noncommercial,long_oi_pct_change,1d_post_release,269,0.0009929543367313497,0.001426355117529976,0.5613382899628253,0.013847826969922882,290,0.0011431941420594624,0.0022781296267238016,0.6172413793103448,0.014898675998351811,-0.00015023980532811272,-0.12356790217831654,0.9016574080148132
legacy,nq,noncommercial,long_oi_pct_change,2d_post_release,269,0.001892477258081571,0.003267887892222543,0.5985130111524164,0.017505936826107075,290,0.0028481474741164584,0.0028518038864989714,0.6,0.016693924983265097,-0.0009556702160348875,-0.6594376526682018,0.5096147701087952
legacy,nq,noncommercial,long_oi_pct_change,3d_post_release,269,0.0038055588789732264,0.004202775655437474,0.6022304832713755,0.021184433066745143,290,0.003643081067635123,0.003960818541966726,0.5862068965517241,0.021164356787361543,0.00016247781133810332,0.09064513563613945,0.927774566480803
legacy,nq,noncommercial,long_oi_pct_change,1w_post_release,269,0.0038174022117177173,0.005445198586286226,0.5985130111524164,0.02892198619339257,290,0.004561998073651835,0.004858181209574597,0.5689655172413793,0.02779502760054468,-0.0007445958619341176,-0.30988243962649,0.756650357089359
legacy,nq,noncommercial,long_oi_pct_change,2w_post_release,268,0.008096873342776492,0.012516585198958041,0.6417910447761194,0.03813718723243532,290,0.008511143180568042,0.011397772353869184,0.6344827586206897,0.0384325360115563,-0.00041426983779154977,-0.12772277742588417,0.8983683639428732
legacy,nq,noncommercial,long_oi_pct_change,4w_post_release,267,0.015099896353236069,0.02434258795464972,0.6666666666666666,0.05621193036038775,288,0.01797431424724532,0.02194016261197307,0.6631944444444444,0.05573793357179803,-0.002874417894009251,-0.6043496286570811,0.5456112173900123
legacy,nq,noncommercial,long_oi_pct_change,13w_post_release,262,0.050456926786376616,0.053122555308823705,0.7633587786259542,0.09283747021770773,284,0.05541766519236617,0.06261319736758453,0.7746478873239436,0.0909703270280079,-0.004960738405989554,-0.6298335824375175,0.5288034712840644
legacy,nq,noncommercial,short_oi_pct_change,1d_post_release,270,0.0011893134571132552,0.002001532212375756,0.5962962962962963,0.01608363246764556,289,0.0009602643057349423,0.0015792136640311316,0.5847750865051903,0.012631506080193278,0.00022904915137831293,0.18638649104353827,0.852141685396927
legacy,nq,noncommercial,short_oi_pct_change,2d_post_release,270,0.0023508485056587653,0.0032327478982162594,0.6074074074074074,0.017846809533891155,289,0.002423218177819547,0.0029303917574288185,0.5916955017301038,0.016363830461761694,-7.236967216078154e-05,-0.049866042258513155,0.9602291379741166
legacy,nq,noncommercial,short_oi_pct_change,3d_post_release,270,0.0029799361378935055,0.004742584203771383,0.5851851851851851,0.022014006187861004,289,0.004413861905974869,0.0038430745724200577,0.6020761245674741,0.020333991132337595,-0.0014339257680813632,-0.7984050952505488,0.42463544740784176
legacy,nq,noncommercial,short_oi_pct_change,1w_post_release,270,0.0049752649076534525,0.0072287055841324666,0.6037037037037037,0.029313385130605493,289,0.003482834294964242,0.0035997045568987307,0.5640138408304498,0.02739053076615259,0.0014924306126892104,0.6208504783527184,0.534698006938072
legacy,nq,noncommercial,short_oi_pct_change,2w_post_release,270,0.008322855768735328,0.012561338458664806,0.6370370370370371,0.040303483362258606,288,0.008302161530105184,0.011299357261324916,0.6388888888888888,0.03630471236529319,2.0694238630143344e-05,0.006358378129341067,0.9949267824430373
legacy,nq,noncommercial,short_oi_pct_change,4w_post_release,269,0.017919283359935884,0.02610675520615824,0.6877323420074349,0.057471362259819816,286,0.015342614005936811,0.018625933152130347,0.6433566433566433,0.054520604220605465,0.0025766693539990733,0.5411452043418934,0.5884075026110431
legacy,nq,noncommercial,short_oi_pct_change,13w_post_release,266,0.05447633866227278,0.05753329556850828,0.7744360902255639,0.09330555082998228,280,0.05167009160177896,0.05251996317944585,0.7642857142857142,0.09053227164827148,0.002806247060493816,0.35639142713956945,0.7215474486222744
legacy,nq,commercial,net_oi_pct_change,1d_post_release,272,0.001089818326183765,0.0019511142319641461,0.625,0.015912926857288144,287,0.001052963181379767,0.0015718733288505593,0.5574912891986062,0.012808677052694745,3.6855144803998137e-05,0.030065996040895618,0.9760144196922315
legacy,nq,commercial,net_oi_pct_change,2d_post_release,272,0.0027811895519056665,0.0033115484601192735,0.6176470588235294,0.01792937307199654,287,0.0020158731421580987,0.002293849967496042,0.5818815331010453,0.016258469847643984,0.0007653164097475677,0.5277561146505955,0.5976686201960002
legacy,nq,commercial,net_oi_pct_change,3d_post_release,272,0.0030639065532103125,0.004587430185898689,0.5919117647058824,0.022159482044490243,287,0.004344272702385988,0.0038430745724200577,0.5958188153310104,0.020176412456306896,-0.001280366149175675,-0.713107517450099,0.47577922806753814
legacy,nq,commercial,net_oi_pct_change,1w_post_release,272,0.004194728685898945,0.007234031358013704,0.5955882352941176,0.029526576394563506,287,0.004212175727340018,0.0034555075109437006,0.5714285714285714,0.027178657202561005,-1.744704144107309e-05,-0.007257633039971128,0.9942092974853203
legacy,nq,commercial,net_oi_pct_change,2w_post_release,272,0.007726213726882778,0.012049773991796964,0.6286764705882353,0.040703568356026,286,0.008869452603205303,0.010981765803870669,0.6468531468531469,0.03583888415498959,-0.0011432388763225254,-0.3514398338069668,0.7252584027733666
legacy,nq,commercial,net_oi_pct_change,4w_post_release,271,0.01788381111977108,0.024532189724473685,0.6789667896678967,0.059180478070592124,284,0.015358316957967324,0.020919344231951298,0.6514084507042254,0.052726411313146475,0.0025254941618037575,0.5299218379643746,0.5961661244217697
legacy,nq,commercial,net_oi_pct_change,13w_post_release,267,0.05567818180390491,0.0631942726889887,0.7715355805243446,0.09614408946580108,279,0.0505098824050898,0.05080645945611728,0.7670250896057348,0.08758119578845758,0.005168299398815107,0.6557759984489274,0.5119682616308048
legacy,nq,commercial,long_oi_pct_change,1d_post_release,280,0.0009022902706603168,0.0017128126505584484,0.6107142857142858,0.015798448782424163,279,0.0012401066021257652,0.0019146159582401623,0.5698924731182796,0.012848467249805071,-0.0003378163314654484,-0.2773936910323518,0.7814778254574524
legacy,nq,commercial,long_oi_pct_change,2d_post_release,280,0.002744883458870247,0.0025283940978177988,0.5928571428571429,0.017506650111209773,279,0.002030364808007335,0.0034844621566172407,0.6057347670250897,0.016666284859107476,0.0007145186508629121,0.4942245497160345,0.6211476037490081
legacy,nq,commercial,long_oi_pct_change,3d_post_release,280,0.002767208307217643,0.0032377297985786146,0.5607142857142857,0.022470666888666398,279,0.004678747390813777,0.004714549043845828,0.6272401433691757,0.019741330230983987,-0.0019115390835961338,-1.0685543093147696,0.2852705461554066
legacy,nq,commercial,long_oi_pct_change,1w_post_release,280,0.003488360361411794,0.004081174087241846,0.5571428571428572,0.028892551586967827,279,0.00492157611152615,0.006220821385406472,0.6093189964157706,0.02776667124599298,-0.0014332157501143559,-0.5979651514315691,0.549863185964375
legacy,nq,commercial,long_oi_pct_change,2w_post_release,280,0.008083674130713463,0.01135675597450947,0.6321428571428571,0.039513915308342515,278,0.008542319502262813,0.01210471384234546,0.6438848920863309,0.037018151743741935,-0.00045864537154934916,-0.14150369866381796,0.88747203833315
legacy,nq,commercial,long_oi_pct_change,4w_post_release,277,0.017652992441907406,0.02224184277007213,0.6570397111913358,0.057651464403316616,278,0.015533798284576728,0.023248218071862947,0.6726618705035972,0.054252799089883265,0.0021191941573306776,0.4459087067525059,0.6556631926914975
legacy,nq,commercial,long_oi_pct_change,13w_post_release,273,0.054658508324211305,0.0631942726889887,0.7655677655677655,0.0984168308899597,273,0.051415966887007246,0.05227096893102767,0.7728937728937729,0.08486281712019655,0.0032425414372040592,0.4122714615363597,0.6801404637524915
legacy,nq,commercial,short_oi_pct_change,1d_post_release,279,0.0010086273370722692,0.0016986548839563742,0.5806451612903226,0.013300326450567874,280,0.0011329428240529076,0.001784365157688872,0.6,0.01542294335239489,-0.00012431548698063838,-0.10206363971982867,0.9187061615558143
legacy,nq,commercial,short_oi_pct_change,2d_post_release,279,0.0023496398652076444,0.002219534199502382,0.5734767025089605,0.016304571036044043,280,0.002426748669731367,0.0034546112662949824,0.625,0.017849896744290564,-7.710880452372259e-05,-0.053327676964462875,0.9574708285424549
legacy,nq,commercial,short_oi_pct_change,3d_post_release,279,0.004558853746393662,0.004168384102966494,0.6057347670250897,0.021245846392290164,280,0.0028866737600505427,0.004307934898601706,0.5821428571428572,0.021069306835954663,0.0016721799863431194,0.9342977255931745,0.35015033722307365
legacy,nq,commercial,short_oi_pct_change,1w_post_release,279,0.002582150510157389,0.0024575959437478367,0.5483870967741935,0.028193728766463474,280,0.005819430871347095,0.007234031358013704,0.6178571428571429,0.028403281669870266,-0.0032372803611897057,-1.3523587952673637,0.1762605641150051
legacy,nq,commercial,short_oi_pct_change,2w_post_release,278,0.005882891346219346,0.007702154072291245,0.6007194244604317,0.0383818268618731,280,0.010724106371356621,0.014460550340131828,0.675,0.03804802415924712,-0.004841215025137275,-1.4962174970480582,0.13459698640777576
legacy,nq,commercial,short_oi_pct_change,4w_post_release,276,0.014465125603469369,0.016520122448594687,0.6413043478260869,0.056527660749020776,279,0.018694982662950308,0.026164313746204426,0.6881720430107527,0.05536222955277304,-0.004229857059480939,-0.8904857731798456,0.37320510421925934
legacy,nq,commercial,short_oi_pct_change,13w_post_release,272,0.04922357776294756,0.0500414618948164,0.75,0.09375741768752685,274,0.05682306051511289,0.060533825395001295,0.7883211678832117,0.08986677923605234,-0.007599482752165335,-0.9667548967529017,0.3336665766875548
legacy,nq,total_reportable,net_oi_pct_change,1d_post_release,289,0.0011528362325173439,0.002298936077887559,0.6020761245674741,0.014186547072392568,270,0.0009831901725202402,0.0015527272495100553,0.5777777777777777,0.014630337454965031,0.00016964605999710372,0.13901862680192698,0.8894354299128056
legacy,nq,total_reportable,net_oi_pct_change,2d_post_release,289,0.0030560854642502485,0.0038056785550624195,0.6193771626297578,0.017490985662175402,270,0.0016734461138866435,0.0021388846627728997,0.5777777777777777,0.016633231732235337,0.001382639350363605,0.9579328763678356,0.33809660706883826
legacy,nq,total_reportable,net_oi_pct_change,3d_post_release,289,0.0036473899337878643,0.004271446373498078,0.5882352941176471,0.022036130535924466,270,0.0038003450266418178,0.004105953233475179,0.6,0.020210330871841986,-0.00015295509285395345,-0.0855974828731077,0.9317863994933872
legacy,nq,total_reportable,net_oi_pct_change,1w_post_release,289,0.004468551136368438,0.004554236496336461,0.5778546712802768,0.028816591427893314,270,0.003920182807039332,0.005558403594299266,0.5888888888888889,0.02782908656351678,0.0005483683293291053,0.2288505214626848,0.8189850981430931
legacy,nq,total_reportable,net_oi_pct_change,2w_post_release,289,0.00965235089300059,0.014348984801569431,0.657439446366782,0.039444078194284485,269,0.0068723575098574765,0.010136092468307156,0.6171003717472119,0.036958716979771426,0.002779993383143114,0.8595066248109003,0.3900610666083941
legacy,nq,total_reportable,net_oi_pct_change,4w_post_release,287,0.018536996005787787,0.02434258795464972,0.6724738675958188,0.057424319576974026,268,0.014508048417386524,0.02230619869257111,0.6567164179104478,0.05432337480687858,0.004028947588401263,0.849357245805876,0.39568253575948625
legacy,nq,total_reportable,net_oi_pct_change,13w_post_release,283,0.05890312184330555,0.05945208610282182,0.7667844522968198,0.09866859759290547,263,0.046725278520939904,0.05324302691873828,0.7718631178707225,0.08355712367329926,0.012177843322365649,1.5598809700778915,0.11878801230848086
legacy,nq,total_reportable,long_oi_pct_change,1d_post_release,279,0.0011399680164841093,0.0017269704171605227,0.6057347670250897,0.014058125119613168,280,0.0010020712184961097,0.0017077587560673235,0.575,0.0147379614818203,0.00013789679798799966,0.1131939603893425,0.9098767838055488
legacy,nq,total_reportable,long_oi_pct_change,2d_post_release,279,0.001860836639474007,0.0029806702577759303,0.5913978494623656,0.01649927097870733,280,0.0029138061696588127,0.0033050719760516767,0.6071428571428571,0.017655095973227165,-0.0010529695301848057,-0.7285384804946846,0.4662840218627325
legacy,nq,total_reportable,long_oi_pct_change,3d_post_release,279,0.002483812317672907,0.0027042456656951597,0.5627240143369175,0.020982533982305186,280,0.004954304326525867,0.005886393918084654,0.625,0.021291748699149137,-0.00247049200885296,-1.3816768478959458,0.16707094625664853
legacy,nq,total_reportable,long_oi_pct_change,1w_post_release,279,0.0028947838540321217,0.0035997045568987307,0.5555555555555556,0.027240364627305433,280,0.005507914075129058,0.005879540977081432,0.6107142857142858,0.029346803868095947,-0.0026131302210969367,-1.0911299909180365,0.27521568785671635
legacy,nq,total_reportable,long_oi_pct_change,2w_post_release,278,0.007639403154763168,0.013229362606501871,0.6438848920863309,0.03909188465204213,280,0.008980141075730969,0.010780737716458821,0.6321428571428571,0.03746805874533127,-0.001340737920967801,-0.413548012020222,0.6792051536354962
legacy,nq,total_reportable,long_oi_pct_change,4w_post_release,275,0.01893639148246659,0.025250726323152728,0.6872727272727273,0.05418121457427912,280,0.014288454185151322,0.02162592370029992,0.6428571428571429,0.05760829468154216,0.004647937297315269,0.9792734034627549,0.3274449081917358
legacy,nq,total_reportable,long_oi_pct_change,13w_post_release,272,0.05440745216825804,0.05557094004728402,0.7573529411764706,0.09310889732926222,274,0.05167702460911123,0.056485524372343,0.781021897810219,0.0906724044024684,0.0027304275591468127,0.34710709776763465,0.728510861383761
legacy,nq,total_reportable,short_oi_pct_change,1d_post_release,275,0.0011816959169800812,0.001942130058151914,0.610909090909091,0.015509654046001554,284,0.0009636078894663903,0.0015103784552843447,0.5704225352112676,0.013242474409243242,0.00021808802751369094,0.17853287267130163,0.8583045072145102
legacy,nq,total_reportable,short_oi_pct_change,2d_post_release,275,0.0019353581270818358,0.002219534199502382,0.5781818181818181,0.01662443827860722,284,0.002826815721726094,0.0035347567769614674,0.6197183098591549,0.017529559922659976,-0.0008914575946442583,-0.6170801066797749,0.5371818894099213
legacy,nq,total_reportable,short_oi_pct_change,3d_post_release,275,0.002988843496670519,0.0030262089734314213,0.5927272727272728,0.021368512541396708,284,0.00443048199462532,0.005000953400455588,0.5950704225352113,0.02095984097433821,-0.0014416384979548005,-0.8049833028378355,0.42082931516618316
legacy,nq,total_reportable,short_oi_pct_change,1w_post_release,275,0.0023663219705422106,0.0025034711365714557,0.5272727272727272,0.02880773126288706,284,0.0059828242760985575,0.006681082461581722,0.6373239436619719,0.027774285921736416,-0.003616502305556347,-1.5102883490945516,0.1309698633379165
legacy,nq,total_reportable,short_oi_pct_change,2w_post_release,274,0.006084425477551106,0.010394643168290862,0.6131386861313869,0.03796060950736178,284,0.010461482385140242,0.013695462115901558,0.6619718309859155,0.03848564972770617,-0.004377056907589136,-1.352435362742745,0.17623608324243759
legacy,nq,total_reportable,short_oi_pct_change,4w_post_release,273,0.01649477524932674,0.023783481929830153,0.673992673992674,0.055185345039207856,282,0.016685110590264122,0.022052015979112882,0.6560283687943262,0.056748006412470554,-0.0001903353409373823,-0.040059480548780564,0.968045705690945
legacy,nq,total_reportable,short_oi_pct_change,13w_post_release,270,0.05003440056895053,0.05557094004728402,0.7666666666666667,0.0883223186117147,276,0.0559747955762537,0.0576562063768018,0.7717391304347826,0.09518621429345993,-0.005940395007303166,-0.7561429475034483,0.4495634947417537
legacy,nq,nonreportable,net_oi_pct_change,1d_post_release,270,0.0009831901725202402,0.0015527272495100553,0.5777777777777777,0.014630337454965031,289,0.0011528362325173439,0.002298936077887559,0.6020761245674741,0.014186547072392568,-0.00016964605999710372,-0.13901862680192698,0.8894354299128056
legacy,nq,nonreportable,net_oi_pct_change,2d_post_release,270,0.0016734461138866435,0.0021388846627728997,0.5777777777777777,0.016633231732235337,289,0.0030560854642502485,0.0038056785550624195,0.6193771626297578,0.017490985662175402,-0.001382639350363605,-0.9579328763678356,0.33809660706883826
legacy,nq,nonreportable,net_oi_pct_change,3d_post_release,270,0.0038003450266418178,0.004105953233475179,0.6,0.020210330871841986,289,0.0036473899337878643,0.004271446373498078,0.5882352941176471,0.022036130535924466,0.00015295509285395345,0.0855974828731077,0.9317863994933872
legacy,nq,nonreportable,net_oi_pct_change,1w_post_release,270,0.003920182807039332,0.005558403594299266,0.5888888888888889,0.02782908656351678,289,0.004468551136368438,0.004554236496336461,0.5778546712802768,0.028816591427893314,-0.0005483683293291053,-0.2288505214626848,0.8189850981430931
legacy,nq,nonreportable,net_oi_pct_change,2w_post_release,269,0.0068723575098574765,0.010136092468307156,0.6171003717472119,0.036958716979771426,289,0.00965235089300059,0.014348984801569431,0.657439446366782,0.039444078194284485,-0.002779993383143114,-0.8595066248109003,0.3900610666083941
legacy,nq,nonreportable,net_oi_pct_change,4w_post_release,268,0.014508048417386524,0.02230619869257111,0.6567164179104478,0.05432337480687858,287,0.018536996005787787,0.02434258795464972,0.6724738675958188,0.057424319576974026,-0.004028947588401263,-0.849357245805876,0.39568253575948625
legacy,nq,nonreportable,net_oi_pct_change,13w_post_release,263,0.046725278520939904,0.05324302691873828,0.7718631178707225,0.08355712367329926,283,0.05890312184330555,0.05945208610282182,0.7667844522968198,0.09866859759290547,-0.012177843322365649,-1.5598809700778915,0.11878801230848086
legacy,nq,nonreportable,long_oi_pct_change,1d_post_release,281,0.0009981368946485084,0.0016097588146828379,0.5729537366548043,0.014711767980409327,278,0.0011444408287113177,0.001811340439320852,0.6079136690647482,0.014083279054542585,-0.00014630393406280928,-0.12011169435016461,0.9043946687082368
legacy,nq,nonreportable,long_oi_pct_change,2d_post_release,281,0.0029060342959454414,0.0032681496035309454,0.608540925266904,0.017624022352608782,278,0.001864904722147649,0.0029872232913906727,0.5899280575539568,0.016528886049665643,0.0010411295737977923,0.7204904924924325,0.47122305142613485
legacy,nq,nonreportable,long_oi_pct_change,3d_post_release,281,0.004917216656503683,0.0058500815226434355,0.6227758007117438,0.021262784637546734,278,0.0025124135524476564,0.0027273233829278043,0.564748201438849,0.02101492537273549,0.002404803104056027,1.3448502214589715,0.17867360819145936
legacy,nq,nonreportable,long_oi_pct_change,1w_post_release,281,0.005420697214466662,0.005646312865994929,0.608540925266904,0.029330812531430318,278,0.002973542154841605,0.003924994714052166,0.5575539568345323,0.027257649426744756,0.002447155059625057,1.021944435306808,0.30680719972805803
legacy,nq,nonreportable,long_oi_pct_change,2w_post_release,281,0.009025522392014835,0.010887283811543247,0.6334519572953736,0.03740882738220115,277,0.007588526303511419,0.013078735257693097,0.6425992779783394,0.03915341767693113,0.0014369960885034158,0.44316275746040734,0.657648014672063
legacy,nq,nonreportable,long_oi_pct_change,4w_post_release,281,0.014350663415351659,0.021631064651744136,0.6441281138790036,0.05751478529093257,274,0.01888955624017104,0.024891458023813207,0.6861313868613139,0.0542747796670593,-0.004538892824819382,-0.9563942542545738,0.3388730865030153
legacy,nq,nonreportable,long_oi_pct_change,13w_post_release,275,0.05140086307007027,0.05645303392812395,0.7781818181818182,0.09062258233746577,271,0.054697765270824136,0.05581415341190965,0.7601476014760148,0.09315774594500008,-0.0032969022007538692,-0.41908924406100384,0.6751509111677275
legacy,nq,nonreportable,short_oi_pct_change,1d_post_release,284,0.0009636078894663903,0.0015103784552843447,0.5704225352112676,0.013242474409243242,275,0.0011816959169800812,0.001942130058151914,0.610909090909091,0.015509654046001554,-0.00021808802751369094,-0.17853287267130163,0.8583045072145102
legacy,nq,nonreportable,short_oi_pct_change,2d_post_release,284,0.002826815721726094,0.0035347567769614674,0.6197183098591549,0.017529559922659976,275,0.0019353581270818358,0.002219534199502382,0.5781818181818181,0.01662443827860722,0.0008914575946442583,0.6170801066797749,0.5371818894099213
legacy,nq,nonreportable,short_oi_pct_change,3d_post_release,284,0.00443048199462532,0.005000953400455588,0.5950704225352113,0.02095984097433821,275,0.002988843496670519,0.0030262089734314213,0.5927272727272728,0.021368512541396708,0.0014416384979548005,0.8049833028378355,0.42082931516618316
legacy,nq,nonreportable,short_oi_pct_change,1w_post_release,284,0.0059828242760985575,0.006681082461581722,0.6373239436619719,0.027774285921736416,275,0.0023663219705422106,0.0025034711365714557,0.5272727272727272,0.02880773126288706,0.003616502305556347,1.5102883490945516,0.1309698633379165
legacy,nq,nonreportable,short_oi_pct_change,2w_post_release,284,0.010461482385140242,0.013695462115901558,0.6619718309859155,0.03848564972770617,274,0.006084425477551106,0.010394643168290862,0.6131386861313869,0.03796060950736178,0.004377056907589136,1.352435362742745,0.17623608324243759
legacy,nq,nonreportable,short_oi_pct_change,4w_post_release,282,0.016685110590264122,0.022052015979112882,0.6560283687943262,0.056748006412470554,273,0.01649477524932674,0.023783481929830153,0.673992673992674,0.055185345039207856,0.0001903353409373823,0.040059480548780564,0.968045705690945
legacy,nq,nonreportable,short_oi_pct_change,13w_post_release,276,0.0559747955762537,0.0576562063768018,0.7717391304347826,0.09518621429345993,270,0.05003440056895053,0.05557094004728402,0.7666666666666667,0.0883223186117147,0.005940395007303166,0.7561429475034483,0.4495634947417537
